:020000040000FA
:10000000FC0F0020D5000000D9000000DB0000003C
:10001000DD000000DF000000E10000000000000043
:10002000000000000000000000000000E3000000ED
:10003000E500000000000000E700000025030020AC
:10004000EB000000EB000000890E0000C50E000070
:100050002F0300205D0E0000650E00007D050000EE
:10006000EB000000EB0000005D0F0000EB00000063
:10007000EB0000000505000007050000EB00000094
:100080006D0D0000EB000000EB0000007F0500009C
:10009000EB000000EB000000EB000000EB000000B4
:1000A000EB000000EB000000EB000000EB000000A4
:1000B00081050000EB000000FD04000009050000C0
:1000C0000348854600F0F0F9004800475514000049
:1000D000FC0F002005480047FEE7FEE7FEE7FEE7CD
:1000E000FEE7FEE7FEE7FEE7FEE7FEE7C1000000F1
:1000F00030B50B46014600202022012409E00D46C0
:10010000D5409D4205D31D469540491B2546954047
:1001100040191546521E002DF1DC30BD0321001D93
:10012000401E037812021A43491EF9D51046704743
:10013000F8B502464A40D40F42004B0052085B0813
:100140009A4202D20246084611464A0023D0C30D05
:100150004A00DDB2120EAD1A202D35DA4902012611
:10016000490AF6058A19002C00D0524220214F1B63
:100170001146B9402A411018C20D9A4221D0002CD4
:1001800017D0012D08DCDA05801AD20F8019D207AA
:10019000DBB200F0F0F8F8BDDA05801A0123400068
:1001A0001B06C01880185A428018CA0F1043490015
:1001B00007E04908C2071143DA05801A8019400890
:1001C000801800F0D0F8F8BD61000122511A001B20
:1001D000F7E70122D2075140AAE70122D207504097
:1001E000A6E70000F0B51FB488B00B990998002469
:1001F00048400999C00F490049080991C0070B9967
:100200000090490049080B9109990898A6460843AF
:100210001CD00B990A98084318D009980124400073
:10022000420D4800410D099824050003000B2043AE
:1002300009900B980003000B20430B9050181C49A9
:100240004018002201901446104605E000200146A7
:100250000DB0F0BD032801DA034600E003239C46FD
:10026000C11A0AAE0AE05F0008ADED5B4F00F75B14
:100270007D430027AA187C41491C5B1E6145F2DDC5
:10028000410004AB5A522104120C0A43240C401CB6
:100290000828DFDB019802900099704601910090D8
:1002A000059B049A0799069800F0ABF8D0E7000088
:1002B0000DFCFFFF0EB5C217C10F5040CA07401812
:1002C0000021054B0293019200910A460B4600F073
:1002D00098F803B000BD00003304000070B5CD0FE6
:1002E0004A0009030123090B1B0519430B4BED07BA
:1002F0000024520D9A4201DA002070BD074B3433BE
:100300009A4203DC9A1A00F01DF802E004495118E1
:1003100088402C43F1D0404270BD0000FF03000034
:10032000CDFBFFFF10B5202A04DB0146203A9140A7
:10033000002010BD914020239C1A0346E34019433E
:10034000904010BD10B5202A04DB0846203AD0406A
:10035000002110BD0B46D340D0402024A21A91406A
:100360000843194610BD002904DA401C490001D198
:1003700040084000704770B40024050C05D11024DB
:10038000000402D1002921D01124050E01D1000260
:100390000834050F01D10001241D850F01D1800013
:1003A000A41C002801DB4000641C002908D0202583
:1003B0002E1B0D46F540A14000D0012129430843E2
:1003C00001061B1B000ADB1D02D5002070BC704714
:1003D000DB05181880180029F8DA401C4900F5D10F
:1003E00070BC40084000704710B5002B08DA0024AC
:1003F000401C614192185B411A4301D14008400002
:1004000010BDF0B51FB482B005460C0003D00846FD
:1004100000F0B4FD02E000F0B1FD20300246009093
:1004200021462846FFF77EFF049B059A04460F46A7
:1004300018431143084314D0184610431BD00098AA
:1004400040210A1A18460599FFF77CFF05460E461B
:10045000009A05990498FFF765FF084305D001202D
:1004600004E02046394607B0F0BD0020C11705431F
:100470000E432C43374300990E986305401A7905C3
:10048000E40A00220C43FD0A0A3002D5002001468E
:10049000E9E70105101969410C9C0D9D001969419E
:1004A000FFF7A2FFDFE70000064C0125064E05E03E
:1004B000E36807CC2B430C3C98471034B442F7D385
:1004C000FFF702FEB41C0200E41C020003B4014862
:1004D000019001BD3D03002003B40148019001BD1E
:1004E000A503002003B40148019001BDA903002029
:1004F00003B40148019001BDC103002010B500F014
:1005000041FE10BD704770477047000008B50D48A8
:1005100001684022114300910160416912031143B7
:1005200000914161009952101143009141610420F2
:1005300000F060FF0021042000F064FF042000F0C0
:10054000A9FB08BD0060004010B50B490A78002ADD
:1005500010D04A780C235A435218121D1CCA1CC0D2
:100560004878401C8007800F48700878401E08704B
:10057000012010BD002010BDB00000207047704762
:1005800070470000F8B51C4615460E46074601F0B8
:1005900033F8014606480269426900924660876066
:1005A000C560069A14430460084601F028F8F8BDB7
:1005B00000600040F8B506460F463048FFF798FD4A
:1005C0004407C508640F39462D48FFF791FD0A21FD
:1005D000FFF78EFD002780220123002E18D0012E68
:1005E0002BD0022E48D127484760C6681643C66004
:1005F000EEB206602D042D0E4560E6076508F60F85
:100600003419E4002C19113484621E4C403428E063
:100610001D484760C6681643C660EEB206602D04EA
:100620002D0E4560E6076508F60F3419E4002C1915
:1006300011348462144C403413E014484760C66897
:100640001643C660EEB206602D042D0E4560E60727
:100650006508F60F3419E4002C19113484620B4C30
:100660004034E5682D092D010D43E560C1689143D3
:10067000C160072181604360F8BD0000809698004A
:1006800000E1F5050040004000100040003000404F
:1006900001484068704700000C00002038B5002574
:1006A000174C1648009520602068A114084320606C
:1006B000144800F0EAFC144906E00098421C00923D
:1006C000884201D9002038BD6068C002F5D50F48C6
:1006D000009500F0DAFC206A256080B27D21C90017
:1006E00048430B49FFF704FDFFF7E4FD094A0A4BB5
:1006F000FFF778FDFFF7F2FD80B238BD20800100E2
:100700000060014000002041B80B00000000A04143
:10071000FF0F00006666666666661A40F8B500223E
:1007200019491A4B01240F25194E00280DD0012814
:100730000AD1184841608160C3608168C168009136
:100740000261C46045604660F8BD13484160416085
:100750000D4FDF3787608160C360C3608168816847
:10076000C168C168009102610261C460C4604560F3
:10077000456007491039416046604160044930399D
:100780004160C260F8BD0000785600007935000075
:10079000BB0F010000D0014000B0014038B5144645
:1007A00001220D461146104600F012FE0848074986
:1007B000416002210091002322462946FFF7E2FE14
:1007C0007D20C000FFF782FE38BD00008B0F0100C6
:1007D00000B0014038B5144601220D4611461046BE
:1007E00000F0F6FD08480749416003210091042309
:1007F00022462946FFF7C6FE7D20C000FFF766FEB1
:1008000038BD00009B0F010000B0014038B5144610
:1008100001220D461146104600F0DAFD084807494E
:10082000416002210091082322462946FFF7AAFED3
:100830007D20C000FFF74AFE38BD0000AB0F01006D
:1008400000B0014038B5144601220D46114610464D
:1008500000F0BEFD084807494160022100910023D5
:1008600022462946FFF78EFE7D20C000FFF72EFEB0
:1008700038BD00008B0F010000B0014010B51521FC
:100880000E2000F091FC13210D2000F08DFC1121B1
:100890000C2000F089FC0221012000F07BFD0121E9
:1008A000084600F077FD0021012000F073FD10BD27
:1008B00010B5012204461146104600F089FD034898
:1008C00001494160046010BD9B0F010000B0014070
:1008D00010B5054C2046FFF7FFFD0D2189010143AE
:1008E0002046FFF7FFFD10BD2800024010B5FFF7BE
:1008F000C5FF00F054F9782000F027FCFF2000F03D
:1009000095F9A52000F082F93E2000F08FF908202B
:1009100000F07CF93A2000F089F9652000F076F9C2
:10092000822000F083F9002000F070F9982000F098
:100930007DF9002000F06AF9632000F077F90F20BC
:1009400000F064F9642000F071F90F2000F05EF906
:10095000B42000F06BF9342000F058F9B52000F015
:1009600065F9302000F052F9832000F05FF9032090
:1009700000F04CF9862000F059F9042000F046F907
:10098000872000F053F9162000F040F9882000F08D
:100990004DF9282000F03AF9892000F047F92F207E
:1009A00000F034F9932000F041F9632000F02EF9B3
:1009B000962000F03BF9812000F028F9C32000F0D8
:1009C00035F9112000F022F9E62000F02FF900207F
:1009D00000F01CF9992000F029F9012000F016F927
:1009E000442000F023F9002000F010F9702000F0FE
:1009F0001DF9022000F00AF9712000F017F90E200D
:100A000000F004F9722000F011F90A2000F0FEF85D
:100A1000732000F00BF9122000F0F8F8742000F0B9
:100A200005F9192000F0F2F8752000F0FFF81D20FC
:100A300000F0ECF8762000F0F9F8462000F0E6F837
:100A4000772000F0F3F80B2000F0E0F8782000F0B9
:100A5000EDF80E2000F0DAF8792000F0E7F83D20FC
:100A600000F0D4F87A2000F0E1F8052000F0CEF88C
:100A70007B2000F0DBF8072000F0C8F87C2000F0B5
:100A8000D5F8122000F0C2F87D2000F0CFF80B203E
:100A900000F0BCF87E2000F0C9F80B2000F0B6F89A
:100AA0007F2000F0C3F8082000F0B0F8A02000F08C
:100AB000BDF81E2000F0AAF8A12000F0B7F83F20F2
:100AC00000F0A4F8A22000F0B1F80A2000F09EF88F
:100AD000A32000F0ABF80D2000F098F8A42000F05F
:100AE000A5F8082000F092F8A52000F09FF8232038
:100AF00000F08CF8A62000F099F83D2000F086F870
:100B0000A72000F093F8042000F080F8A82000F05F
:100B10008DF8092000F07AF8A92000F087F830203D
:100B200000F074F8AA2000F081F80A2000F06EF8B6
:100B3000AB2000F07BF80E2000F068F8AC2000F04D
:100B400075F80E2000F062F8AD2000F06FF8072075
:100B500000F05CF8AE2000F069F82D2000F056F8A7
:100B6000AF2000F063F8102000F050F8FF2000F0F4
:100B70005DF8002000F04AF8112000F057F89620A8
:100B800000F0E3FA362000F051F8082000F03EF8BB
:100B9000292000F04BF80A2000F0D7FA10BD10B55C
:100BA00001210022084600F013FC642000F0CDFA79
:100BB00000221146012000F00BFCFF20F53000F070
:100BC000C4FA01210022084600F002FC322000F0A5
:100BD000BCFA10BDF8B504461D4616460F462A203D
:100BE00000F024F82046FFF763FE3046FFF760FE72
:100BF0002B2000F01BF83846FFF75AFE2846FFF777
:100C000057FE2C2000F012F8F8BD000010B50122AC
:100C100004461146104600F0DBFB034801494160E1
:100C2000046010BD8B0F010000B0014010B50446F8
:100C300001220021104600F0CBFB0348014941602E
:100C4000046010BD8B0F010000B0014038B50122D7
:100C50000C4605461146104600F0BAFB0648054909
:100C6000416002210091002322462946FFF78AFCB9
:100C700038BD00008B0F010000B00140002805DBEB
:100C8000C106C90E01208840014908607047000074
:100C900080E200E0002805DBC106C90E0120884083
:100CA000014908607047000000E100E08307FF226F
:100CB000DB0E9A400907090E994000280BDA00075D
:100CC000000F0838830808489B001818C36993432D
:100CD0000B43C3617047830804489B001B181868C6
:100CE000904308431860704700ED00E000E400E026
:100CF00070B50020FFF7F0FB0420FFF7EDFB0820A4
:100D0000FFF7EAFB0C20FFF7E7FB1020FFF7E4FBFF
:100D10002020FFF7E1FB2420FFF7DEFB2820FFF770
:100D2000DBFB2C20FFF7D8FB3020FFF7D5FB0C4E68
:100D30003046FFF7D1FB0B4D10206C680443214671
:100D40003046FFF7CFFB361F30466C60FFF7C4FB21
:100D5000054C30462146FFF7C5FB2C6070BD0000F6
:100D600024000240000000209D78869D10B500F010
:100D7000F7F910BDF0B586469020414300228C461D
:100D800080255000101861460F18002330201446AB
:100D90004443D8080C493E18885D5907490F2E4630
:100DA000CE40304207D05E000721A619704681551B
:100DB000E021764471705B1CDBB2182BE9D3521C26
:100DC000D2B2302ADDD3F0BD80F40100F0B50022AC
:100DD0000C4D802300211601AF5C1C46CC402742FD
:100DE00006D04C00072734190755E02724186770F0
:100DF000491CC9B20829EFD3521CD2B2202AE9D328
:100E0000F0BD000020FA0100094910B5401E8842DB
:100E100001D9012010BD074C60610021481EFFF779
:100E200045FF0020A06107202061002010BD0000C8
:100E3000FFFFFF0000E000E010B5FFF759FF00F0F2
:100E4000A9F91F2000F0D6FA00211F2000F0DAFADD
:100E50001F2000F0D3FAFFF74BFB10BD10B500F0D8
:100E60000BF810BD10B500F083FA10BD704710B537
:100E70005A2000F043FC10BD08B50248C06800903D
:100E800008BD00000010014010B500F001F810BDD1
:100E900008B50B4881680907090FCA070FD1022955
:100EA0000CD0042907D0062908D14169C9B20A0724
:100EB00001D5890702D401786A461170806808BD9F
:100EC0000010004010B500F001F810BD08B50B4847
:100ED00081680907090FCA070FD102290CD004291C
:100EE00007D0062908D14169C9B20A0701D5890787
:100EF00002D401786A461170806808BD0030004055
:100F0000F8B5FF23013300261A43104F01250028AE
:100F100018D0012818D0022813D10D4C66606560E6
:100F20006660E2606762226926612361FF23033302
:100F30002361920602D5FF2223322261FFF73AFB9A
:100F40006560F8BD034CE9E7034CE7E701020000E8
:100F500000400040001000400030004005480449B7
:100F60000160054A0121D160002101607047000045
:100F700051E5CC1A004C0140004001402021020CF8
:100F800001D010211046020A01D01046083902098A
:100F900001D01046091F820801D01046891E420860
:100FA00001D0881E7047081A704730B47446641E1A
:100FB0002578641CAB4200D21D46635D5B00E318DC
:100FC00030BC184702E008C8121F08C1002AFAD135
:100FD00070477047002001E001C1121F002AFBD1B9
:100FE000704770B504690D46A0680168A94219D818
:100FF0008188A94216D36169A94201D1A06904E0A0
:10100000018AAAB2806800F05EF8411C0AD06168CB
:10101000C20065618918A061096820680903090B8D
:10102000401870BD002070BD70B504690D46A06801
:1010300016460168B14226D88188B14223D361693E
:10104000B14201D1A06904E0018AB2B2806800F027
:101050003AF8411C17D06168C20066618918A06126
:101060000868000D28804879A880087968800620E3
:101070000856E880072008562881608A8004000FFF
:10108000A872012070BD002070BDF8B500247F2536
:10109000ED05009402E00099491C0091064629469E
:1010A000FFF797F87100090EF5D10094F8BD10B55F
:1010B0001E2000F09FF900211E2000F0A3F91E2041
:1010C00000F09CF910BD30B500230446491E0AE02B
:1010D000581840104500655B954201D9411E02E059
:1010E000954204D2431C8B42F2DD0020C04330BD48
:1010F0000021017041807D228180D200C2803F2288
:1011000012068260044AC2608161044AC1610261C0
:101110000162034941627047CDCCCC3D0AD7233CE4
:1011200000007A4402200021401EFDD20220491C0A
:101130006E2901D2801EF7E770470101002001E00F
:1011400000BF401C8842FBD3704710B50446002303
:1011500002E0FFF7E7FF5B1CA342FAD310BD0000DB
:1011600010B5074C2046FFF7B7F9102102460A4098
:101170000843102A03D101462046FFF7B3F910BDFA
:101180003C20004010B501210148FFF7ABF910BD2C
:101190000800024008B5034801692022114300916C
:1011A000016108BD0000014010B501246B4AE4054F
:1011B0000300FFF7FAFE190E202B2B2B2B33393FA0
:1011C000464D545B626970777E858C939AA9BBCB40
:1011D0002B000123002907D0012917D1506818439B
:1011E0005060106888438BE01068184310605068A6
:1011F0004008400086E00220022908D0032905D1DA
:1012000051680143516011688143116010BD11683C
:101210000143116051688143516010BD4020042991
:10122000F5D00529ECD010BD80200629EFD0072984
:10123000E6D010BDFF2001300829E8D00929DFD011
:1012400010BD012040020A29E1D00B29D8D010BDE1
:10125000012080020C29DAD00D29D1D010BD012047
:10126000C0020E29D3D00F29CAD010BD012000031F
:101270001029CCD01129C3D010BD01204003122960
:10128000C5D01329BCD010BD012080031429BED0C5
:101290001529B5D010BD0120C0031629B7D01729D4
:1012A000AED010BD012000041829B0D01929A7D054
:1012B00010BD012040041A29A9D01B29A0D010BDBF
:1012C000012080041C29A2D01D2999D010BD012025
:1012D000C0041E299BD01F2992D010BD01200005FB
:1012E000202994D021298BD010BD222928D0232950
:1012F000FAD15068012149050843506010688843BD
:10130000106010BD506010BD01239B05242907D03B
:101310002529F8D150681843506010689843EFE7CA
:1013200010681843106050689843EBE7262907D0EF
:101330002729E8D15068204350601068A043DFE7B8
:101340001068204310605068A043DBE701200006CE
:10135000282987D0292987D010BD00000003044028
:101360000248002101604160816070470003044031
:1013700008B5064801684A1C0260C82901DD002141
:1013800001600348C068009008BD00001400002000
:101390000020014030B50C4B0C4C002802D0012835
:1013A00002D003E01A6800E02268D2B201258D4025
:1013B000E9B20A43002802D0012802D002E01A60F4
:1013C00000E02260002030BD008401400094014014
:1013D00091400123921C9340002805D0012802D19E
:1013E00002481818016070470148FAE70090014070
:1013F0000080014000B5FFF741FC00BD00B5FFF7DC
:1014000049FC00BD00B5FFF751FC00BD70B51446A6
:101410005C43CB1882185B1E521E9BB292B2049D95
:10142000FFF7D8FBA2B229460020FFF70BFA70BDE8
:1014300070B514465C43CB1882185B1E521E9BB2DB
:1014400092B2049DFFF7C6FBA2B229460020FFF727
:10145000C1F970BD8CB0FFF7EFFCFFF728FEFFF776
:1014600037FAFFF77DFF21211420FFF79DFE25218C
:101470001620FFF799FE27211720FFF795FE22215E
:101480001520FFF791FE06210720FFF78DFE0020B3
:10149000FFF744F9FFF72AFA7F2300211A4608468E
:1014A000FFF798FBFFF732F8012464032246454911
:1014B0000020FFF7ABF94448FFF73FFE22464349BF
:1014C0000020FFF7A3F97D25AD012846FFF735FE83
:1014D00022463F490020FFF799F92846FFF72DFEE5
:1014E0000020694688850BA88023002100901A46B9
:1014F0000846FFF79DFF2846FFF71FFE57236D2282
:1015000027211420FFF766FB324A33490020FFF7FA
:1015100045F96D230A211A460846FFF75BFB2F4C5D
:101520002F4922460020FFF78DF92846FFF705FED8
:1015300000F038F9E1256D02032229460020FFF76B
:10154000DFFC032229460120FFF7DAFC09210820ED
:10155000FFF72AFE0B210920FFF726FE0D210A20A6
:10156000FFF722FE1F4800901F231F4A00211F483B
:1015700000F048F82046FFF747FC01A8FFF7B8FD48
:101580001B4C1C4D002000F055F820682860FFF728
:101590007FF806463221FEF7ABFD002901D1FFF7A7
:1015A00065FC64213046FEF7A3FD002901D1FFF759
:1015B00075F8C8213046FEF79BFD0029E2D1FFF700
:1015C00056FCDFE7602600001027000060A6000040
:1015D000602601007422000040FA0100204E000045
:1015E00060A60100480000205B4300000D140000CD
:1015F000100000202000002072B60020704762B664
:1016000070470000F0B50A4D084C059F2C6000257E
:1016100025806580F026A680E6802761A560E060D1
:10162000A182E2822383FF206083F0BDE4000020DA
:1016300028000020FEB500262E4C0096019602964A
:101640000746A1686068814253D0A0602A4D267089
:1016500022781420424350190169002906D0AA5863
:10166000A368D21A002A01DC066188472078142179
:10167000484340198168002912D04168A268891A3C
:1016800000290DDC01216A469170C16868468847CF
:1016900020781421484342199068A168401850608E
:1016A0002078401CC0B220700428D1D31CE02670E2
:1016B0002078142148434019C168002905D06846A4
:1016C0000088C00701D068468847684600884108FE
:1016D000684601802078401CC0B220700428E7D3FF
:1016E000002F01D06846B8476846FEF72DFF002856
:1016F000DDD1FEBD1C00002060000020F8B5274FA2
:10170000044664281BD352232D2223211620FFF7E1
:1017100061FA01212248FFF72DFB522345222321A4
:101720002E20FFF757FA00211D48FFF723FB522315
:101730005D2223214620FFF74DFA002129E0387869
:10174000642805D152235D2223211620FFF742FA97
:101750000A212046FEF7CCFC0D00064612D152238A
:10176000372223212020FFF735FA31460C48FFF7B6
:1017700001FB4723572228215020FFF72BFA084866
:10178000FFF724FB52234F2223213820FFF722FAB0
:1017900029460348FFF7EEFA3C70F8BD5C000020D4
:1017A0000001002010B56D230A211A460846FFF7F4
:1017B00011FA02490248FFF749FA10BD204E000015
:1017C00060A60100A6A6A69595950042A6A7E0965C
:1017D000D084C0001B0A2000570C003BDBCDB300B7
:1017E000B1570000C074007BDAEB900570C00008B0
:1017F00032900000A0001BEC30B6A270E3A000AB5A
:10180000B00008E80000AAC000A0E3A2A3E15DEBDD
:101810004000A00008BB200850004904903B000095
:101820006602A0C200003B077860000006A73B3BB1
:10183000C6000000B2C10C00000770D00B20002CC5
:1018400000C10C0000B3004CB400006DD9000000D2
:1018500001E10B50000001E00B40C300008CC70009
:10186000C30004C8CA00E0001E2008B790003E0074
:1018700000AE10000E6005DD510003BEEA23CD204E
:101880000F100E000C00007802D008600C200E0033
:101890001D000E000D20096002C0007777000C20AB
:1018A000069002D000E000D100E001D006900C20AC
:1018B000770000A2005AB8B003CA00092820000D22
:1018C0000000000D0000000D00006DDEDD60000D69
:1018D0000000000D00002D00580093001DDD4005A4
:1018E000002D1000001E10000069000000C3000061
:1018F00003C00000096000000E1000006900000035
:10190000C3000003C00000087000000D10000002BA
:10191000BEC3000C706D003E000D405B000B606AA2
:10192000000A705B000A603D000D400D706C000302
:10193000CEB20015B7A9A7009700970097009700AF
:10194000970097009705CEB3000A206D0000000FA6
:101950001000004D000004D400007D300009A000FC
:10196000001E0000004FFFFF6003CEA1000810AA78
:101970000000005B000002B50003EF900000018C46
:101980000000001F1028007C0008EDA1000001E607
:10199000000008E600003CA60000C396000970960F
:1019A000006B009600CEEEEEB000009600000096B0
:1019B000008FFFA0960000A40000CEEA20001AC00D
:1019C0000001F10001F01019A0DED910005CED005B
:1019D00005C301000D3000002E7DD6004E703E3054
:1019E0003E000A701E000A600B803E1001BEC4005B
:1019F0005FFFFF5000002D00000096000002D000A5
:101A000000097000001E1000005B000000A600002E
:101A100000D3000003BEC3000D605D000E100E0079
:101A20000670780005EEE6002E403E305B000A604E
:101A30002E303D3004CEC50003BEC2000D506C00F8
:101A40004C000D305C000C501E505E5004CE9C408B
:101A500000001E000101A7000CED70002D10050014
:101A60000000000005002D102D10050000000000F2
:101A700001002D006800930000005B20049D93008E
:101A80004FA10000049EA40000005B206DDDDD601E
:101A900000000000000000006DDDDD604A50000025
:101AA000049D93000001BF3004AD93004A50000034
:101AB00008ED503604E10000E10007A0008A0000B4
:101AC000E00000000000510000D400003ABBB91053
:101AD0000006B20003C3003B03BBA52C00A40D20ED
:101AE000B40B30D04900A30940D05800C20B20A34A
:101AF0002C16C44B004B06B63A800007B400020017
:101B0000000028BBB800000009E10000000EB6008C
:101B100000005B6C000000B61E200002E20B80009B
:101B200007C006D0000DFFFFF5004E2000AA00A957
:101B300000003E10CFFD70C503E4C500C6C504D14A
:101B4000CFFE70C502B9C5005CC502B9CFFD9000DB
:101B50002ADEA004E821750D6000004E0000005C44
:101B60000000004E0000001E50000007E621750036
:101B70005CED80CFFEA400C5026D70C50003E2C518
:101B80000000C6C50000A8C50000C6C50004E1C528
:101B9000026E60CFFEA300CFFFC0C50000C50000ED
:101BA000C50000CFFF80C50000C50000C50000CF04
:101BB000FFF0CFFFC0C50000C50000C50000CFFF8B
:101BC00080C50000C50000C50000C50000002ADE79
:101BD000B30003E8214A000D600000004E00000041
:101BE000005C001FFF004E00002F001E50002F0061
:101BF00006E6215F00004BEEB600C50000F1C5000F
:101C000000F1C50000F1C50000F1CFFFFFF1C500F4
:101C100001F1C50000F1C50000F1C50000F1C5C526
:101C2000C5C5C5C5C5C5C50079007900790079006D
:101C3000790079009802D3BD70C5007C10C505D12C
:101C400000C53D2000C6D40000CDB00000C5C800CE
:101C500000C51D6000C503E400C5005E30C500007E
:101C6000C50000C50000C50000C50000C50000C5D6
:101C70000000C50000CFFFE0CE000003F8CD6000FB
:101C800009D8C9D0001EA8C4D5008898C47B01E239
:101C900098C41E37A098C408AD4098C402EC0098C0
:101CA000C400A50098CD100088CAA00088C5C50052
:101CB00088C43D1088C408B088C400D688C4005EBB
:101CC000A8C4000AF8C40002E8004BEEB30006E620
:101CD000227E400E500008C04E000002F15C000061
:101CE00001F24E000002F11E500008C006E6127E0E
:101CF00030005CEEA300CFED80C503D7C5007BC5E7
:101D0000007BC503D5CFED60C50000C50000C50050
:101D100000004BEEB30006E6227E400E500008C0E5
:101D20004E000002F15C000001F24E000002F11EC4
:101D3000500008C006E6127E30005CEDDB100000AB
:101D40000009D4CFFD9000C502C800C5007A00C5C7
:101D500002D600CFFE5000C51A9000C501E400C5B0
:101D6000006C00C5000C7002AED6000D712A003F59
:101D70000000001E70000004DC40000017D90000C5
:101D8000001E3039204E2008DEC500BFFFFF900046
:101D90002F1000002F0000002F0000002F00000077
:101DA0002F0000002F0000002F0000002F0000E394
:101DB0000004D0E30004D0E30004D0E30004D0E347
:101DC0000004D0D30004D0B60006B06D414D5007DA
:101DD000CEC600A800006C005D0000B6000E300109
:101DE000E100098007A00003D00C500000D42E00B1
:101DF000000089790000002DC30000000CC0000025
:101E0000A80007D0004D006C000BE20089001E10F6
:101E10000DA600C5000C404A5A00E1000780861D4F
:101E200004B00003C0C10C27700000D2C0086B30A2
:101E30000000998004AD0000005E4000D900004E13
:101E40002002E30AA00A8001E34D00006CD40000E8
:101E50000EC000007AD50002E25D100C700B907C81
:101E60000002E3A90004D03E100B600B702D0004AB
:101E7000D0970000C6D100005E8000000E30000048
:101E80000E2000000E20005FFFFFE100001D50004B
:101E9000008A000004D100001D40000099000005E8
:101EA000D000001D4000009FFFFFF0AD80A400A403
:101EB00000A400A400A400A400A400A400A400ADF9
:101EC000800D1000000870000002D0000000B40077
:101ED0000000590000000D1000000960000003C060
:101EE000000000C3000000680000001D008CB0046A
:101EF000B004B004B004B004B004B004B004B00442
:101F0000B08CB0002C000000AB600003B0D1000B1F
:101F10003069004A000C30BBBBB42C1003A004CDC8
:101F2000B20710990279CB3D637B6C01BB1BEB7B45
:101F3000E2000000E2000000E2000000E200000019
:101F4000E5CEB200EA109B00E3002E00E2003E0066
:101F5000E901A900E7DD910000000002ADE70D7086
:101F6000004D00005C00001E602503BEB2000007AB
:101F70009000000790000007900000079003BEDC6F
:101F8000900D602C904C0007905C0008901E502D26
:101F90009005CEA89002BDC5000C302E104EDDDDA0
:101FA000405D0000001E60180004CEC300009D408C
:101FB00004C0000790000880009EEE100880000812
:101FC000800008800008800008800003BEB9900DE2
:101FD000602D904C0007905C0008901E502D9004DE
:101FE000CEA89000000A700A105E2004DEB400E261
:101FF0000000E20000E20000E20000E5CEA0E901FE
:10200000D5E300A7E20097E20097E200970C200ECC
:1020100030040000000E200E200E200E200E200E98
:1020200020000C20000E30000400000000000E20F4
:10203000000E20000E20000E20000E20000E2000BA
:102040000E10005C002DC300E20000E20000E20080
:1020500000E20000E209B0E29B00EAB000E8D10033
:10206000E27D10E207D2E2E2E2E2E2E2E2E2E2E272
:10207000E6CE74CE80E903EA02E3E300D400C5E2D1
:1020800000D400C5E200D400C5E200D400C5E5CE0E
:1020900090E901D5E300A7E20097E20097E20097FC
:1020A00002ADD9101D601A904C0003E04C0003E013
:1020B0001D601A8003BED800E5CEB200EA109B0076
:1020C000E3002E00E3003E00E901A900E7DD9100F6
:1020D000E2000000E2000000E200000003BEDC902D
:1020E0000D602C904C0007905C0008901E502D90C5
:1020F00004CEB89000000790000007900000079001
:10210000E6D7EA11E300E200E200E2000000000886
:10211000DEA03E10001DA400006CA00003E05EDC09
:1021200050000000067000098000AEEE200980001B
:1021300009800009800008900003DD101F000B508B
:102140001F000B501F000B501F000C500E604E5014
:1021500005DE8B50A7002E104D0089000D30D200F7
:102160000795B00001EA400000AD0000A700D700CD
:10217000D25B02BC03C01E175C17700A5C086B20A0
:1021800005BA03BC0001E600E8006D00980A74C0BF
:1021900001DC2001CD200A66C07B00B8A8001E101B
:1021A0004D007A000D40C30006A3C00001EA6000A4
:1021B000009E00000088000003E200009D50000027
:1021C0006EEEF60007A0004C0002D2000C40009E0C
:1021D000EEE800A705A00680068009605D10087083
:1021E0000680068005A000A7D1D1D1D1D1D1D1D10F
:1021F000D1D1D1D1D17B000A500860086005A0017F
:10220000D50780086008600A507A002CD8177085BE
:1022100007CA10DFFFFFFFE4FFFFFFFFF6688888B3
:10222000888200860000FC0000FC0000FC0000FC2E
:102230000000FC0000FC0000FC0000FC007FFFF43C
:1022400008FF6000970000970009FF607FFFE4002F
:10225000FC0000FC0000FC0000FC0000FC0000FC96
:102260000000FC0000FC00008700000000004000AF
:1022700004000004000030000209010409004000CD
:102280000403010A0F008000080800052F007000F9
:10229000060B01035000B0000C0900048600B000DA
:1022A0000C090004BC0030000403000AC200400016
:1022B000040B0002D8004000040B0002EE005000A6
:1022C00006040009FA00800008060105120130002A
:1022D0000403000218015000060100071B01300032
:1022E000040200041F016000080BFF024B01700094
:1022F000080900046F015000040901048101700005
:1023000008090004A501700008090004C901700053
:1023100008090004ED0170000609010408027000BC
:10232000080900042C027000080900045002700023
:1023300008090004740270000809000498023000C3
:1023400004060004A402300004080002B402800065
:1023500008050105C802800008040106D8028000B3
:1023600008050105EC026000060900040703C0002F
:102370000C0A0103430390000A0900047003700073
:10238000060901048B03800008090004AF039000D4
:1023900008090104D303700006090104EE0360007C
:1023A00006090104090490000A090004360490009B
:1023B000080901045A0430000209010463044000C2
:1023C00004090004750480000809010499046000F0
:1023D00006090104B404B0000A090104E1049000F4
:1023E000080901040505A0000A090004320570006F
:1023F000060901044D05A0000A0A00037F058000BC
:1024000008090104A305700008090004C70570004D
:1024100008090004EB058000080901040F0690007C
:102420000A0900043C06D0000E0900047B06800067
:10243000080900049F06800008090004C306800004
:1024400008090004E7064000040B0102FD066000D5
:10245000080BFF0229073000040B00023F07800031
:1024600008050108530760000601000156074000F7
:102470000402000C5A076000060600046C07800086
:10248000080A01049407600006070004A907700009
:10249000080A0004D107700008060004E90750008C
:1024A000060A000407087000080900012B087000E4
:1024B000060A010449083000040A00045D083000DF
:1024C000060DFE0184087000060A0104A20830000F
:1024D000020A0104AC08B0000A060104CA08700030
:1024E00006060104DC08800008060004F4088000E9
:1024F0000809010118097000080900013C09500091
:102500000406010448096000060800036009500041
:10251000060800047809700008060004900970009D
:1025200008060004A809A0000A060004C609600005
:1025300006060004D809700008090001FC096000C3
:10254000060600040E0A4000040B0002240A3000B4
:10255000020D0101310A4000040B0002470A80000D
:10256000080201074F0A4000040000044F0AA000BF
:102570000A0300065E0A6000060C0002820A600080
:10258000060C000220002100220023002400250068
:1025900026002700280029002A002B002C002D00EF
:1025A0002E002F003000310032003300340035009F
:1025B00036003700380039003A003B003C003D004F
:1025C0003E003F00400041004200430044004500FF
:1025D00046004700480049004A004B004C004D00AF
:1025E0004E004F005000510052005300540055005F
:1025F00056005700580059005A005B005C005D000F
:102600005E005F00600061006200630064006500BE
:1026100066006700680069006A006B006C006D006E
:102620006E006F007000710072007300740075001E
:1026300076007700780079007A007B007C007D00CE
:102640007E007F0068F075F176F100002000000048
:1026500076F1000084250000000000006300020005
:1026600002E002E002E002E002E002E002E002E05A
:1026700002E002E002E002E002E002E002E002E04A
:1026800002E002E002E002E002E002E002E002E03A
:1026900002E002E002E002E002E002E002E002E02A
:1026A00002E002E002E002E002E002E002E002E01A
:1026B00002E002E002E002E002E002E002E002E00A
:1026C00002E002E002E002E002E002E002E002E0FA
:1026D00002E002E002E002E002E002E002E002E0EA
:1026E00002E002E002E002E002E002E002E002E0DA
:1026F00002E002E002E002E002E002E002E002E0CA
:1027000002E002E002E002E002E002E002E002E0B9
:1027100002E002E002E002E002E002E002E002E0A9
:1027200002E002E002E002E002E002E002E002E099
:1027300002E002E002E002E002E002E002E002E089
:1027400002E002E002E002E002E002E002E002E079
:1027500002E002E002E002E002E002E002E002E069
:1027600002E002E002E002E002E002E002E002E059
:1027700002E002E002E002E002E002E002E002E049
:1027800002E002E002E002E002E002E002E002E039
:1027900002E002E002E002E002E002E002E002E029
:1027A00002E002E002E002E002E002E002E002E019
:1027B00002E002E002E002E002E002E002E002E009
:1027C00002E002E002E002E002E002E002E002E0F9
:1027D00002E002E002E002E002E002E002E002E0E9
:1027E00002E002E002E002E002E002E002E002E0D9
:1027F00002E002E002E002E002E002E002E002E0C9
:1028000002E002E002E002E002E002E002E002E0B8
:1028100002E002E002E002E002E002E002E002E0A8
:1028200002E002E002E002E002E002E002E002E098
:1028300002E002E002E002E002E002E002E002E088
:1028400002E002E002E002E002E002E002E002E078
:1028500002E002E002E002E002E002E002E002E068
:1028600002E002E002E002E002E002E002E002E058
:1028700002E002E002E002E002E002E002E002E048
:1028800002E002E002E002E002E002E002E002E038
:1028900002E002E002E002E002E002E002E002E028
:1028A00002E002E002E002E002E002E002E002E018
:1028B00002E002E002E002E002E002E002E002E008
:1028C00002E002E002E002E002E002E002E002E0F8
:1028D00002E002E002E002E002E002E002E002E0E8
:1028E00002E002E002E002E002E002E802E002E0D0
:1028F00002E001E002E802E002E002E002E002E0C1
:1029000002E002E002E002E002E002E002E002E0B7
:1029100002E002E002E002E002E002E002E002E0A7
:1029200002E002E002E002E002E002E002E002E097
:1029300002E002E002E002E002E002E002E002E087
:1029400002E002E002E002E002E002E002E002E077
:1029500002E002E002E002E002E002E002E002E067
:1029600002E002E002E002E002E002E002E002E057
:1029700002E002E002E002E002E002E002E002E047
:1029800002E002E002E002E002E002E002E002E037
:1029900002E002E002E002E002E002E002E002E027
:1029A00002E002E002E002E002E002E002E002E017
:1029B00002E002E002E002E002E002E002E002E007
:1029C00002E002E002E002E002E002E002E002E0F7
:1029D00002E002E002E002E002E002E022E802E0BF
:1029E00002E002E002E002E802E001E021E802E0A9
:1029F00022E042E002E002E002E002E002E002E067
:102A000002E002E002E002E002E002E002E002E0B6
:102A100002E002E002E002E002E002E002E002E0A6
:102A200002E002E002E002E002E002E002E002E096
:102A300002E002E002E002E002E002E002E002E086
:102A400002E002E002E002E002E002E002E002E076
:102A500002E002E002E002E002E002E002E002E066
:102A600002E002E002E002E002E002E002E002E056
:102A700002E002E002E002E002E002E002E002E046
:102A800002E002E002E002E002E002E002E002E036
:102A900002E002E002E002E002E002E002E002E026
:102AA00002E002E002E002E002E002E002E002E016
:102AB00002E002E002E002E002E002E002E002E006
:102AC00002E002E002E002E002E002E002E002E0F6
:102AD00002E002E002E002E022E002E001E001E0C8
:102AE00002E021E002E002E802E001E061D822E039
:102AF00081E0A3E902E021E002E002E002E002E07E
:102B000002E002E002E002E002E002E002E002E0B5
:102B100002E002E002E002E002E002E002E002E0A5
:102B200002E002E002E002E002E002E002E002E095
:102B300002E002E002E002E002E002E002E002E085
:102B400002E002E002E002E002E002E002E002E075
:102B500002E002E002E002E002E002E002E002E065
:102B600002E002E002E002E002E002E002E002E055
:102B700002E002E002E002E002E002E002E002E045
:102B800002E002E002E002E002E002E002E002E035
:102B900002E002E002E002E002E002E002E002E025
:102BA00002E002E002E002E002E002E002E002E015
:102BB00002E002E002E002E002E002E002E002E005
:102BC00002E002E002E002E002E002E002E002E0F5
:102BD00002E002E002E002E002E002E022E001E0C6
:102BE00022E021E002E021E021E002E041DA61D8C8
:102BF00001E125FC02E021E002E002E002E002E067
:102C000002E002E002E002E002E002E002E002E0B4
:102C100002E002E002E002E002E002E002E002E0A4
:102C200002E002E002E002E002E002E002E002E094
:102C300002E002E002E002E002E002E002E002E084
:102C400002E002E002E002E002E002E002E002E074
:102C500002E002E002E002E002E002E002E002E064
:102C600002E002E002E002E002E002E002E002E054
:102C700002E002E002E002E002E002E002E002E044
:102C800002E002E002E002E002E002E002E002E034
:102C900002E002E002E002E002E002E002E002E024
:102CA00002E002E002E002E002E002E002E002E014
:102CB00002E002E002E002E002E002E002E002E004
:102CC00002E002E002E002E002E002E002E002E0F4
:102CD00002E002E002E002E001E002E082D822E04D
:102CE00001D9A4E941D860D860D041D863FD01DAA8
:102CF000E0D824FD02E801E002E002E002E002E0A8
:102D000002E002E002E002E002E002E002E002E0B3
:102D100002E002E002E002E002E002E002E002E0A3
:102D200002E002E002E002E002E002E002E002E093
:102D300002E002E002E002E002E002E002E002E083
:102D400002E002E002E002E002E002E002E002E073
:102D500002E002E002E002E002E002E002E002E063
:102D600002E002E002E002E002E002E002E002E053
:102D700002E002E002E002E002E002E002E002E043
:102D800002E002E002E002E002E002E002E002E033
:102D900002E002E002E002E002E002E002E002E023
:102DA00002E002E002E002E002E002E002E002E013
:102DB00002E002E002E002E002E002E002E002E003
:102DC00002E002E002E002E002E002E002E002E0F3
:102DD00002E002E002E002E002E002E0A1D823E823
:102DE000E5F464F3C1D982EBC0D1E0D0C2FE03F5B3
:102DF000C0D842FD02E802E002E002E002E002E8A0
:102E000002E002E002E002E002E002E002E002E0B2
:102E100002E002E002E002E002E002E002E002E0A2
:102E200002E002E002E002E002E002E002E002E092
:102E300002E002E002E002E002E002E002E002E082
:102E400002E002E002E002E002E002E002E002E072
:102E500002E002E002E002E002E002E002E002E062
:102E600002E002E002E002E002E002E002E002E052
:102E700002E002E002E002E002E002E002E002E042
:102E800002E002E002E002E002E002E002E002E032
:102E900002E002E002E002E002E002E002E002E022
:102EA00002E002E002E002E002E002E002E002E012
:102EB00002E002E002E002E002E002E002E002E002
:102EC00002E002E002E002E002E002E002E002E0F2
:102ED00002E002E002E002E002E002E041E002E0A3
:102EE00084FDC1D9E3FD83FE42F5A2ECC1FEC2FE22
:102EF000C0D802F502E021E002E002E002E001E0D9
:102F000002E002E002E002E002E002E002E002E0B1
:102F100002E002E002E002E002E002E002E002E0A1
:102F200002E002E002E002E002E002E002E002E091
:102F300002E002E002E002E002E002E002E002E081
:102F400002E002E002E002E002E002E002E002E071
:102F500002E002E002E002E002E002E002E002E061
:102F600002E002E002E002E002E002E002E002E051
:102F700002E002E002E002E002E002E002E002E041
:102F800002E002E002E002E002E002E002E002E031
:102F900002E002E002E001E002E002E002E001E023
:102FA00002E002E002E002E002E002E002E002E011
:102FB00002E002E002E002E002E002E002E002E001
:102FC00002E002E002E002E002E002E002E002E0F1
:102FD00002E002E002E002E001E002E001E021E0C4
:102FE00042E381D801FF83FEC1FEE1FEE1FE00FF66
:102FF00020D122F522D841D002E002E002E002E036
:1030000002E002E002E002E002E002E002E002E0B0
:1030100002E002E002E002E002E002E002E002E0A0
:1030200002E002E002E002E002E002E002E002E090
:1030300002E002E002E002E002E002E002E002E080
:1030400002E002E002E002E002E002E002E002E070
:1030500002E002E002E002E002E002E002E002E060
:1030600002E002E002E002E002E002E002E002E050
:1030700002E002E002E002E002E002E002E002E040
:1030800002E002E002E002E002E002E002E002E030
:1030900001E002E001E001E002E002E002E001E024
:1030A00002E002E002E002E002E002E002E002E010
:1030B00002E002E002E002E002E002E002E002E000
:1030C00002E002E002E002E002E002E002E002E0F0
:1030D00002E002E002E002E002E802E022E001E0B9
:1030E00020D101E0C1FEE2F400FF00F700FF00FF85
:1030F000A3EC82FE00D1A1DA21E061D802E002E077
:1031000002E002E002E002E002E002E002E002E0AF
:1031100002E002E002E002E002E002E002E002E09F
:1031200002E002E002E002E002E002E002E002E08F
:1031300002E002E002E002E002E002E002E002E07F
:1031400002E002E002E002E002E002E002E002E06F
:1031500002E002E002E002E002E002E002E002E05F
:1031600002E002E002E002E002E002E002E002E04F
:1031700002E002E002E002E002E002E002E002E03F
:1031800002E002E002E002E002E002E002E002E02F
:1031900021D802E082D8C2E002E802E002E022E0A8
:1031A00002E002E002E002E002E002E002E002E00F
:1031B00002E002E002E002E002E002E002E002E0FF
:1031C00002E002E002E002E002E002E002E002E0EF
:1031D00002E002E002E002E002E002E001E002E0E0
:1031E000A1D021E0C1FE01E4E0FE00FF00FF01FFED
:1031F000C2FE01FF03FD43FE22D903EB02E042E0E1
:1032000002E002E002E002E002E002E002E002E0AE
:1032100002E002E002E002E002E002E002E002E09E
:1032200002E002E002E002E002E002E002E002E08E
:1032300002E002E002E002E002E002E002E002E07E
:1032400002E002E002E002E002E002E002E002E06E
:1032500002E002E002E002E002E002E002E002E05E
:1032600002E002E002E002E002E002E002E002E04E
:1032700002E002E002E002E002E002E002E002E03E
:1032800002E002E002E002E002E002E002E002E02E
:1032900081D802E0A2D9C4EA02E842E002E002E0FA
:1032A00002E002E002E002E002E002E002E002E00E
:1032B00002E002E002E002E002E002E002E002E0FE
:1032C00002E002E002E002E002E002E002E002E0EE
:1032D00002E002E002E002E001E002E021E021E0A1
:1032E00021DA61D8E1FEA2F500FF00FFE0FE00FF59
:1032F000C2FEC1FE44FD43FEC3E1C5EB02E062E055
:1033000002E002E002E002E002E002E002E002E0AD
:1033100002E002E002E002E002E002E002E002E09D
:1033200002E002E002E002E002E002E002E002E08D
:1033300002E002E002E002E002E002E002E002E07D
:1033400002E002E002E002E002E002E002E002E06D
:1033500002E002E002E002E002E002E002E002E05D
:1033600002E002E002E002E002E002E002E002E04D
:1033700002E002E002E002E002E002E002E002E03D
:1033800002E002E002E002E002E002E002E002E02D
:1033900040D901E062EBE4F422E081D802E002E0EF
:1033A00002E002E002E002E002E002E002E002E00D
:1033B00002E002E002E002E002E002E002E002E0FD
:1033C00002E002E002E002E002E002E002E002E0ED
:1033D00002E002E002E002E001E002E041D822E087
:1033E000E3F481D9E2FEC2FEE0FEE1FEE2FEE0FE91
:1033F00061E362F540D920DA21D8A1D802E022E0C9
:1034000002E002E002E002E002E002E002E002E0AC
:1034100002E002E002E002E002E002E002E002E09C
:1034200002E002E002E002E002E002E002E002E08C
:1034300002E002E002E002E002E002E002E002E07C
:1034400002E002E002E002E002E002E002E002E06C
:1034500002E002E002E002E002E002E002E002E05C
:1034600002E002E002E002E002E002E002E002E04C
:1034700002E002E002E002E002E002E002E002E03C
:1034800002E002E002E002E002E002E001E002E825
:1034900061DA41D802FD44FE02E001D902E002E017
:1034A00002E002E002E002E002E002E002E002E00C
:1034B00002E002E002E002E002E002E002E002E0FC
:1034C00002E002E002E002E002E002E002E002E0EC
:1034D00002E002E002E002E021E002E001D922E0A5
:1034E00044FE24F4A2F522FE81FE61F5C2FEE1FE57
:1034F000A0D841DB21E041E002E022E002E002E06E
:1035000002E002E002E002E002E002E002E002E0AB
:1035100002E002E002E002E002E002E002E002E09B
:1035200002E002E002E002E002E002E002E002E08B
:1035300002E002E002E002E002E002E002E002E07B
:1035400002E002E002E002E002E002E002E002E06B
:1035500002E002E002E002E002E002E002E002E05B
:1035600002E002E002E002E002E002E002E002E04B
:1035700002E002E002E002E002E002E002E002E03B
:1035800002E002E002E002E002E001E002E002E02C
:10359000E2EB80D022FEE3FE21D821DA02E002E84D
:1035A00002E002E002E002E002E002E002E002E00B
:1035B00002E002E002E002E002E002E002E002E0FB
:1035C00002E002E002E002E002E002E002E002E0EB
:1035D00002E002E002E002E021E002E0E3E941D89B
:1035E00062E3A4F360D941DA62E460D183FEC3FEF2
:1035F00041E081E202E002E002E002E002E002E0FB
:1036000002E002E002E002E002E002E002E002E0AA
:1036100002E002E002E002E002E002E002E002E09A
:1036200002E002E002E002E002E002E002E002E08A
:1036300002E002E002E002E002E002E002E002E07A
:1036400002E002E002E002E002E002E002E002E06A
:1036500002E002E002E002E002E002E002E002E05A
:1036600002E002E002E002E002E002E002E002E04A
:1036700002E002E002E002E002E002E002E002E03A
:1036800002E002E002E002E002E002E022E002E00A
:1036900062FD40D9A1FEE1FE61D8C2EB02E002E08A
:1036A00002E002E002E002E002E001E002E002E00B
:1036B00002E002E002E002E002E002E002E002E0FA
:1036C00002E002E002E002E002E002E002E002E0EA
:1036D00002E002E002E002E002E002E082D822E042
:1036E00061D8A1D821E041D8E0D141D864FE84FD61
:1036F00021E021DA02E002E002E002E002E002E082
:1037000002E002E002E002E002E002E002E002E0A9
:1037100002E002E002E002E002E002E002E002E099
:1037200002E002E002E002E002E002E002E002E089
:1037300002E002E002E002E002E002E002E002E079
:1037400002E002E002E002E002E002E002E002E069
:1037500002E002E002E002E002E002E002E002E059
:1037600002E002E002E002E002E002E002E002E049
:1037700002E002E002E002E002E002E002E002E039
:1037800002E002E002E002E002E002E021D802E012
:1037900062FE80E2C1FE01FF01D943F502E002E0D2
:1037A00002E002E002E002E002E002E002E002E009
:1037B00002E002E002E002E002E002E002E002E0F9
:1037C00002E002E002E002E002E002E002E002E0E9
:1037D00002E002E002E002E002E002E021E001E0BB
:1037E00022E022E022E002E080D002E084FD02E359
:1037F00021E0C1D902E002E002E002E002E002E0E2
:1038000002E002E002E002E002E002E002E002E0A8
:1038100002E002E002E002E002E002E002E002E098
:1038200002E002E002E002E002E002E002E002E088
:1038300002E002E002E002E002E002E002E002E078
:1038400002E002E002E002E002E002E002E002E068
:1038500002E002E002E002E002E002E002E002E058
:1038600002E002E002E002E002E002E002E002E048
:1038700002E002E002E002E002E002E002E002E038
:1038800002E002E002E002E002E802E080D822E08A
:10389000C1FE22F401FF00FF41E223FE02E021D835
:1038A00002E002E002E002E002E002E002E002E008
:1038B00002E002E002E002E002E002E002E002E0F8
:1038C00002E002E002E002E002E002E002E002E0E8
:1038D00002E002E002E002E002E802E002E001E0D1
:1038E00002E002E002E822E021D802E065F3E1D83C
:1038F00022E042E102E002E002E002E002E002E057
:1039000002E002E002E002E002E002E002E002E0A7
:1039100002E002E002E002E002E002E002E002E097
:1039200002E002E002E002E002E002E002E002E087
:1039300002E002E002E002E002E002E002E002E077
:1039400002E002E002E002E002E002E002E002E067
:1039500002E002E002E002E002E002E002E002E057
:1039600002E002E002E002E002E002E002E002E047
:1039700002E002E002E002E002E002E002E002E037
:1039800002E002E002E002E002E001E060D921D8BA
:10399000E1FE62FDE0FE00FFC2EBA2FE22E0A1D844
:1039A00002E002E002E802E002E002E002E002E0FF
:1039B00002E002E002E002E002E002E002E002E0F7
:1039C00002E002E002E002E002E002E002E002E0E7
:1039D00002E002E002E002E002E002E002E002E8CF
:1039E00002E001E002E001E001E002E0C2D822E0F2
:1039F00022E082D802E002E002E002E002E002E01F
:103A000002E002E002E002E002E002E002E002E0A6
:103A100002E002E002E002E002E001E002E002E097
:103A200002E002E002E002E002E002E002E002E086
:103A300002E002E002E002E002E002E002E002E076
:103A400002E002E002E002E002E002E002E002E066
:103A500002E002E002E002E002E002E002E002E056
:103A600002E002E002E002E002E002E002E002E046
:103A700002E002E002E002E002E002E002E002E036
:103A800002E002E002E002E022E002E0E1E240D8EF
:103A9000E0FE42FE00F700FF42F5E1FE22E061D9C0
:103AA00002E801E022E002E002E001E002E002E0E0
:103AB00002E002E002E002E002E002E002E002E0F6
:103AC00002E002E002E002E002E002E002E002E0E6
:103AD00002E002E002E002E002E002E002E002E0D6
:103AE00002E002E002E002E002E002E002E002E0C6
:103AF00002E022E002E002E002E002E002E002E096
:103B000001E002E042E041E001E021E002E021E0EA
:103B100002E002E002E002E002E022E002E001E076
:103B200002E002E802E002E002E002E002E002E07D
:103B300002E002E002E002E002E002E002E002E075
:103B400002E002E002E002E002E002E002E002E065
:103B500002E002E002E002E002E002E002E002E055
:103B600002E002E002E002E002E002E002E002E045
:103B700002E002E002E002E002E002E002E002E035
:103B800002E002E001E002E002E002E042ECC1D823
:103B9000E0FEC1FE00FF00FF43FEE0FE41D861DA17
:103BA00001E001E002E002E002E002E002E002E007
:103BB00002E002E002E002E002E002E002E002E0F5
:103BC00002E002E002E002E002E002E002E002E0E5
:103BD00002E002E002E002E002E002E002E002E0D5
:103BE00002E002E002E002E002E002E002E002E0C5
:103BF00002E002E002E002E002E002E001E002E0B6
:103C000001E002E0A2E161E041D841D901E022E017
:103C100022E021E002E001E002E022E003E822E00D
:103C200002E002E002E002E002E002E002E002E084
:103C300002E002E002E002E002E002E002E002E074
:103C400002E002E002E002E002E002E002E002E064
:103C500002E002E002E002E002E002E002E002E054
:103C600002E002E002E002E002E002E002E002E044
:103C700002E002E002E002E002E002E002E002E034
:103C800002E002E001E002E021E002E0A2FD81D1D9
:103C900000FFE0FE00FFE0FEC2FE00FFA0D801EC46
:103CA00022E002E002E002E002E002E002E002E0E4
:103CB00002E002E002E002E002E002E002E002E0F4
:103CC00002E002E002E002E002E002E002E002E0E4
:103CD00002E002E002E002E002E002E002E002E0D4
:103CE00002E002E002E002E002E002E002E002E0C4
:103CF00002E002E002E002E002E002E001E001E0B6
:103D000022E002E043EB61D860D103F402E041D845
:103D100022E022E021D981D822E002E102E802E09B
:103D200002E002E002E002E002E002E002E002E083
:103D300002E002E002E002E002E002E002E002E073
:103D400002E002E002E002E002E002E002E002E063
:103D500002E002E002E002E002E002E002E002E053
:103D600002E002E002E002E002E002E002E002E043
:103D700002E002E002E002E002E002E002E002E033
:103D800002E002E002E002E041D802E082FEE1E26D
:103D900000FF00FF00FFE0FEE1FE00FF60D983FDB1
:103DA00001E002E002E002E002E002E002E002E004
:103DB00002E002E002E002E002E002E002E002E0F3
:103DC00002E002E002E002E002E002E002E002E0E3
:103DD00002E002E002E002E002E002E002E002E0D3
:103DE00002E002E002E002E002E002E002E002E0C3
:103DF00002E002E002E002E002E002E002E002E0B3
:103E000001D802E0E2E261D8A2F424FE61D880D1B8
:103E100060D981D865FC21E341E003EA01E022E0BA
:103E200002E002E002E002E002E002E002E002E082
:103E300002E002E002E002E002E002E002E002E072
:103E400002E002E002E002E002E002E002E002E062
:103E500002E002E002E002E002E002E002E002E052
:103E600002E002E002E002E002E002E002E002E042
:103E700002E002E002E002E002E002E002E002E032
:103E800002E002E002E002E0C0D802E0E2FE82F4DA
:103E900000FF00FF00FF01FF00FF00FFC1E262FE24
:103EA00001E021D802E002E002E002E002E002E0EC
:103EB00002E002E002E002E002E002E002E002E0F2
:103EC00002E002E002E002E002E002E002E002E0E2
:103ED00002E002E002E002E002E002E002E002E0D2
:103EE00002E002E002E002E002E002E002E002E0C2
:103EF00002E002E002E002E002E002E002E002E0B2
:103F000022E002E062E221D8A2FE42FE80D203F566
:103F100022F542EBC4F463FE21D8E0D002E022E8AF
:103F200002E002E002E002E002E002E002E002E081
:103F300002E002E002E002E002E002E002E002E071
:103F400002E002E002E002E002E002E002E002E061
:103F500002E002E002E002E002E002E002E002E051
:103F600002E002E002E002E002E002E002E002E041
:103F700002E002E002E002E002E002E002E002E031
:103F800002E002E002E002E080D921D8E1FEC2FDB9
:103F900000FF00FF00FFE0FE00FFE0FE63ECA1FE7B
:103FA00001E0A0D002E002E002E002E002E002E074
:103FB00002E002E002E002E002E002E002E002E0F1
:103FC00002E002E002E002E002E002E002E002E0E1
:103FD00002E002E002E002E002E002E002E002E0D1
:103FE00002E002E002E002E002E002E002E002E0C1
:103FF00002E002E002E002E002E002E002E002E0B1
:1040000002E002E0A1D901E0E1FEE2FD22F6C2FEFB
:10401000C2FE82FEA1E243FE22E041D802E002E0BD
:1040200002E002E002E002E002E002E002E002E080
:1040300002E002E002E002E002E002E002E002E070
:1040400002E002E002E002E002E002E002E002E060
:1040500002E002E002E002E002E002E002E002E050
:1040600002E002E002E002E002E002E001E002E041
:1040700002E002E002E002E002E002E002E002E030
:1040800002E002E002E002E022E361D001FF62FE12
:1040900000FFE0FE00FF00FF00FF00FF82F5E1FEF1
:1040A00021E080D902E002E002E002E002E002E06A
:1040B00002E002E002E002E002E002E002E002E0F0
:1040C00002E001E002E002E002E001E002E002E0E2
:1040D00002E002E002E002E002E002E002E002E0D0
:1040E00002E002E002E002E002E002E002E002E0C0
:1040F00002E002E002E002E002E002E002E002E0B0
:1041000021E001E000D261D8E0FEC2F501F701FF35
:10411000E2FEC1FE20D9E2F402E021D801E002E88B
:1041200002E002E002E002E002E002E002E002E07F
:1041300002E002E002E002E002E002E002E002E06F
:1041400002E002E002E002E002E002E002E002E05F
:1041500002E002E002E002E002E002E002E002E04F
:1041600002E002E001E022E021E001D802E022E0EA
:1041700002E002E021E021E021E021E021E021E075
:1041800021D821E040D821D8C3F4E0D0E0FEC1FE20
:1041900000FF00FF00FF00FF00FF00FF82FE00FFA6
:1041A00081D801E322E021D821E002E001E021E012
:1041B00022E001E001D822E022E021E022E002E05A
:1041C00021E022D822E021D822E802E002E001E04A
:1041D00002E002E002E002E002E002E002E002E0CF
:1041E00002E002E002E002E002E002E002E002E0BF
:1041F00002E002E002E002E002E002E022E002E08F
:1042000001D941D802EDA1DAE0FEA1FEE0FE00FFF7
:10421000C1FE01FF80D880DB23E822D801E002E064
:1042200002E001E002E002E002E002E002E002E07F
:1042300002E002E002E002E002E002E002E002E06E
:1042400002E002E002E002E002E002E002E002E05E
:1042500002E002E002E002E002E002E002E002E04E
:1042600002E002E081D041D820D100D120D120D17C
:1042700040D120D180D960D9C0D980D9E0D9E0D946
:1042800000DA00DA60DA20DA02FE40DBE0FEE1FE6E
:1042900000FF00FF00FF00FF00FF00FFC1FE00FF66
:1042A000A1DA01ED20DA40E2E0E100DAC0D9E0D99C
:1042B000A0D9A0D960D980D940D160D100D120D176
:1042C000C0D0E0C822E081D002E002E002E002E0DB
:1042D00002E002E002E002E002E002E002E002E0CE
:1042E00002E002E002E002E002E002E002E002E0BE
:1042F00002E002E002E002E002E002E0A1D822E0F7
:1043000083F421DAE2FE23FEE0FEE1FE00FF00FF7F
:1043100001FF00FFE1D922F521E041D802E022E0CF
:1043200002E002E002E002E002E002E002E002E07D
:1043300002E002E002E002E002E002E002E002E06D
:1043400002E002E002E002E002E002E002E002E05D
:1043500002E002E002E002E002E002E002E002E04D
:1043600021E002E045F3C2E0A4FD25FDC4FDC4FD4B
:10437000E3FDE3FD03FEE3FD02FE02FE22FE02FE7C
:1043800042FE42FE62FE42FEC1FEA2FEE0FEE1FEF1
:1043900000FFE0FE00FF00FF00FF00FFE0FE00FF67
:1043A00062FEE1FE61FE42FE42FE42FE22FE42FE4F
:1043B00002FE02FEE3FD02FEC4FDE3FDC4FDC3FDFB
:1043C00086FC84FD42D844EA02E002E002E001E813
:1043D00002E002E002E002E002E002E002E002E0CD
:1043E00002E002E002E002E002E002E002E002E0BD
:1043F00002E002E002E002E002E002E0E4E942E082
:1044000064FD65F4A2FE03FEE1FEC2FE00FF01FFB3
:1044100001FF01FF03F5C2FE61D8C1D902E022E02D
:1044200002E001E002E002E002E002E002E002E07D
:1044300002E002E002E002E002E002E002E002E06C
:1044400002E002E002E002E002E002E002E002E05C
:1044500002E002E002E002E002E002E002E002E04C
:1044600001E002E020D921D843FEC2EBE1FEC2FE0A
:10447000E1FEE1FEE0FEE0FEE0FEE0FE00FFE0FE29
:1044800000FF00FFE1FE00FFE0FE01FF00FF00FF74
:1044900000FF20FF00FF00FF00FF00FF00FF00FF04
:1044A00000FF00FF00FF01FFE0FEE0FEE0FE00FF76
:1044B000E0FEE0FEE0FEE0FEE1FEE1FEA3FEE1FE46
:1044C000A2E263FD22E0A0D002E002E002E002E806
:1044D00002E002E002E002E002E002E002E002E0CC
:1044E00002E002E002E002E002E002E002E002E0BC
:1044F00002E002E002E002E002E002E060D822E036
:10450000A1D9E1D801DB61E2A2FE82E4E1FEE1FE95
:1045100083FEA2FE83FEC3FE81E1C4F422E842E0F2
:1045200002E002E002E002E002E002E002E002E07B
:1045300002E002E002E002E002E002E002E002E06B
:1045400002E002E002E002E002E002E002E002E05B
:1045500002E002E002E002E002E002E002E002E04B
:1045600022E002E021D802E0E1E2C1D8C1FEA3FDD1
:1045700000FF00FF00FF00FF00FF00FF00FF00FF43
:1045800000FF00FF00FF00FF01FFE0FE00FF00FF53
:1045900000FF00FF00FF00FF00FF00FF00FF00FF23
:1045A00000FF00FFE0FE00FF00FF00FF00FF00FF34
:1045B00000FF00FF00FF00FFE1FE00FFA3FC82FE02
:1045C00061D8E0D902E022E002E002E802E002E085
:1045D00002E002E002E002E002E002E002E002E0CB
:1045E00002E002E002E002E002E002E002E002E0BB
:1045F00002E002E002E002E002E002E002E002E0AB
:1046000021D801E081D822E003FEC0D162FE01FF83
:1046100061DAA1E382EBE1E2E4F203F422E0C2E03A
:1046200002E002E002E002E002E002E002E002E07A
:1046300002E002E002E002E002E002E002E002E06A
:1046400002E002E002E002E002E002E002E002E05A
:1046500002E002E002E002E002E002E002E002E04A
:1046600002E002E002E002E080D822E0E3F401DAB6
:10467000E1FE82FE00FF01FFE0FEE0FEE0FEE0FE64
:1046800000FF00FF00FF00FF00FF00FF00FF00FF32
:1046900000FF00FF00FF00FF00FF00FFE0FE00FF43
:1046A00000FF00FF00FF00FF00FF00FF00FF00FF12
:1046B000E0FEE0FEE0FE01FF22FEE1FE21D9E3EB99
:1046C00002E041D802E002E002E002E002E002E0A3
:1046D00002E002E002E002E002E002E002E002E0CA
:1046E00002E002E002E002E002E002E002E002E0BA
:1046F00002E002E002E002E002E002E002E002E0AA
:1047000002E001E022E002E043FDE0D002F5C2FE5B
:1047100061D820D180D861D881D880D802E021E04A
:1047200002E002E002E002E002E002E002E002E079
:1047300002E002E002E002E002E002E002E002E069
:1047400002E002E002E002E002E002E002E002E059
:1047500002E002E002E002E002E002E002E002E049
:1047600002E002E002E002E001E002E860D961D884
:1047700043FE02EC00FFE1FE00FF00FF00FF00FF30
:10478000E0FEE0FE00FF00FF00FF00FF00FF00FF73
:1047900000FF00FF00FF00FF00FF00FF00FF00FF21
:1047A00000FF00FF00FF00FF00FF00FFE0FE00FF32
:1047B00000FF00FFC2FEE1FEE1DAA2F521E0C0D871
:1047C00002E002E002E002E002E002E002E002E0D9
:1047D00002E002E002E002E002E002E002E002E0C9
:1047E00002E002E002E002E002E002E002E002E0B9
:1047F00002E002E002E002E002E002E002E002E0A9
:1048000002E001E002E002E062F4A0D881DA24FED6
:1048100002E061D821E021E001E001E002E002E0F5
:1048200002E002E002E002E002E002E002E002E078
:1048300002E002E002E002E002E002E002E002E068
:1048400002E002E002E002E002E002E002E002E058
:1048500002E002E002E002E002E002E002E002E048
:1048600002E002E002E002E002E802E821D802E011
:10487000E1E2E0D0C1FEC3FDE0FEE0FE00FFE0FEAD
:1048800000FF00FFE0FEE0FE00FF00FF00FF00FF72
:1048900000FF00FF00FF00FF00FF00FF00FF00FF20
:1048A00000FF00FF00FF00FF00FF00FF00FF00FF10
:1048B000C1FE00FFC2F482FE81D8E0D102E021E017
:1048C00002E001E002E002E002E002E002E002E0D9
:1048D00002E002E002E002E002E002E002E002E0C8
:1048E00002E002E002E002E002E002E002E002E0B8
:1048F00002E002E002E002E002E002E002E002E0A8
:1049000002E001E002E002E042EB61D801D964F488
:1049100002E022E002E022E002E002E002E002E047
:1049200002E002E002E002E002E002E002E002E077
:1049300002E002E002E002E002E002E002E002E067
:1049400002E002E002E002E002E002E002E002E057
:1049500002E002E002E002E002E002E002E002E047
:1049600002E802E002E002E002E001E002E002E030
:1049700081D802E023F520DA00FFA2FEE0FEE0FE8F
:1049800000FF00FF00FF00FF00FF00FF00FF00FF2F
:1049900000FF00FF00FF00FF00FF00FF00FF00FF1F
:1049A00000FF00FF00FF00FF00FF00FF00FFE0FE30
:1049B00023FEE1FE41D1C2EB01E061D802E002E05A
:1049C00002E001E002E002E002E002E002E002E0D8
:1049D00002E002E002E002E002E002E002E002E0C7
:1049E00002E002E002E002E002E002E002E002E0B7
:1049F00002E002E002E002E002E002E002E002E0A7
:104A000001E001E002E802E0C2E141E041D803E256
:104A100002E022E002E002E002E002E002E002E066
:104A200002E002E002E002E002E002E002E002E076
:104A300002E002E002E002E002E002E002E002E066
:104A400002E002E002E002E002E002E002E002E056
:104A500002E002E002E002E002E002E002E002E046
:104A600002E002E002E001E002E002E002E002E037
:104A700021E002E081D161D843FE02ECE0FEE1FEDC
:104A8000E0FE00FF00FF00FF00FF00FF00FF00FF4F
:104A900000FF00FF00FF00FF00FF00FF00FF00FF1E
:104AA00000FF00FFE0FE00FF00FFE0FEC2FEE0FEB0
:104AB000E2DAA3FD41D8E1D002E822E002E002E020
:104AC00002E002E002E002E002E002E002E002E0D6
:104AD00002E002E002E002E002E002E002E002E0C6
:104AE00002E002E002E002E002E002E002E002E0B6
:104AF00002E002E002E002E002E002E002E002E0A6
:104B000002E002E002E802E062E022E001D882E096
:104B100002E822E002E002E802E002E002E002E055
:104B200002E002E002E002E002E002E002E002E075
:104B300002E002E002E002E002E002E002E002E065
:104B400002E002E002E002E002E002E002E002E055
:104B500002E002E002E002E002E002E002E002E045
:104B600001E002E002E802E002E002E002E002E02E
:104B700002E002E021D822E001E300D9E1FEC3FD1A
:104B8000E1FE01FF00FF00FF00FF00FF00FF00FF4C
:104B900000FF00FF00FF00FF00FF00FFE0FE00FF3E
:104BA00000FF00FFE0FEE0FEE1FEE0FEE3F4A2FE17
:104BB00081D800DA02E021E002E002E002E022E037
:104BC00002E002E002E002E002E002E002E002E0D5
:104BD00002E002E002E002E002E002E002E002E0C5
:104BE00002E002E002E002E002E002E002E002E0B5
:104BF00002E002E002E002E002E002E002E002E0A5
:104C000001E002E002E002E002E002E002E021E076
:104C100001E002E002E002E002E002E002E002E085
:104C200002E002E002E002E002E002E002E002E074
:104C300002E002E002E002E002E002E002E002E064
:104C400002E002E002E002E002E002E002E002E054
:104C500002E002E002E002E002E002E002E002E044
:104C600002E002E002E002E002E002E002E002E034
:104C700002E002E002E002E080D021E003F562DA27
:104C800001FFA2FE00FF00FF00FF00FF00FF00FF8A
:104C900000FF00FF00FF00FF00FF00FFE0FE00FF3D
:104CA00000FF00FF00FF00FF22FEE1FE61D922ECC1
:104CB00022E041D802E002E002E002E002E002E08D
:104CC00002E002E002E002E002E002E002E002E0D4
:104CD00002E002E002E002E002E002E002E002E0C4
:104CE00002E002E002E002E002E002E002E002E0B4
:104CF00002E002E002E002E002E002E002E002E0A4
:104D000002E002E002E002E002E002E002E002E093
:104D100002E002E002E002E002E002E002E002E083
:104D200002E002E002E002E002E002E002E002E073
:104D300002E002E002E002E002E002E002E002E063
:104D400002E002E002E002E002E002E002E002E053
:104D500002E002E002E002E002E002E002E002E043
:104D600002E002E002E002E002E002E002E002E033
:104D700002E002E002E002E022E022E080D141D83D
:104D8000A2F662EC00FFE1FE00FF00FF00FF00FF63
:104D900000FF00FF00FF00FF00FF00FF00FF00FF1B
:104DA000E0FE00FFE0FE00FF02E3E2FD22D8E0D8D3
:104DB00002E802E002E021E002E002E002E002E0BC
:104DC00002E002E002E002E002E002E002E002E0D3
:104DD00002E002E002E002E002E002E002E002E0C3
:104DE00002E002E002E002E002E002E002E002E0B3
:104DF00002E002E002E002E002E002E002E002E0A3
:104E000002E002E002E002E002E002E002E002E092
:104E100002E002E002E002E002E002E002E002E082
:104E200002E002E002E002E002E002E002E002E072
:104E300002E002E002E002E002E002E002E002E062
:104E400002E002E002E002E002E002E002E002E052
:104E500002E002E002E002E002E002E002E002E042
:104E600002E002E002E002E002E002E002E002E032
:104E700002E002E002E002E002E002E060D822E8A4
:104E800002FEE0D100FFE1FE00FF00FF00FF00FF97
:104E900000FF00FF00FF00FF00FF00FFE0FEE0FE5C
:104EA000E0FE00FFC0FE00FFE0D0C1EC02E042E007
:104EB00002E802E802E001E002E002E002E002E0D3
:104EC00002E002E002E002E002E002E002E002E0D2
:104ED00002E002E002E002E002E002E002E002E0C2
:104EE00002E002E002E002E002E002E002E002E0B2
:104EF00002E002E002E002E002E002E002E002E0A2
:104F000002E002E002E002E002E002E002E002E091
:104F100002E002E002E002E002E002E002E002E081
:104F200002E002E002E002E002E002E002E002E071
:104F300002E002E002E002E002E002E002E002E061
:104F400002E002E002E002E002E002E002E002E051
:104F500002E002E002E002E002E002E002E002E041
:104F600002E002E002E002E002E002E002E002E031
:104F700002E002E002E002E002E002E061D801E0CB
:104F800062FE61DA00FF00FF00FF00FF00FFE0FEAD
:104F900000FF00FF00FF00FF00FF00FF00FF00FF19
:104FA000E0FE00FF01FF00FF00D143FD02E001E051
:104FB00002E001E002E022E002E002E002E002E0C2
:104FC00002E002E002E002E002E002E002E002E0D1
:104FD00002E002E002E002E002E002E002E002E0C1
:104FE00002E002E002E002E002E002E002E002E0B1
:104FF00002E002E002E002E002E002E002E002E0A1
:1050000002E002E002E002E002E002E002E002E090
:1050100002E002E002E002E002E002E002E002E080
:1050200002E002E002E002E002E002E002E002E070
:1050300002E002E002E002E002E002E002E002E060
:1050400002E002E002E002E002E002E002E002E050
:1050500002E002E002E002E002E002E002E002E040
:1050600002E002E002E002E002E002E002E002E030
:1050700002E002E002E002E002E002E0A1D802E089
:10508000E2FE02EC00FF00FF00FF00FF00FF00FF58
:1050900000FF00FF00FF00FF00FF00FF00FF00FF18
:1050A00000FF00FFE0F600FF01E223FE02E022E045
:1050B00002E022E802E002E002E002E002E002E0B8
:1050C00002E002E002E002E002E002E002E002E0D0
:1050D00002E002E002E002E002E002E002E002E0C0
:1050E00002E002E002E002E002E002E002E002E0B0
:1050F00002E002E002E002E002E002E002E002E0A0
:1051000002E002E002E002E002E002E002E002E08F
:1051100002E002E002E002E002E002E002E002E07F
:1051200002E002E002E002E002E002E002E002E06F
:1051300002E002E002E002E002E002E002E002E05F
:1051400002E002E002E002E002E002E002E002E04F
:1051500002E002E002E002E002E002E002E002E03F
:1051600002E002E002E002E002E002E002E002E02F
:1051700002E002E002E002E002E002E020D921E0E9
:10518000E1FE63FD00FF00FFE0FE00FF00FF00FF07
:1051900000FF00FF00FF00FF00FF00FF00FF00FF17
:1051A000E0FE00FF00FFE0FEC2EBA2FE02E061D8DD
:1051B00002E002E002E002E002E002E002E002E0DF
:1051C00002E002E002E002E002E002E002E002E0CF
:1051D00002E002E002E002E002E002E002E002E0BF
:1051E00002E002E002E002E002E002E002E002E0AF
:1051F00002E002E002E002E002E002E002E002E09F
:1052000002E002E002E002E002E002E002E001E08F
:1052100002E002E002E002E002E002E002E002E07E
:1052200002E002E002E002E002E002E002E002E06E
:1052300002E002E002E002E002E002E002E002E05E
:1052400002E002E002E002E002E002E002E002E04E
:1052500002E002E002E002E002E002E002E002E03E
:1052600002E002E002E002E002E002E002E002E02E
:1052700002E002E002E002E002E002E021E241D8C6
:10528000E1FE42FE00FF00FFE0FEE0FEE0FEE0FE89
:10529000E0FEE0FE00FF00FF00FF00FF00FFE0FE79
:1052A000E0FE00FF00FF00FF02F5E1FE22E0E0D09B
:1052B00002E002E002E002E002E002E002E002E0DE
:1052C00002E002E002E002E002E002E002E002E0CE
:1052D00002E002E002E002E002E002E002E002E0BE
:1052E00002E002E002E002E002E002E002E002E0AE
:1052F00002E002E002E002E002E002E002E002E09E
:1053000002E002E002E002E002E002E002E002E08D
:1053100002E802E002E002E002E002E002E002E075
:1053200002E002E002E002E002E002E002E002E06D
:1053300002E002E002E002E002E002E002E002E05D
:1053400002E002E002E002E002E002E002E002E04D
:1053500002E002E002E002E002E002E002E002E03D
:1053600002E002E002E002E002E002E002E002E02D
:1053700002E002E002E002E002E002E0A2EB61D023
:1053800000FFA2FEE0FE00FF00FF00FF00FF00FFA5
:10539000E1FE00FF01FFE0F600FF01FF00FF00FF5C
:1053A00000FF00FF00FF00FFE2FDE0FE22E0E1D988
:1053B00002E002E002E002E002E002E002E002E0DD
:1053C00002E002E002E002E002E002E002E002E0CD
:1053D00002E002E002E002E002E002E002E002E0BD
:1053E00002E002E002E002E002E002E002E002E0AD
:1053F00002E002E002E002E002E002E002E002E09D
:1054000002E002E002E002E022E002E041E002E02D
:1054100001E022E002E002E002E002E002E002E05D
:1054200002E002E002E002E002E002E002E002E06C
:1054300002E002E002E002E002E002E002E002E05C
:1054400002E002E002E002E002E002E002E002E04C
:1054500002E002E002E002E002E002E002E002E03C
:1054600002E002E002E002E002E002E002E002E02C
:1054700002E002E002E002E002E002E002F5E0D039
:1054800000FFC1FE00FF00FFE0FE00FFE0FE00FFA6
:10549000E1FEE1FEC1FEC1FE00FFC1FE00FF00FF14
:1054A00000FF00FF00FF00FF81FE00FF61D821EB3D
:1054B00002E002E002E001E002E002E002E002E0DD
:1054C00002E002E002E002E002E002E002E002E0CC
:1054D00002E002E002E002E002E002E002E002E0BC
:1054E00002E002E002E002E002E002E002E002E0AC
:1054F00002E002E002E002E002E002E001E002E09D
:1055000002E002E002E002E002E002E042E142D812
:1055100001E062E002E802E002E002E002E002E014
:1055200002E002E802E002E002E002E002E002E063
:1055300002E002E002E002E002E002E002E002E05B
:1055400002E002E002E002E002E002E002E002E04B
:1055500002E002E002E002E002E002E002E002E03B
:1055600002E002E002E002E002E002E002E002E02B
:1055700002E002E002E002E021D802E002FEE0D90F
:1055800000FFE1FE00FF00FFE0FEE0FEE0FE00FFA6
:10559000C2FDC2FE62ECE1E3E1FE43FE00FF00FF5C
:1055A00000FF00FF00FF00FFE1FE00FFC1D862F432
:1055B00002E822E002E002E002E002E002E002E0B3
:1055C00002E002E002E002E002E002E002E002E0CB
:1055D00002E002E002E002E002E002E002E002E0BB
:1055E00002E002E002E002E002E002E002E002E0AB
:1055F00002E002E002E002E002E002E002E002E09B
:1056000002E002E002E002E022E002E084F362E174
:1056100021E0C1D802E802E002E002E002E002E09C
:1056200002E002E802E002E002E002E002E002E062
:1056300002E002E002E002E002E002E002E002E05A
:1056400002E002E002E002E002E002E002E002E04A
:1056500002E002E002E002E002E002E002E002E03A
:1056600002E002E002E002E002E002E002E002E02A
:1056700002E002E002E002E040D802E082FE21E324
:1056800000FFE0FE00FF00FF00FFE0FE83FEE1FE02
:1056900001DAA2ECE1D080D0A3F502E301FFC2FE63
:1056A00000FF00FF00FF00FFE1FE00FF80D9A2FD28
:1056B00002E822E002E002E002E002E002E002E0B2
:1056C00002E002E002E002E002E002E002E002E0CA
:1056D00002E002E002E002E002E002E002E002E0BA
:1056E00002E002E002E002E002E002E002E002E0AA
:1056F00002E002E002E002E002E002E002E002E892
:1057000002E002E002E002E040D802E085FDE2E2D1
:1057100021E0E0D902E002E002E002E002E002E083
:1057200002E002E002E002E002E002E002E002E069
:1057300002E002E002E002E002E002E002E002E059
:1057400002E002E002E002E002E002E002E002E049
:1057500002E002E002E002E002E002E002E002E039
:1057600002E002E002E002E002E002E002E002E029
:1057700002E002E002E002E0C0D802E0C1FE61EC1B
:1057800000FF00FF00FF00FFC1FE00FF62E3E3FD3A
:1057900042D841D121E021D8E1D981D862FE82F4FA
:1057A00000FFE1FE00FF00FFE0FE00FF81E283FE5C
:1057B00001E041E002E022E002E002E002E002E07B
:1057C00002E002E002E002E002E002E002E002E0C9
:1057D00002E002E002E002E002E002E002E002E0B9
:1057E00002E002E002E002E002E002E002E002E0A9
:1057F00002E002E002E002E002E002E002E002E099
:1058000002E002E002E002E0E0D021E083FE62EC90
:1058100061D8A2EB02E001E002E002E002E002E077
:1058200002E002E002E002E002E002E002E002E068
:1058300002E002E002E002E002E002E002E002E058
:1058400002E002E002E002E002E002E002E002E048
:1058500002E002E002E002E002E002E002E002E038
:1058600002E002E002E002E002E002E002E002E028
:1058700001E002E002E002E081D922E0E1FEA2FDC7
:1058800000FF00FFE1FE01FF03F5A2FEA1D841DA0F
:1058900002E041E002E002E041D822E061EB00D109
:1058A000E1FEC2FDE0FEE0FE01FF01FF02ECE2FED0
:1058B00002E080D801E022E002E002E002E002E043
:1058C00002E002E002E002E002E002E002E002E0C8
:1058D00002E002E002E002E002E002E002E002E0B8
:1058E00002E002E002E002E002E002E002E002E0A8
:1058F00002E002E002E002E002E002E001E002E099
:1059000021D821E021D821D8C1D941D8E2FEA3FD78
:1059100001D1E3F421D821D821E021E002E002E026
:1059200002E002E802E002E002E002E002E002E05F
:1059300002E002E002E002E002E002E002E002E057
:1059400002E002E002E002E002E002E002E002E047
:1059500002E002E002E002E002E002E002E002E037
:1059600002E002E002E002E002E002E002E002E027
:1059700001E002E002E002E081E241D801FF83FEA3
:10598000E0FE01FF23FEC1FE61D9E2EB22E041D837
:1059900002E002E002E002E002E002E081D021D871
:1059A000E2F441DAE1FEA3FE01FF01FF83F5E1F637
:1059B00022E000D102E002E002E001E002E002E0C9
:1059C00002E002E002E002E002E002E002E002E0C7
:1059D00002E002E002E002E002E002E002E002E0B7
:1059E00002E002E002E002E002E002E002E002E0A7
:1059F00002E002E002E002E002E002E061E002E038
:105A000001E282E121DA01E2E1E341DAE1FEA3FE13
:105A100021E302F6C1D901DA81D9C1D941E022E1FD
:105A200002E001E002E002E002E002E002E002E067
:105A300002E002E002E002E002E002E002E002E056
:105A400002E002E002E002E002E002E002E002E046
:105A500002E002E002E002E002E002E002E002E036
:105A600002E002E002E002E002E002E001E002E027
:105A700002E002E002E022E002EC81D8E0FEC1FE9A
:105A800083FE01FF81DA43FD22E0C0D802E002E09C
:105A900002E002E002E002E002E002E022E002E0D6
:105AA00040D941D803FEA2EBE0FEE1FE62FE00FF1A
:105AB00021D841DA01E002E002E002E002E002E087
:105AC00002E002E002E002E002E002E002E002E0C6
:105AD00002E002E002E002E002E002E002E002E0B6
:105AE00002E002E002E002E002E002E002E002E0A6
:105AF00002E002E002E002E002E002E081D802E01F
:105B000005FD84EA03FEE3FD81F622FEE1FEE1FEEF
:105B100041FE01FF02FE02FEA5FCA3FD41D823E2E7
:105B200002E022E002E002E002E002E002E002E045
:105B300002E002E002E002E002E002E002E002E055
:105B400002E002E002E002E002E002E002E002E045
:105B500002E002E002E002E002E002E002E002E035
:105B600002E002E002E002E002E002E002E002E025
:105B700002E003E002E002E083FD40D1C1FEE1FE6D
:105B800022EC22FE61D880D102E002E002E022E0B5
:105B900002E001E002E002E002E002E001E002E0F7
:105BA00021D801E081DAA1D8A2FE23F5A1FE01FFF0
:105BB00060D802EC02E002E002E002E002E002E073
:105BC00002E002E002E002E002E002E002E002E0C5
:105BD00002E002E002E002E002E002E002E002E0B5
:105BE00002E002E002E002E002E002E002E002E0A5
:105BF00002E002E002E002E002E002E022E002E075
:105C0000C2E2A1D8C2FE84FD00FFE1FEE0FE00FF7B
:105C100001FF00FF83FEE2FE42E224F522E082D88B
:105C200002E002E802E002E002E002E002E002E05C
:105C300002E002E002E002E002E002E002E002E054
:105C400002E002E002E002E002E002E002E002E044
:105C500002E002E002E002E002E002E002E002E034
:105C600002E002E002E002E002E002E002E002E024
:105C700002E022E021D822E023FE81DA83FDC2FE89
:105C8000E1D801E301E042E002E022E002E802E0C4
:105C900002E002E002E002E002E002E002E002E0F4
:105CA00021E002E041D801D802EC81D9C2FE43FED6
:105CB000E1D824F501E022E002E002E002E002E0A7
:105CC00002E002E002E002E002E002E002E002E0C4
:105CD00002E002E002E002E002E002E002E002E0B4
:105CE00002E002E002E002E002E002E002E002E0A4
:105CF00002E002E002E002E002E002E002E002E094
:105D000081D041E0E2F421DA00FFA2FEE0FE00FFD4
:105D100000FF01FF23EC82FE41D8A1D902E022E07E
:105D200002E003E802E002E002E002E002E002E05A
:105D300002E002E002E002E002E002E002E002E053
:105D400002E002E002E002E002E002E002E002E043
:105D500002E002E002E002E002E002E002E002E033
:105D600002E002E002E002E002E002E002E002E023
:105D700001E001E061D822E004FEC3EBC1D982F466
:105D800021E081D802E002E002E802E002E002E065
:105D900002E002E002E002E002E002E002E002E0F3
:105DA00002E002E002E802E8E1D841E083FDC1DA66
:105DB00002E2A4FD01E021E002E002E002E002E0F4
:105DC00002E002E002E002E002E002E002E002E0C3
:105DD00002E002E002E002E002E002E002E002E0B3
:105DE00002E002E002E002E002E002E002E002E0A3
:105DF00002E002E002E002E002E002E002E002E093
:105E000022E021D8E0D141D8E1FEA2F500FF00FF59
:105E1000C2FEE0FE20D161E402E041E002E002E0E7
:105E200002E022E002E002E002E002E002E002E042
:105E300002E002E002E002E002E002E002E002E052
:105E400002E002E002E002E002E002E002E002E042
:105E500002E002E002E002E002E002E002E002E032
:105E600002E002E002E002E002E002E002E002E022
:105E700001E001E0E1D822E823EBC5F342E000D1E4
:105E800001E002E802E002E002E002E002E002E0FB
:105E900002E002E002E002E002E002E002E002E0F2
:105EA00002E002E002E002E021E022E0C0D961D895
:105EB000A3EAE4F302E061E002E002E002E002E0D3
:105EC00002E002E002E002E002E002E002E002E0C2
:105ED00002E002E002E002E002E002E002E002E0B2
:105EE00002E002E002E002E002E002E002E002E0A2
:105EF00002E002E002E002E002E002E002E802E08A
:105F000002E002E0E0D921D8E1FEE2FDE0FEE0FEA1
:105F100002FF01FFE0D0A2EC02E801E022E002E093
:105F200002E002E002E002E002E002E002E002E061
:105F300002E002E002E002E002E002E002E002E051
:105F400002E002E002E002E002E002E002E002E041
:105F500002E002E002E002E002E002E002E002E031
:105F600002E002E002E002E002E002E002E002E021
:105F700001E001E0A2E022E080D862E123E821D83C
:105F800022E002E002E002E002E002E002E002E0E1
:105F900002E002E002E002E002E002E002E002E0F1
:105FA00002E002E002E002E002E002E041D822E08A
:105FB00023E1E2D802E021D802E002E002E002E0C0
:105FC00002E002E002E002E002E002E002E002E0C1
:105FD00002E002E002E002E002E002E002E002E0B1
:105FE00002E002E002E002E002E002E002E002E0A1
:105FF00002E002E002E002E002E002E001E002E092
:1060000022E002E002E361D8E2FE63FEA1F542FE77
:10601000E2FE82FE80D9C3FD02E022E002E002E857
:1060200002E001E002E002E002E002E002E002E061
:1060300002E002E002E002E002E002E002E002E050
:1060400002E002E002E002E002E002E002E002E040
:1060500002E002E002E002E002E002E002E002E030
:1060600002E002E002E002E002E002E002E002E020
:1060700002E002E022E002E002E022E002E002E0D0
:1060800002E002E002E002E002E002E002E002E000
:1060900002E002E002E002E002E002E002E002E0F0
:1060A00002E002E002E002E002E002E022E001E0C1
:1060B00022E022E002E001E002E002E002E002E091
:1060C00002E002E002E002E002E002E002E002E0C0
:1060D00002E002E002E002E002E002E002E002E0B0
:1060E00002E002E002E002E002E002E002E002E0A0
:1060F00002E002E002E002E002E002E002E002E090
:1061000001E003E042ECC0D843F584FEA0C9A1DA67
:1061100004FEC3E3A1E223FE02E041D802E822E844
:1061200002E002E002E002E002E002E002E002E05F
:1061300002E002E002E002E002E002E002E002E04F
:1061400002E002E002E002E002E002E002E002E03F
:1061500002E002E002E002E002E002E002E002E02F
:1061600002E002E002E002E002E002E002E002E01F
:1061700002E002E001E002E802E002E002E802E000
:1061800002E002E802E002E002E002E002E002E0F7
:1061900002E002E002E002E002E002E002E002E0EF
:1061A00002E002E002E002E002E002E001E002E8D8
:1061B00001E001E002E002E802E002E002E002E0C9
:1061C00002E002E002E002E002E002E002E002E0BF
:1061D00002E002E002E002E002E002E002E002E0AF
:1061E00002E002E002E002E002E002E002E002E09F
:1061F00002E002E002E002E002E002E002E002E08F
:1062000021E002E0C5FC61E181D103EC21D861D835
:1062100081E2A1D0E4F3E4FC02E0A1D802E002E0D4
:1062200002E002E002E002E002E002E002E002E05E
:1062300002E002E002E002E002E002E002E002E04E
:1062400002E002E002E002E002E002E002E002E03E
:1062500002E002E002E002E002E002E002E002E02E
:1062600002E002E002E002E002E002E002E002E01E
:1062700002E002E002E802E802E001E002E022E0DF
:1062800002E002E002E002E002E002E002E002E0FE
:1062900002E002E002E002E002E002E002E002E0EE
:1062A00002E002E002E002E002E002E002E002E0DE
:1062B00002E002E002E002E002E002E002E002E0CE
:1062C00002E002E002E002E002E002E002E002E0BE
:1062D00002E002E002E002E002E002E002E002E0AE
:1062E00002E002E002E002E002E002E002E002E09E
:1062F00002E002E002E002E002E002E001E002E08F
:1063000021E001E043EA22E121D8E1E002E002E0FD
:1063100061D822E083EA61D922E081D802E002E07C
:1063200002E001E002E002E002E002E002E002E05E
:1063300002E002E002E002E002E002E002E002E04D
:1063400002E002E002E002E002E002E002E002E03D
:1063500002E002E002E002E002E002E002E002E02D
:1063600002E002E002E002E002E002E002E002E01D
:1063700001E001E002E002E002E002E002E002E00F
:1063800002E002E002E002E802E002E002E002E0F5
:1063900002E002E002E002E002E002E002E002E0ED
:1063A00002E002E002E002E002E002E001E001E8D7
:1063B00002E022E802E002E002E002E002E002E0A5
:1063C00002E002E002E002E002E002E002E002E0BD
:1063D00002E002E002E002E002E002E002E002E0AD
:1063E00002E002E002E002E002E002E002E002E09D
:1063F00002E002E002E002E002E002E002E002E08D
:1064000002E002E042E041E001E021E002E002E0DF
:1064100001E002E061E021D801E022E002E002E8D0
:1064200002E002E002E002E002E002E002E002E05C
:1064300002E002E002E002E002E002E002E002E04C
:1064400002E002E002E002E002E002E002E002E03C
:1064500002E002E002E002E002E002E002E002E02C
:1064600002E002E002E002E002E002E002E002E01C
:1064700002E002E002E002E002E002E002E002E00C
:1064800002E002E002E002E002E002E002E002E0FC
:1064900002E002E002E002E002E002E002E002E0EC
:1064A00002E002E002E002E002E002E002E002E0DC
:1064B00002E002E002E002E002E002E002E002E0CC
:1064C00002E002E002E002E002E002E002E002E0BC
:1064D00002E002E002E002E002E802E002E002E0A4
:1064E00001E002E801E002E002E801E001E002E090
:1064F00002E002E001E003E802E002E802E002E07C
:1065000002E002E002E002E002E002E002E002E07B
:1065100002E002E002E002E002E002E002E002E06B
:1065200002E002E002E002E002E002E002E002E05B
:1065300002E002E002E002E002E002E002E002E04B
:1065400002E002E002E002E002E002E002E002E03B
:1065500002E002E002E002E002E002E002E002E02B
:1065600002E002E002E002E002E002E002E002E01B
:1065700002E002E002E002E002E002E002E002E00B
:1065800002E002E002E002E002E002E002E002E0FB
:1065900002E002E002E002E002E002E002E002E0EB
:1065A00002E002E002E002E002E002E002E002E0DB
:1065B00002E002E002E002E002E002E002E002E0CB
:1065C00002E002E002E002E002E002E002E002E0BB
:1065D00002E002E002E002E002E802E002E002E0A3
:1065E00001E021E002E022E002E002E002E022E03D
:1065F00022D822E002E003E022E002E002E001E033
:1066000002E002E002E002E002E002E002E002E07A
:1066100002E002E002E002E002E002E002E002E06A
:1066200002E002E002E002E002E002E002E002E05A
:1066300002E002E002E002E002E002E002E002E04A
:1066400002E002E002E002E002E002E002E002E03A
:1066500002E002E002E002E002E002E002E002E02A
:1066600002E002E002E002E002E002E002E002E01A
:1066700002E002E002E002E002E002E002E002E00A
:1066800002E002E002E002E002E002E002E002E0FA
:1066900002E002E002E002E002E002E002E002E0EA
:1066A00002E002E002E002E002E002E002E002E0DA
:1066B00002E002E002E002E002E002E002E002E0CA
:1066C00002E002E002E002E002E002E002E002E0BA
:1066D00002E002E002E002E022E002E002E002E08A
:1066E00022E022E001E002E021E022E041D801E0E6
:1066F00063E162D902E022D802E002E802E001E0B0
:1067000002E002E002E002E002E002E002E002E079
:1067100002E002E002E002E002E002E002E002E069
:1067200002E002E002E002E002E002E002E002E059
:1067300002E002E002E002E002E002E002E002E049
:1067400002E002E002E002E002E002E002E002E039
:1067500002E002E002E002E002E002E002E002E029
:1067600002E002E002E002E002E002E002E002E019
:1067700002E002E002E002E002E002E002E002E009
:1067800002E002E002E002E002E002E002E002E0F9
:1067900002E002E002E002E002E002E002E002E0E9
:1067A00002E002E002E002E002E002E002E002E0D9
:1067B00002E002E002E002E002E002E002E002E0C9
:1067C00002E002E002E002E002E002E002E002E0B9
:1067D00002E002E002E002E002E002E021D821E073
:1067E00061D882E022E021D822E022E0A0D961D85D
:1067F00043EA44F401E021D802E022E802E002E0AA
:1068000002E002E002E002E002E002E002E002E078
:1068100002E002E002E002E002E002E002E002E068
:1068200002E002E002E002E002E002E002E002E058
:1068300002E002E002E002E002E002E002E002E048
:1068400002E002E002E002E002E002E002E002E038
:1068500002E002E002E002E002E002E002E002E028
:1068600002E002E002E002E002E002E002E002E018
:1068700002E002E002E002E002E002E002E002E008
:1068800002E002E002E002E002E002E002E002E0F8
:1068900002E002E002E002E002E002E002E002E0E8
:1068A00002E002E002E002E002E002E002E002E0D8
:1068B00002E002E002E002E002E002E002E002E0C8
:1068C00002E002E002E002E002E002E002E002E0B8
:1068D00002E002E002E002E002E002E062E022E028
:1068E00003EB23EAA0D880D942D822D8C3F480D9B8
:1068F00000DA05FE22E021E002E002E002E002E030
:1069000002E002E002E002E002E002E002E002E077
:1069100002E002E002E002E002E002E002E002E067
:1069200002E002E002E002E002E002E002E002E057
:1069300002E002E002E002E002E002E002E002E047
:1069400002E002E002E002E002E002E002E002E037
:1069500002E002E002E002E002E002E002E002E027
:1069600002E002E002E002E002E002E002E002E017
:1069700002E002E002E002E002E002E002E002E007
:1069800002E002E002E002E002E002E002E002E0F7
:1069900002E002E002E002E002E002E002E002E0E7
:1069A00002E002E002E002E002E002E002E002E0D7
:1069B00002E002E002E002E002E002E002E002E0C7
:1069C00002E002E002E002E002E002E002E002E0B7
:1069D00002E002E002E002E002E002E022E021E068
:1069E00065FDC2D9E2EB63FDE0C901D2A2FEC3F4AA
:1069F000A0D103FE22E822E002E002E002E002E091
:106A000002E002E002E002E002E002E002E002E076
:106A100002E002E002E002E002E002E002E002E066
:106A200002E002E002E002E002E002E002E002E056
:106A300002E002E002E002E002E002E002E002E046
:106A400002E002E002E002E002E002E002E002E036
:106A500002E002E002E002E002E002E002E002E026
:106A600002E002E002E002E002E002E002E002E016
:106A700002E002E002E002E002E002E002E002E006
:106A800002E002E002E002E002E002E002E002E0F6
:106A900002E002E002E002E002E002E002E002E0E6
:106AA00002E002E002E002E002E002E002E002E0D6
:106AB00002E002E002E002E002E002E002E002E0C6
:106AC00002E002E002E002E002E002E002E002E0B6
:106AD00002E002E002E002E002E002E021E002E087
:106AE000C2EBA1D8A2FE82FEC2F5E3FDE1FEC1FE2B
:106AF00040D1A2FD02E821D802E002E002E002E07B
:106B000002E002E002E002E002E002E002E002E075
:106B100002E002E002E002E002E002E002E002E065
:106B200002E002E002E002E002E002E002E002E055
:106B300002E002E002E002E002E002E002E002E045
:106B400002E002E002E002E002E002E002E002E035
:106B500002E002E002E002E002E002E002E002E025
:106B600002E002E002E002E002E002E002E002E015
:106B700002E002E002E002E002E002E002E002E005
:106B800002E002E002E002E002E002E002E002E0F5
:106B900002E002E002E002E002E002E002E002E0E5
:106BA00002E002E002E002E002E002E002E002E0D5
:106BB00002E002E002E002E002E002E002E002E0C5
:106BC00002E002E002E002E002E002E002E002E0B5
:106BD00002E002E002E002E002E002E001E002E0A6
:106BE000C0D942E0E1FEA3FDE1FEE1FEE1FEE0FEF0
:106BF000A0D1A2FD22E060D022E001E002E002E0AC
:106C000002E002E002E002E002E002E002E002E074
:106C100002E002E002E002E002E002E002E002E064
:106C200002E002E002E002E002E002E002E002E054
:106C300002E002E002E002E002E002E002E002E044
:106C400002E002E002E002E002E002E002E002E034
:106C500002E002E002E002E002E002E002E002E024
:106C600002E002E002E002E002E002E002E002E014
:106C700002E002E002E002E002E002E002E002E004
:106C800002E002E002E002E002E002E002E002E0F4
:106C900002E002E002E002E002E002E002E002E0E4
:106CA00002E002E002E002E002E002E002E002E0D4
:106CB00002E002E002E002E002E002E002E002E0C4
:106CC00002E002E002E002E002E002E002E002E0B4
:106CD00002E002E002E002E002E002E001E002E89D
:106CE000A0D021D8A1FE01E400FF00FFE1FE00FFDB
:106CF000E2F482FE01D9C1DA21E061D802E002E0CB
:106D000002E002E002E002E002E002E002E002E073
:106D100002E002E002E002E002E002E002E002E063
:106D200002E002E002E002E002E002E002E002E053
:106D300002E002E002E002E002E002E002E002E043
:106D400002E002E002E002E002E002E002E002E033
:106D500002E002E002E002E002E002E002E002E023
:106D600002E002E002E002E002E002E002E002E013
:106D700002E002E002E002E002E002E002E002E003
:106D800002E002E002E002E002E002E002E002E0F3
:106D900002E002E002E002E002E002E002E002E0E3
:106DA00002E002E002E002E002E002E002E002E0D3
:106DB00002E002E002E002E002E002E002E002E0C3
:106DC00002E002E002E002E002E002E002E002E0B3
:106DD00002E002E002E002E002E002E002E002E89B
:106DE000E0D042D8A2FE41ECE0F601FFE0FE20FF39
:106DF000C1FE00FFE3FC43FEE1D882E202E041E095
:106E000002E002E002E002E002E002E002E002E072
:106E100002E002E002E002E002E002E002E002E062
:106E200002E002E002E002E002E002E002E002E052
:106E300002E002E002E002E002E002E002E002E042
:106E400002E002E002E002E002E002E002E002E032
:106E500002E002E002E002E002E002E002E002E022
:106E600002E002E002E002E002E002E002E002E012
:106E700002E002E002E002E002E002E002E002E002
:106E800002E002E002E002E002E002E002E002E0F2
:106E900002E002E002E002E002E002E002E002E0E2
:106EA00002E002E002E002E002E002E002E002E0D2
:106EB00002E002E002E002E002E002E002E002E0C2
:106EC00002E002E002E002E002E002E002E002E0B2
:106ED00002E002E002E002E001E002E021E022E064
:106EE00061EBC1D8E1FE42FEE0FEE1FE01FF20FFC2
:106EF000C2FEE1FE84FD43FE03EA25F402E061E008
:106F000002E002E002E002E002E002E002E002E071
:106F100002E002E002E002E002E002E002E002E061
:106F200002E002E002E002E002E002E002E002E051
:106F300002E002E002E002E002E002E002E002E041
:106F400002E002E002E002E002E002E002E002E031
:106F500002E002E002E002E002E002E002E002E021
:106F600002E002E002E002E002E002E002E002E011
:106F700002E002E002E002E002E002E002E002E001
:106F800002E002E002E002E002E002E002E002E0F1
:106F900002E002E002E002E002E002E002E002E0E1
:106FA00002E002E002E002E002E002E002E002E0D1
:106FB00002E002E002E002E002E002E002E002E0C1
:106FC00002E002E002E002E002E002E002E002E0B1
:106FD00002E002E002E002E002E002E0A1D802E00A
:106FE00023FEE1E2C2FEC2FEE0FEA1FEC1FE00FF02
:106FF00021E301ED61D921DA61D8E1D802E022E094
:1070000002E002E002E002E002E002E002E002E070
:1070100002E002E002E002E002E002E002E002E060
:1070200002E002E002E002E002E002E002E002E050
:1070300002E002E002E002E002E002E002E002E040
:1070400002E002E002E002E002E002E002E002E030
:1070500002E002E002E002E002E002E002E002E020
:1070600002E002E002E002E002E002E002E002E010
:1070700002E002E002E002E002E002E002E002E000
:1070800002E002E002E002E002E002E002E002E0F0
:1070900002E002E002E002E002E002E002E002E0E0
:1070A00002E002E002E002E002E002E002E002E0D0
:1070B00002E002E002E002E002E002E002E002E0C0
:1070C00002E002E002E002E002E002E002E002E0B0
:1070D00002E002E002E002E022E002E022E241D827
:1070E00083F5C5FC42EC02F542FE81EC82FE01FF15
:1070F00081D8A0DA21E021D802E021E002E002E01C
:1071000002E002E002E002E002E002E002E002E06F
:1071100002E002E002E002E002E002E002E002E05F
:1071200002E002E002E002E002E002E002E002E04F
:1071300002E002E002E002E002E002E002E002E03F
:1071400002E002E002E002E002E002E002E002E02F
:1071500002E002E002E002E002E002E002E002E01F
:1071600002E002E002E002E002E002E002E002E00F
:1071700002E002E002E002E002E002E002E002E0FF
:1071800002E002E002E002E002E002E002E002E0EF
:1071900002E002E002E002E002E002E002E002E0DF
:1071A00002E002E002E002E002E002E002E002E0CF
:1071B00002E002E002E002E002E002E002E002E0BF
:1071C00002E002E002E002E002E002E002E002E0AF
:1071D00002E002E002E002E022E002E082E161D8A7
:1071E00060D9E2E181D0C1D882EC00C943FEA2FEA1
:1071F00021E0E1D902E002E002E002E002E002E088
:1072000002E002E002E002E002E002E002E002E06E
:1072100002E002E002E002E002E002E002E002E05E
:1072200002E002E002E002E002E002E002E002E04E
:1072300002E002E002E002E002E002E002E002E03E
:1072400002E002E002E002E002E002E002E002E02E
:1072500002E002E002E002E002E002E002E002E01E
:1072600002E002E002E002E002E002E002E002E00E
:1072700002E002E002E002E002E002E002E002E0FE
:1072800002E002E002E002E002E002E002E002E0EE
:1072900002E002E002E002E002E002E002E002E0DE
:1072A00002E002E002E002E002E002E002E002E0CE
:1072B00002E002E002E002E002E002E002E002E0BE
:1072C00002E002E002E002E002E002E002E002E0AE
:1072D00002E002E002E002E001E002E022E021E060
:1072E00022E022D801E021E000DA20D083FDA3FDD6
:1072F00022E081D902E002E002E002E002E002E0E6
:1073000002E002E002E002E002E002E002E002E06D
:1073100002E002E002E002E002E002E002E002E05D
:1073200002E002E002E002E002E002E002E002E04D
:1073300002E002E002E002E002E002E002E002E03D
:1073400002E002E002E002E002E002E002E002E02D
:1073500002E002E002E002E002E002E002E002E01D
:1073600002E002E002E002E002E002E002E002E00D
:1073700002E002E002E002E002E002E002E002E0FD
:1073800002E002E002E002E002E002E002E002E0ED
:1073900002E002E002E002E002E002E002E002E0DD
:1073A00002E002E002E002E002E002E002E002E0CD
:1073B00002E002E002E002E002E002E002E002E0BD
:1073C00002E002E002E002E002E002E002E002E0AD
:1073D00002E002E002E002E002E002E021E001E07F
:1073E00002E822E002E002E081D822E0A4F4A3F364
:1073F00022E021D902E002E002E002E002E002E045
:1074000002E002E002E002E002E002E002E002E06C
:1074100002E002E002E002E002E002E002E002E05C
:1074200002E002E002E002E002E002E002E002E04C
:1074300002E002E002E002E002E002E002E002E03C
:1074400002E002E002E002E002E002E002E002E02C
:1074500002E002E002E002E002E002E002E002E01C
:1074600002E002E002E002E002E002E002E002E00C
:1074700002E002E002E002E002E002E002E002E0FC
:1074800002E002E002E002E002E002E002E002E0EC
:1074900002E002E002E002E002E002E002E002E0DC
:1074A00002E002E002E002E002E002E002E002E0CC
:1074B00002E002E002E002E002E002E002E002E0BC
:1074C00002E002E002E002E002E002E002E002E0AC
:1074D00002E002E002E002E002E002E001E002E09D
:1074E00002E002E002E002E042D801E0E4EA82D9F0
:1074F00002E0C2D802E002E002E002E002E002E0C4
:1075000002E002E002E002E002E002E002E002E06B
:1075100002E002E002E002E002E002E002E002E05B
:1075200002E002E002E002E002E002E002E002E04B
:1075300002E002E002E002E002E002E002E002E03B
:1075400002E002E002E002E002E002E002E002E02B
:1075500002E002E002E002E002E002E002E002E01B
:1075600002E002E002E002E002E002E002E002E00B
:1075700002E002E002E002E002E002E002E002E0FB
:1075800002E002E002E002E002E002E002E002E0EB
:1075900002E002E002E002E002E002E002E002E0DB
:1075A00002E002E002E002E002E002E002E002E0CB
:1075B00002E002E002E002E002E002E002E002E0BB
:1075C00002E002E002E002E002E002E002E002E0AB
:1075D00002E002E002E002E001E002E002E801E095
:1075E00002E002E002E002E021E002E8A2E042D88C
:1075F00002E021E002E002E002E002E002E002E05C
:1076000002E002E002E002E002E002E002E002E06A
:1076100002E002E002E002E002E002E002E002E05A
:1076200002E002E002E002E002E002E002E002E04A
:1076300002E002E002E002E002E002E002E002E03A
:1076400002E002E002E002E002E002E002E002E02A
:1076500002E002E002E002E002E002E002E002E01A
:1076600002E002E002E002E002E002E002E002E00A
:1076700002E002E002E002E002E002E002E002E0FA
:1076800002E002E002E002E002E002E002E002E0EA
:1076900002E002E002E002E002E002E002E002E0DA
:1076A00002E002E002E002E002E002E002E002E0CA
:1076B00002E002E002E002E002E002E002E002E0BA
:1076C00002E002E002E002E002E002E002E002E0AA
:1076D00002E002E002E002E002E002E002E002E09A
:1076E00002E002E002E002E002E002E002E002E08A
:1076F00002E002E002E002E002E002E002E002E07A
:1077000002E002E002E002E002E002E002E002E069
:1077100002E002E002E002E002E002E002E002E059
:1077200002E002E002E002E002E002E002E002E049
:1077300002E002E002E002E002E002E002E002E039
:1077400002E002E002E002E002E002E002E002E029
:1077500002E002E002E002E002E002E002E002E019
:1077600002E002E002E002E002E002E002E002E009
:1077700002E002E002E002E002E002E002E002E0F9
:1077800002E002E002E002E002E002E002E002E0E9
:1077900002E002E002E002E002E002E002E002E0D9
:1077A00002E002E002E002E002E002E002E002E0C9
:1077B00002E002E002E002E002E002E002E002E0B9
:1077C00002E002E002E002E002E002E002E002E0A9
:1077D00002E002E002E002E002E002E002E002E099
:1077E00002E002E002E002E002E002E002E002E089
:1077F00002E002E002E002E002E002E002E002E079
:1078000002E002E002E002E002E002E002E002E068
:1078100002E002E002E002E002E002E002E002E058
:1078200002E002E002E002E002E002E002E002E048
:1078300002E002E002E002E002E002E002E002E038
:1078400002E002E002E002E002E002E002E002E028
:1078500002E002E002E002E002E002E002E002E018
:1078600002E002E002E002E002E002E002E002E008
:1078700002E002E002E002E002E002E002E002E0F8
:1078800002E002E002E002E002E002E002E002E0E8
:1078900002E002E002E002E002E002E002E002E0D8
:1078A00002E002E002E002E002E002E002E002E0C8
:1078B00002E002E002E002E002E002E002E002E0B8
:1078C00002E002E002E002E002E002E002E002E0A8
:1078D00002E002E002E002E002E002E002E002E098
:1078E00002E002E002E002E002E002E002E002E088
:1078F00002E002E002E002E002E002E002E002E078
:1079000002E002E002E002E002E002E002E002E067
:1079100002E002E002E002E002E002E002E002E057
:1079200002E002E002E002E002E002E002E002E047
:1079300002E002E002E002E002E002E002E002E037
:1079400002E002E002E002E002E002E002E002E027
:1079500002E002E002E002E002E002E002E002E017
:1079600002E002E002E002E002E002E002E002E007
:1079700002E002E002E002E002E002E002E002E0F7
:1079800002E002E002E002E002E002E002E002E0E7
:1079900002E002E002E002E002E002E002E002E0D7
:1079A00002E002E002E002E002E002E002E002E0C7
:1079B00002E002E002E002E002E002E002E002E0B7
:1079C00002E002E002E002E002E002E002E002E0A7
:1079D00002E002E002E002E002E002E002E002E097
:1079E00002E002E002E002E002E002E002E002E087
:1079F00002E002E002E002E002E002E002E002E077
:107A000002E002E002E002E002E002E002E002E066
:107A100002E002E002E002E002E002E002E002E056
:107A200002E002E002E002E002E002E002E002E046
:107A300002E002E002E002E002E002E002E002E036
:107A400002E002E002E002E002E002E002E002E026
:107A500002E002E002E002E002E002E002E002E016
:107A600002E002E002E002E002E002E002E002E006
:107A700002E002E002E002E002E002E002E002E0F6
:107A800002E002E002E002E002E002E002E002E0E6
:107A900002E002E002E002E002E002E002E002E0D6
:107AA00002E002E002E002E002E002E002E002E0C6
:107AB00002E002E002E002E002E002E002E002E0B6
:107AC00002E002E002E002E002E002E002E002E0A6
:107AD00002E002E002E002E002E002E002E002E096
:107AE00002E002E002E002E002E002E002E002E086
:107AF00002E002E002E002E002E002E002E002E076
:107B000002E002E002E002E002E002E002E002E065
:107B100002E002E002E002E002E002E002E002E055
:107B200002E002E002E002E002E002E002E002E045
:107B300002E002E002E002E002E002E002E002E035
:107B400002E002E002E002E002E002E002E002E025
:107B500002E002E002E002E002E002E002E002E015
:107B600002E002E002E002E002E002E002E002E005
:107B700002E002E002E002E002E002E002E002E0F5
:107B800002E002E002E002E002E002E002E002E0E5
:107B900002E002E002E002E002E002E002E002E0D5
:107BA00002E002E002E002E002E002E002E002E0C5
:107BB00002E002E002E002E002E002E002E002E0B5
:107BC00002E002E002E002E002E002E002E002E0A5
:107BD00002E002E002E002E002E002E002E002E095
:107BE00002E002E002E002E002E002E002E002E085
:107BF00002E002E002E002E002E002E002E002E075
:107C000002E002E002E002E002E002E002E002E064
:107C100002E002E002E002E002E002E002E002E054
:107C200002E002E002E002E002E002E002E002E044
:107C300002E002E002E002E002E002E002E002E034
:107C400002E002E002E002E002E002E002E002E024
:107C500002E002E002E002E002E002E002E002E014
:107C600002E002E002E002E002E002E002E002E004
:107C700002E002E002E002E002E002E002E002E0F4
:107C800002E002E002E002E002E002E002E002E0E4
:107C900002E002E002E002E002E002E002E002E0D4
:107CA00002E002E002E002E002E002E002E002E0C4
:107CB00002E002E002E002E002E002E002E002E0B4
:107CC00002E002E002E002E002E002E002E002E0A4
:107CD00002E002E002E002E002E002E002E002E094
:107CE00002E002E002E002E002E002E002E002E084
:107CF00002E002E002E002E002E002E002E002E074
:107D000002E002E002E002E002E002E002E002E063
:107D100002E002E002E002E002E002E002E002E053
:107D200002E002E002E002E002E002E002E002E043
:107D300002E002E002E002E002E002E002E002E033
:107D400002E002E002E002E002E002E002E002E023
:107D500002E002E002E002E002E002E002E002E013
:107D600002E002E002E002E002E002E002E002E003
:107D700002E002E002E002E002E002E002E002E0F3
:107D800002E002E002E002E002E002E002E002E0E3
:107D900002E002E002E002E002E002E002E002E0D3
:107DA00002E002E002E002E002E002E002E002E0C3
:107DB00002E002E002E002E002E002E002E002E0B3
:107DC00002E002E002E002E002E002E002E002E0A3
:107DD00002E002E002E002E002E002E002E002E093
:107DE00002E002E002E002E002E002E002E002E083
:107DF00002E002E002E002E002E002E002E002E073
:107E000002E002E002E002E002E002E002E002E062
:107E100002E002E002E002E002E002E002E002E052
:107E200002E002E002E002E002E002E002E002E042
:107E300002E002E002E002E002E002E002E002E032
:107E400002E002E002E002E002E002E002E002E022
:107E500002E002E002E002E002E002E002E002E012
:107E600002E002E002E002E002E002E002E002E002
:107E700002E002E002E002E002E002E002E002E0F2
:107E800002E002E002E002E002E002E002E002E0E2
:107E900002E002E002E002E002E002E002E002E0D2
:107EA00002E002E002E002E002E002E002E002E0C2
:107EB00002E002E002E002E002E002E002E002E0B2
:107EC00002E002E002E002E002E002E002E002E0A2
:107ED00002E002E002E002E002E002E002E002E092
:107EE00002E002E002E002E002E002E002E002E082
:107EF00002E002E002E002E002E002E002E002E072
:107F000002E002E002E002E002E002E002E002E061
:107F100002E002E002E002E002E002E002E002E051
:107F200002E002E002E002E002E002E002E002E041
:107F300002E002E002E002E002E002E002E002E031
:107F400002E002E002E002E002E002E002E002E021
:107F500002E002E002E002E002E002E002E002E011
:107F600002E002E002E002E002E002E002E002E001
:107F700002E002E002E002E002E002E002E002E0F1
:107F800002E002E002E002E002E002E002E002E0E1
:107F900002E002E002E002E002E002E002E002E0D1
:107FA00002E002E002E002E002E002E002E002E0C1
:107FB00002E002E002E002E002E002E002E002E0B1
:107FC00002E002E002E002E002E002E002E002E0A1
:107FD00002E002E002E002E002E002E002E002E091
:107FE00002E002E002E002E002E002E002E002E081
:107FF00002E002E002E002E002E002E002E002E071
:1080000002E002E002E002E002E002E002E002E060
:1080100002E002E002E002E002E002E002E002E050
:1080200002E002E002E002E002E002E002E002E040
:1080300002E002E002E002E002E002E002E002E030
:1080400002E002E002E002E002E002E002E002E020
:1080500002E002E002E002E002E002E002E002E010
:1080600002E002E002E002E002E002E002E002E000
:1080700002E002E002E002E002E002E002E002E0F0
:1080800002E002E002E002E002E002E002E002E0E0
:1080900002E002E002E002E002E002E002E002E0D0
:1080A00002E002E002E002E002E002E002E002E0C0
:1080B00002E002E002E002E002E002E002E002E0B0
:1080C00002E002E002E002E002E002E002E002E0A0
:1080D00002E002E002E002E002E002E002E002E090
:1080E00002E002E002E002E002E002E002E002E080
:1080F00002E002E002E002E002E002E002E002E070
:1081000002E002E002E002E002E002E002E002E05F
:1081100002E002E002E002E002E002E002E002E04F
:1081200002E002E002E002E002E002E002E002E03F
:1081300002E002E002E002E002E002E002E002E02F
:1081400002E002E002E002E002E002E002E002E01F
:1081500002E002E002E002E002E002E002E002E00F
:1081600002E002E002E002E002E002E002E002E0FF
:1081700002E002E002E002E002E002E002E002E0EF
:1081800002E002E002E002E002E002E002E002E0DF
:1081900002E002E002E002E002E002E002E002E0CF
:1081A00002E002E002E002E002E002E002E002E0BF
:1081B00002E002E002E002E002E002E002E002E0AF
:1081C00002E002E002E002E002E002E002E002E09F
:1081D00002E002E002E002E002E002E002E002E08F
:1081E00002E002E002E002E002E002E002E002E07F
:1081F00002E002E002E002E002E002E002E002E06F
:1082000002E002E002E002E002E002E002E002E05E
:1082100002E002E002E002E002E002E002E002E04E
:1082200002E002E002E002E002E002E002E002E03E
:1082300002E002E002E002E002E002E002E002E02E
:1082400002E002E002E002E002E002E002E002E01E
:1082500002E002E002E002E002E002E002E002E00E
:1082600002E002E002E002E002E002E002E002E0FE
:1082700002E002E002E002E002E002E002E002E0EE
:1082800002E002E002E002E002E002E002E002E0DE
:1082900002E002E002E002E002E002E002E002E0CE
:1082A00002E002E002E002E002E002E002E002E0BE
:1082B00002E002E002E002E002E002E002E002E0AE
:1082C00002E002E002E002E002E002E002E002E09E
:1082D00002E002E002E002E002E002E002E002E08E
:1082E00002E002E002E002E002E002E002E002E07E
:1082F00002E002E002E002E002E002E002E002E06E
:1083000002E002E002E002E002E002E002E002E05D
:1083100002E002E002E002E002E002E002E002E04D
:1083200002E002E002E002E002E002E002E002E03D
:1083300002E002E002E002E002E002E002E002E02D
:1083400002E002E002E002E002E002E002E002E01D
:1083500002E002E002E002E002E002E002E002E00D
:1083600002E002E002E002E002E002E002E002E0FD
:1083700002E002E002E002E002E002E002E002E0ED
:1083800002E002E002E002E002E002E002E002E0DD
:1083900002E002E002E002E002E002E002E002E0CD
:1083A00002E002E002E002E002E002E002E002E0BD
:1083B00002E002E002E002E002E002E002E002E0AD
:1083C00002E002E002E002E002E002E002E002E09D
:1083D00002E002E002E002E002E002E002E002E08D
:1083E00002E002E002E002E002E002E002E002E07D
:1083F00002E002E002E002E002E002E002E002E06D
:1084000002E002E002E002E002E002E002E002E05C
:1084100002E002E002E002E002E002E002E002E04C
:1084200002E002E002E002E002E002E002E002E03C
:1084300002E002E002E002E002E002E002E002E02C
:1084400002E002E002E002E002E002E002E002E01C
:1084500002E002E002E002E002E002E002E002E00C
:1084600002E002E002E002E002E002E002E002E0FC
:1084700002E002E002E002E002E002E002E002E0EC
:1084800002E002E002E002E002E002E002E002E0DC
:1084900002E002E002E002E002E002E002E002E0CC
:1084A00002E002E002E002E002E002E002E002E0BC
:1084B00002E002E002E002E002E002E002E002E0AC
:1084C00002E002E002E002E002E002E002E002E09C
:1084D00002E002E002E002E002E002E002E002E08C
:1084E00002E002E002E002E002E002E002E002E07C
:1084F00002E002E002E002E002E002E002E002E06C
:1085000002E002E002E002E002E002E002E002E05B
:1085100002E002E002E002E002E002E002E002E04B
:1085200002E002E002E002E002E002E002E002E03B
:1085300002E002E002E002E002E002E002E002E02B
:1085400002E002E002E002E002E002E002E002E01B
:1085500002E002E002E002E002E002E002E002E00B
:1085600002E002E002E002E002E002E002E002E0FB
:1085700002E002E002E002E002E002E002E002E0EB
:1085800002E002E002E002E002E002E002E002E0DB
:1085900002E002E002E002E002E002E002E002E0CB
:1085A00002E002E002E002E002E002E002E002E0BB
:1085B00002E002E002E002E002E002E002E002E0AB
:1085C00002E002E002E002E002E002E002E002E09B
:1085D00002E002E002E002E002E002E002E002E08B
:1085E00002E002E002E002E002E002E002E002E07B
:1085F00002E002E002E002E002E002E002E002E06B
:1086000002E002E002E002E002E002E002E002E05A
:1086100002E002E002E002E002E002E002E002E04A
:1086200002E002E002E002E002E002E002E002E03A
:1086300002E002E002E002E002E002E002E002E02A
:1086400002E002E002E002E002E002E002E002E01A
:1086500002E002E002E002E002E002E002E002E00A
:1086600002E002E002E002E002E002E002E002E0FA
:1086700002E002E002E002E002E002E002E002E0EA
:1086800002E002E002E002E002E002E002E002E0DA
:1086900002E002E002E002E002E002E002E002E0CA
:1086A00002E002E002E002E002E002E002E002E0BA
:1086B00002E002E002E002E002E002E002E002E0AA
:1086C00002E002E002E002E002E002E002E002E09A
:1086D00002E002E002E002E002E002E002E002E08A
:1086E00002E002E002E002E002E002E002E002E07A
:1086F00002E002E002E002E002E002E002E002E06A
:1087000002E002E002E002E002E002E002E002E059
:1087100002E002E002E002E002E002E002E002E049
:1087200002E002E002E002E002E002E002E002E039
:1087300002E002E002E002E002E002E002E002E029
:1087400002E002E002E002E002E002E002E002E019
:1087500002E002E002E002E002E002E002E002E009
:1087600002E002E002E002E002E002E002E002E0F9
:1087700002E002E002E002E002E002E002E002E0E9
:1087800002E002E002E002E002E002E002E002E0D9
:1087900002E002E002E002E002E002E002E002E0C9
:1087A00002E002E002E002E002E002E002E002E0B9
:1087B00002E002E002E002E002E002E002E002E0A9
:1087C00002E002E002E002E002E002E002E002E099
:1087D00002E002E002E002E002E002E002E002E089
:1087E00002E002E002E002E002E002E002E002E079
:1087F00002E002E002E002E002E002E002E002E069
:1088000002E002E002E002E002E002E002E002E058
:1088100002E002E002E002E002E002E002E002E048
:1088200002E002E002E002E002E002E002E002E038
:1088300002E002E002E002E002E002E002E002E028
:1088400002E002E002E002E002E002E002E002E018
:1088500002E002E002E002E002E002E002E002E008
:1088600002E002E002E002E002E002E002E002E0F8
:1088700002E002E002E002E002E002E002E002E0E8
:1088800002E002E002E002E002E002E002E002E0D8
:1088900002E002E002E002E002E002E002E002E0C8
:1088A00002E002E002E002E002E002E002E002E0B8
:1088B00002E002E002E002E002E002E002E002E0A8
:1088C00002E002E002E002E002E002E002E002E098
:1088D00002E002E002E002E002E002E002E002E088
:1088E00002E002E002E002E002E002E002E002E078
:1088F00002E002E002E002E002E002E002E002E068
:1089000002E002E002E002E002E002E002E002E057
:1089100002E002E002E002E002E002E002E002E047
:1089200002E002E002E002E002E002E002E002E037
:1089300002E002E002E002E002E002E002E002E027
:1089400002E002E002E002E002E002E002E002E017
:1089500002E002E002E002E002E002E002E002E007
:1089600002E002E002E002E002E002E002E002E0F7
:1089700002E002E002E002E002E002E002E002E0E7
:1089800002E002E002E002E002E002E002E002E0D7
:1089900002E002E002E002E002E002E002E002E0C7
:1089A00002E002E002E002E002E002E002E002E0B7
:1089B00002E002E002E002E002E002E002E002E0A7
:1089C00002E002E002E002E002E002E002E002E097
:1089D00002E002E002E002E002E002E002E002E087
:1089E00002E002E002E002E002E002E002E002E077
:1089F00002E002E002E002E002E002E002E002E067
:108A000002E002E002E002E002E002E002E002E056
:108A100002E002E002E002E002E002E002E002E046
:108A200002E002E002E002E002E002E002E002E036
:108A300002E002E002E002E002E002E002E002E026
:108A400002E002E002E002E002E002E002E002E016
:108A500002E002E002E002E002E002E002E002E006
:108A600002E002E002E002E002E002E002E002E0F6
:108A700002E002E002E002E002E002E002E002E0E6
:108A800002E002E002E002E002E002E002E002E0D6
:108A900002E002E002E002E002E002E002E002E0C6
:108AA00002E002E002E002E002E002E002E002E0B6
:108AB00002E002E002E002E002E002E002E002E0A6
:108AC00002E002E002E002E002E002E002E002E096
:108AD00002E002E002E002E002E002E002E002E086
:108AE00002E002E002E002E002E002E002E002E076
:108AF00002E002E002E002E002E002E002E002E066
:108B000002E002E002E002E002E002E002E002E055
:108B100002E002E002E002E002E002E002E002E045
:108B200002E002E002E002E002E002E002E002E035
:108B300002E002E002E002E002E002E002E002E025
:108B400002E002E002E002E002E002E002E002E015
:108B500002E002E002E002E002E002E002E002E005
:108B600002E002E002E002E002E002E002E002E0F5
:108B700002E002E002E002E002E002E002E002E0E5
:108B800002E002E002E002E002E002E002E002E0D5
:108B900002E002E002E002E002E002E002E002E0C5
:108BA00002E002E002E002E002E002E002E002E0B5
:108BB00002E002E002E002E002E002E002E002E0A5
:108BC00002E002E002E002E002E002E002E002E095
:108BD00002E002E002E002E002E002E002E002E085
:108BE00002E002E002E002E002E002E002E002E075
:108BF00002E002E002E002E002E002E002E002E065
:108C000002E002E002E002E002E002E002E002E054
:108C100002E002E002E002E002E002E002E002E044
:108C200002E002E002E002E002E002E002E002E034
:108C300002E002E002E002E002E002E002E002E024
:108C400002E002E002E002E002E002E002E002E014
:108C500002E002E002E002E002E002E002E002E004
:108C600002E002E002E002E002E002E002E002E0F4
:108C700002E002E002E002E002E002E002E002E0E4
:108C800002E002E002E002E002E002E002E002E0D4
:108C900002E002E002E002E002E002E002E002E0C4
:108CA00002E002E002E002E002E002E002E002E0B4
:108CB00002E002E002E002E002E002E002E002E0A4
:108CC00002E002E002E002E002E002E002E002E094
:108CD00002E002E002E002E002E002E002E002E084
:108CE00002E002E002E002E002E002E002E002E074
:108CF00002E002E002E002E002E002E002E002E064
:108D000002E002E002E002E002E002E002E002E053
:108D100002E002E002E002E002E002E002E002E043
:108D200002E002E002E002E002E002E002E002E033
:108D300002E002E002E002E002E002E002E002E023
:108D400002E002E002E002E002E002E002E002E013
:108D500002E002E002E002E002E002E002E002E003
:108D600002E002E002E002E002E002E002E002E0F3
:108D700002E002E002E002E002E002E002E002E0E3
:108D800002E002E002E002E002E002E002E002E0D3
:108D900002E002E002E002E002E002E002E002E0C3
:108DA00002E002E002E002E002E002E002E002E0B3
:108DB00002E002E002E002E002E002E002E002E0A3
:108DC00002E002E002E002E002E002E002E002E093
:108DD00002E002E002E002E002E002E002E002E083
:108DE00002E002E002E002E002E002E002E002E073
:108DF00002E002E002E002E002E002E002E002E063
:108E000002E002E002E002E002E002E002E002E052
:108E100002E002E002E002E002E002E002E002E042
:108E200002E002E002E002E002E002E002E002E032
:108E300002E002E002E002E002E002E002E002E022
:108E400002E002E002E002E002E002E002E002E012
:108E500002E002E002E002E002E002E002E002E002
:108E600002E002E002E002E002E002E002E002E0F2
:108E700002E002E002E002E002E002E002E002E0E2
:108E800002E002E002E002E002E002E002E002E0D2
:108E900002E002E002E002E002E002E002E002E0C2
:108EA00002E002E002E002E002E002E002E002E0B2
:108EB00002E002E002E002E002E002E002E002E0A2
:108EC00002E002E002E002E002E002E002E002E092
:108ED00002E002E002E002E002E002E002E002E082
:108EE00002E002E002E002E002E002E002E002E072
:108EF00002E002E002E002E002E002E002E002E062
:108F000002E002E002E002E002E002E002E002E051
:108F100002E002E002E002E002E002E002E002E041
:108F200002E002E002E002E002E002E002E002E031
:108F300002E002E002E002E002E002E002E002E021
:108F400002E002E002E002E002E002E002E002E011
:108F500002E002E002E002E002E002E002E002E001
:108F600002E002E002E002E002E002E002E002E0F1
:108F700002E002E002E002E002E002E002E002E0E1
:108F800002E002E002E002E002E002E002E002E0D1
:108F900002E002E002E002E002E002E002E002E0C1
:108FA00002E002E002E002E002E002E002E002E0B1
:108FB00002E002E002E002E002E002E002E002E0A1
:108FC00002E002E002E002E002E002E002E002E091
:108FD00002E002E002E002E002E002E002E002E081
:108FE00002E002E002E002E002E002E002E002E071
:108FF00002E002E002E002E002E002E002E002E061
:1090000002E002E002E002E002E002E002E002E050
:1090100002E002E002E002E002E002E002E002E040
:1090200002E002E002E002E002E002E002E002E030
:1090300002E002E002E002E002E002E002E002E020
:1090400002E002E002E002E002E002E002E002E010
:1090500002E002E002E002E002E002E002E002E000
:1090600002E002E002E002E002E002E002E002E0F0
:1090700002E002E002E002E002E002E002E002E0E0
:1090800002E002E002E002E002E002E002E002E0D0
:1090900002E002E002E002E002E002E002E002E0C0
:1090A00002E002E002E002E002E002E002E002E0B0
:1090B00002E002E002E002E002E002E002E002E0A0
:1090C00002E002E002E002E002E002E002E002E090
:1090D00002E002E002E002E002E002E002E002E080
:1090E00002E002E002E002E002E002E002E002E070
:1090F00002E002E002E002E002E002E002E002E060
:1091000002E002E002E002E002E002E002E002E04F
:1091100002E002E002E002E002E002E002E002E03F
:1091200002E002E002E002E002E002E002E002E02F
:1091300002E002E002E002E002E002E002E002E01F
:1091400002E002E002E002E002E002E002E002E00F
:1091500002E002E002E002E002E002E002E002E0FF
:1091600002E002E002E002E002E002E002E002E0EF
:1091700002E002E002E002E002E002E002E002E0DF
:1091800002E002E002E002E002E002E002E002E0CF
:1091900002E002E002E002E002E002E002E002E0BF
:1091A00002E002E002E002E002E002E002E002E0AF
:1091B00002E002E002E002E002E002E002E002E09F
:1091C00002E002E002E002E002E002E002E002E08F
:1091D00002E002E002E002E002E002E002E002E07F
:1091E00002E002E002E002E002E002E002E002E06F
:1091F00002E002E002E002E002E002E002E002E05F
:1092000002E002E002E002E002E002E002E002E04E
:1092100002E002E002E002E002E002E002E002E03E
:1092200002E002E002E002E002E002E002E002E02E
:1092300002E002E002E002E002E002E002E002E01E
:1092400002E002E002E002E002E002E002E002E00E
:1092500002E002E002E002E002E002E002E002E0FE
:1092600002E002E002E002E002E002E002E002E0EE
:1092700002E002E002E002E002E002E002E002E0DE
:1092800002E002E002E002E002E002E002E002E0CE
:1092900002E002E002E002E002E002E002E002E0BE
:1092A00002E002E002E002E002E002E002E002E0AE
:1092B00002E002E002E002E002E002E002E002E09E
:1092C00002E002E002E002E002E002E002E002E08E
:1092D00002E002E002E002E002E002E002E002E07E
:1092E00002E002E002E002E002E002E002E002E06E
:1092F00002E002E002E002E002E002E002E002E05E
:1093000002E002E002E002E002E002E002E002E04D
:1093100002E002E002E002E002E002E002E002E03D
:1093200002E002E002E002E002E002E002E002E02D
:1093300002E002E002E002E002E002E002E002E01D
:1093400002E002E002E002E002E002E002E002E00D
:1093500002E002E002E002E002E002E002E002E0FD
:1093600002E002E002E002E002E002E002E002E0ED
:1093700002E002E002E002E002E002E002E002E0DD
:1093800002E002E002E002E002E002E002E002E0CD
:1093900002E002E002E002E002E002E002E002E0BD
:1093A00002E002E002E002E002E002E002E002E0AD
:1093B00002E002E002E002E002E002E002E002E09D
:1093C00002E002E002E002E002E002E002E002E08D
:1093D00002E002E002E002E002E002E002E002E07D
:1093E00002E002E002E002E002E002E002E002E06D
:1093F00002E002E002E002E002E002E002E002E05D
:1094000002E002E002E002E002E002E002E002E04C
:1094100002E002E002E002E002E002E002E002E03C
:1094200002E002E002E002E002E002E002E002E02C
:1094300002E002E002E002E002E002E002E002E01C
:1094400002E002E002E002E002E002E002E002E00C
:1094500002E002E002E002E002E002E002E002E0FC
:1094600002E002E002E002E002E002E002E002E0EC
:1094700002E002E002E002E002E002E002E002E0DC
:1094800002E002E002E002E002E002E002E002E0CC
:1094900002E002E002E002E002E002E002E002E0BC
:1094A00002E002E002E002E002E002E002E002E0AC
:1094B00002E002E002E002E002E002E002E002E09C
:1094C00002E002E002E002E002E002E002E002E08C
:1094D00002E002E002E002E002E002E002E002E07C
:1094E00002E002E002E002E002E002E002E002E06C
:1094F00002E002E002E002E002E002E002E002E05C
:1095000002E002E002E002E002E002E002E002E04B
:1095100002E002E002E002E002E002E002E002E03B
:1095200002E002E002E002E002E002E002E002E02B
:1095300002E002E002E002E002E002E002E002E01B
:1095400002E002E002E002E002E002E002E002E00B
:1095500002E002E002E002E002E002E002E002E0FB
:1095600002E002E002E002E002E002E002E002E0EB
:1095700002E002E002E002E002E002E002E002E0DB
:1095800002E002E002E002E002E002E002E002E0CB
:1095900002E002E002E002E002E002E002E002E0BB
:1095A00002E002E002E002E002E002E002E002E0AB
:1095B00002E002E002E002E002E002E002E002E09B
:1095C00002E002E002E002E002E002E002E002E08B
:1095D00002E002E002E002E002E002E002E002E07B
:1095E00002E002E002E002E002E002E002E002E06B
:1095F00002E002E002E002E002E002E002E002E05B
:1096000002E002E002E002E002E002E002E002E04A
:1096100002E002E002E002E002E002E002E002E03A
:1096200002E002E002E002E002E002E002E002E02A
:1096300002E002E002E002E002E002E002E002E01A
:1096400002E002E002E002E002E002E002E002E00A
:1096500002E002E002E002E002E002E002E002E0FA
:1096600002E002E002E002E002E002E002E002E0EA
:1096700002E002E002E002E002E002E002E002E0DA
:1096800002E002E002E002E002E002E002E002E0CA
:1096900002E002E002E002E002E002E002E002E0BA
:1096A00002E002E002E002E002E002E002E002E0AA
:1096B00002E002E002E002E002E002E002E002E09A
:1096C00002E002E002E002E002E002E002E002E08A
:1096D00002E002E002E002E002E002E002E002E07A
:1096E00002E002E002E002E002E002E002E002E06A
:1096F00002E002E002E002E002E002E002E002E05A
:1097000002E002E002E002E002E002E002E002E049
:1097100002E002E002E002E002E002E002E002E039
:1097200002E002E002E002E002E002E002E002E029
:1097300002E002E002E002E002E002E002E002E019
:1097400002E002E002E002E002E002E002E002E009
:1097500002E002E002E002E002E002E002E002E0F9
:1097600002E002E002E002E002E002E002E002E0E9
:1097700002E002E002E002E002E002E002E002E0D9
:1097800002E002E002E002E002E002E002E002E0C9
:1097900002E002E002E002E002E002E002E002E0B9
:1097A00002E002E002E002E002E002E002E002E0A9
:1097B00002E002E002E002E002E002E002E002E099
:1097C00002E002E002E002E002E002E002E002E089
:1097D00002E002E002E002E002E002E002E002E079
:1097E00002E002E002E002E002E002E002E002E069
:1097F00002E002E002E002E002E002E002E002E059
:1098000002E002E002E002E002E002E002E002E048
:1098100002E002E002E002E002E002E002E002E038
:1098200002E002E002E002E002E002E002E002E028
:1098300002E002E002E002E002E002E002E002E018
:1098400002E002E002E002E002E002E002E002E008
:1098500002E002E002E002E002E002E002E002E0F8
:1098600002E002E002E002E002E002E002E002E0E8
:1098700002E002E002E002E002E002E002E002E0D8
:1098800002E002E002E002E002E002E002E002E0C8
:1098900002E002E002E002E002E002E002E002E0B8
:1098A00002E002E002E002E002E002E002E002E0A8
:1098B00002E002E002E002E002E002E002E002E098
:1098C00002E002E002E002E002E002E002E002E088
:1098D00002E002E002E002E002E002E002E002E078
:1098E00002E002E002E002E002E002E002E002E068
:1098F00002E002E002E002E002E002E002E002E058
:1099000002E002E002E002E002E002E002E002E047
:1099100002E002E002E002E002E002E002E002E037
:1099200002E002E002E002E002E002E002E002E027
:1099300002E002E002E002E002E002E002E002E017
:1099400002E002E002E002E002E002E002E002E007
:1099500002E002E002E002E002E002E002E002E0F7
:1099600002E002E002E002E002E002E002E002E0E7
:1099700002E002E002E002E002E002E002E002E0D7
:1099800002E002E002E002E002E002E002E002E0C7
:1099900002E002E002E002E002E002E002E002E0B7
:1099A00002E002E002E002E002E002E002E002E0A7
:1099B00002E002E002E002E002E002E002E002E097
:1099C00002E002E002E002E002E002E002E002E087
:1099D00002E002E002E002E002E002E002E002E077
:1099E00002E002E002E002E002E002E002E002E067
:1099F00002E002E002E002E002E002E002E002E057
:109A000002E002E002E002E002E002E002E002E046
:109A100002E002E002E002E002E002E002E002E036
:109A200002E002E002E002E002E002E002E002E026
:109A300002E002E002E002E002E002E002E002E016
:109A400002E002E002E002E002E002E002E002E006
:109A500002E002E002E002E002E002E002E002E0F6
:109A600002E002E002E002E002E002E002E002E0E6
:109A700002E002E002E002E002E002E002E002E0D6
:109A800002E002E002E002E002E002E002E002E0C6
:109A900002E002E002E002E002E002E002E002E0B6
:109AA00002E002E002E002E002E002E002E002E0A6
:109AB00002E002E002E002E002E002E002E002E096
:109AC00002E002E002E002E002E002E002E002E086
:109AD00002E002E002E002E002E002E002E002E076
:109AE00002E002E002E002E002E002E002E002E066
:109AF00002E002E002E002E002E002E002E002E056
:109B000002E002E002E002E002E002E002E002E045
:109B100002E002E002E002E002E002E002E002E035
:109B200002E002E002E002E002E002E002E002E025
:109B300002E002E002E002E002E002E002E002E015
:109B400002E002E002E002E002E002E002E002E005
:109B500002E002E002E002E002E002E002E002E0F5
:109B600002E002E002E002E002E002E002E002E0E5
:109B700002E002E002E002E002E002E002E002E0D5
:109B800002E002E002E002E002E002E002E002E0C5
:109B900002E002E002E002E002E002E002E002E0B5
:109BA00002E002E002E002E002E002E002E002E0A5
:109BB00002E002E002E002E002E002E002E002E095
:109BC00002E002E002E002E002E002E002E002E085
:109BD00002E002E002E002E002E002E002E002E075
:109BE00002E002E002E002E002E002E002E002E065
:109BF00002E002E002E002E002E002E002E002E055
:109C000002E002E002E002E002E002E002E002E044
:109C100002E002E002E002E002E002E002E002E034
:109C200002E002E002E002E002E002E002E002E024
:109C300002E002E002E002E002E002E002E002E014
:109C400002E002E002E002E002E002E002E002E004
:109C500002E002E002E002E002E002E002E002E0F4
:109C600002E002E002E002E002E002E002E002E0E4
:109C700002E002E002E002E002E002E002E002E0D4
:109C800002E002E002E002E002E002E002E002E0C4
:109C900002E002E002E002E002E002E002E002E0B4
:109CA00002E002E002E002E002E002E002E002E0A4
:109CB00002E002E002E002E002E002E002E002E094
:109CC00002E002E002E002E002E002E002E002E084
:109CD00002E002E002E002E002E002E002E002E074
:109CE00002E002E002E002E002E002E002E002E064
:109CF00002E002E002E002E002E002E002E002E054
:109D000002E002E002E002E002E002E002E002E043
:109D100002E002E002E002E002E002E002E002E033
:109D200002E002E002E002E002E002E002E002E023
:109D300002E002E002E002E002E002E002E002E013
:109D400002E002E002E002E002E002E002E002E003
:109D500002E002E002E002E002E002E002E002E0F3
:109D600002E002E002E002E002E002E002E002E0E3
:109D700002E002E002E002E002E002E002E002E0D3
:109D800002E002E002E002E002E002E002E002E0C3
:109D900002E002E002E002E002E002E002E002E0B3
:109DA00002E002E002E002E002E002E002E002E0A3
:109DB00002E002E002E002E002E002E002E002E093
:109DC00002E002E002E002E002E002E002E002E083
:109DD00002E002E002E002E002E002E002E002E073
:109DE00002E002E002E002E002E002E002E002E063
:109DF00002E002E002E002E002E002E002E002E053
:109E000002E002E002E002E002E002E002E002E042
:109E100002E002E002E002E002E002E002E002E032
:109E200002E002E002E002E002E002E002E002E022
:109E300002E002E002E002E002E002E002E002E012
:109E400002E002E002E002E002E002E002E002E002
:109E500002E002E002E002E002E002E002E002E0F2
:109E600002E002E002E002E002E002E002E002E0E2
:109E700002E002E002E002E002E002E002E002E0D2
:109E800002E002E002E002E002E002E002E002E0C2
:109E900002E002E002E002E002E002E002E002E0B2
:109EA00002E002E002E002E002E002E002E002E0A2
:109EB00002E002E002E002E002E002E002E002E092
:109EC00002E002E002E002E002E002E002E002E082
:109ED00002E002E002E002E002E002E002E002E072
:109EE00002E002E002E002E002E002E002E002E062
:109EF00002E002E002E002E002E002E002E002E052
:109F000002E002E002E002E002E002E002E002E041
:109F100002E002E002E002E002E002E002E002E031
:109F200002E002E002E002E002E002E002E002E021
:109F300002E002E002E002E002E002E002E002E011
:109F400002E002E002E002E002E002E002E002E001
:109F500002E002E002E002E002E002E002E002E0F1
:109F600002E002E002E002E002E002E002E002E0E1
:109F700002E002E002E002E002E002E002E002E0D1
:109F800002E002E002E002E002E002E002E002E0C1
:109F900002E002E002E002E002E002E002E002E0B1
:109FA00002E002E002E002E002E002E002E002E0A1
:109FB00002E002E002E002E002E002E002E002E091
:109FC00002E002E002E002E002E002E002E002E081
:109FD00002E002E002E002E002E002E002E002E071
:109FE00002E002E002E002E002E002E002E002E061
:109FF00002E002E002E002E002E002E002E002E051
:10A0000002E002E002E002E002E002E002E002E040
:10A0100002E002E002E002E002E002E002E002E030
:10A0200002E002E002E002E002E002E002E002E020
:10A0300002E002E002E002E002E002E002E002E010
:10A0400002E002E002E002E002E002E002E002E000
:10A0500002E002E002E002E002E002E002E002E0F0
:10A0600002E002E002E002E002E002E002E002E0E0
:10A0700002E002E002E002E002E002E002E002E0D0
:10A0800002E002E002E002E002E002E002E002E0C0
:10A0900002E002E002E002E002E002E002E002E0B0
:10A0A00002E002E002E002E002E002E002E002E0A0
:10A0B00002E002E002E002E002E002E002E002E090
:10A0C00002E002E002E002E002E002E002E002E080
:10A0D00002E002E002E002E002E002E002E002E070
:10A0E00002E002E002E002E002E002E002E002E060
:10A0F00002E002E002E002E002E002E002E002E050
:10A1000002E002E002E002E002E002E002E002E03F
:10A1100002E002E002E002E002E002E002E002E02F
:10A1200002E002E002E002E002E002E002E002E01F
:10A1300002E002E002E002E002E002E002E002E00F
:10A1400002E002E002E002E002E002E002E002E0FF
:10A1500002E002E002E002E002E002E002E002E0EF
:10A1600002E002E002E002E002E002E002E002E0DF
:10A1700002E002E002E002E002E002E002E002E0CF
:10A1800002E002E002E002E002E002E002E002E0BF
:10A1900002E002E002E002E002E002E002E002E0AF
:10A1A00002E002E002E002E002E002E002E002E09F
:10A1B00002E002E002E002E002E002E002E002E08F
:10A1C00002E002E002E002E002E002E002E002E07F
:10A1D00002E002E002E002E002E002E002E002E06F
:10A1E00002E002E002E002E002E002E002E002E05F
:10A1F00002E002E002E002E002E002E002E002E04F
:10A2000002E002E002E002E002E002E002E002E03E
:10A2100002E002E002E002E002E002E002E002E02E
:10A2200002E002E002E002E002E002E002E002E01E
:10A2300002E002E002E002E002E002E002E002E00E
:10A2400002E002E002E002E002E002E002E002E0FE
:10A2500002E002E002E002E002E002E002E002E0EE
:10A2600002E002E002E002E002E002E002E002E0DE
:10A2700002E002E002E002E002E002E002E002E0CE
:10A2800002E002E002E002E002E002E002E002E0BE
:10A2900002E002E002E002E002E002E002E002E0AE
:10A2A00002E002E002E002E002E002E002E002E09E
:10A2B00002E002E002E002E002E002E002E002E08E
:10A2C00002E002E002E002E002E002E002E002E07E
:10A2D00002E002E002E002E002E002E002E002E06E
:10A2E00002E002E002E002E002E002E002E002E05E
:10A2F00002E002E002E002E002E002E002E002E04E
:10A3000002E002E002E002E002E002E002E002E03D
:10A3100002E002E002E002E002E002E002E002E02D
:10A3200002E002E002E002E002E002E002E002E01D
:10A3300002E002E002E002E002E002E002E002E00D
:10A3400002E002E002E002E002E002E002E002E0FD
:10A3500002E002E002E002E002E002E002E002E0ED
:10A3600002E002E002E002E002E002E002E002E0DD
:10A3700002E002E002E002E002E002E002E002E0CD
:10A3800002E002E002E002E002E002E002E002E0BD
:10A3900002E002E002E002E002E002E002E002E0AD
:10A3A00002E002E002E002E002E002E002E002E09D
:10A3B00002E002E002E002E002E002E002E002E08D
:10A3C00002E002E002E002E002E002E002E002E07D
:10A3D00002E002E002E002E002E002E002E002E06D
:10A3E00002E002E002E002E002E002E002E002E05D
:10A3F00002E002E002E002E002E002E002E002E04D
:10A4000002E002E002E002E002E002E002E002E03C
:10A4100002E002E002E002E002E002E002E002E02C
:10A4200002E002E002E002E002E002E002E002E01C
:10A4300002E002E002E002E002E002E002E002E00C
:10A4400002E002E002E002E002E002E002E002E0FC
:10A4500002E002E002E002E002E002E002E002E0EC
:10A4600002E002E002E002E002E002E002E002E0DC
:10A4700002E002E002E002E002E002E002E002E0CC
:10A4800002E002E002E002E002E002E002E002E0BC
:10A4900002E002E002E002E002E002E002E002E0AC
:10A4A00002E002E002E002E002E002E002E002E09C
:10A4B00002E002E002E002E002E002E002E002E08C
:10A4C00002E002E002E002E002E002E002E002E07C
:10A4D00002E002E002E002E002E002E002E002E06C
:10A4E00002E002E002E002E002E002E002E002E05C
:10A4F00002E002E002E002E002E002E002E002E04C
:10A5000002E002E002E002E002E002E002E002E03B
:10A5100002E002E002E002E002E002E002E002E02B
:10A5200002E002E002E002E002E002E002E002E01B
:10A5300002E002E002E002E002E002E002E002E00B
:10A5400002E002E002E002E002E002E002E002E0FB
:10A5500002E002E002E002E002E002E002E002E0EB
:10A5600002E002E002E002E002E002E002E002E0DB
:10A5700002E002E002E002E002E002E002E002E0CB
:10A5800002E002E002E002E002E002E002E002E0BB
:10A5900002E002E002E002E002E002E002E002E0AB
:10A5A00002E002E002E002E002E002E002E002E09B
:10A5B00002E002E002E002E002E002E002E002E08B
:10A5C00002E002E002E002E002E002E002E002E07B
:10A5D00002E002E002E002E002E002E002E002E06B
:10A5E00002E002E002E002E002E002E002E002E05B
:10A5F00002E002E002E002E002E002E002E002E04B
:10A6000002E002E002E002E002E002E002E002E03A
:10A6100002E002E002E002E002E002E002E002E02A
:10A6200002E002E002E002E002E002E002E002E01A
:10A6300002E002E002E002E002E002E002E002E00A
:10A6400002E002E002E002E002E002E002E002E0FA
:10A6500002E002E002E002E002E002E002E002E0EA
:10A66000BEF7BEF7BEF7BEF7BEF7BEF7BEF7BEF742
:10A67000BEF7BEF7BEF7BEF7BEF7BEF7BEF7BEF732
:10A68000BEF7BEF7BEF7BEF7BEF7BEF7BEF7BEF722
:10A69000BEF7BEF7BEF7BEF7BEF7BEF7BEF7BEF712
:10A6A000BEF7BEF7BEF7BEF7BEF7BEF7DEF7DEF7C2
:10A6B000BEF7BEF7BEF7BEF7BEF7BEF7BEF7BEF7F2
:10A6C000BEF7BEF7BEF7BEF7BEF7BEF79EEFBEF70A
:10A6D0009EEF9EEF9EEF9EEF9EEF9EEFBEF79EEFEA
:10A6E0009EEFBEEF9EEFBEEFBEF7BEF7BEF7BEF722
:10A6F000BEF7BFF7BEF7BEF7BEF7BEF7BEF7BEF7B1
:10A70000BEF7BEF7BEF7BEF7BEF7BEF7BEF7BEF7A1
:10A71000BEF7BEF7BEF7BEF7BEF7BEF7BEF7BEF791
:10A72000BEF7BEF7BEF7BEF7BEF7BEF7BEF7BEF781
:10A73000BEF7BEF7BEF7BEF7BEF7BEF7BEF7BEF771
:10A74000BEF7BEF7BEF7BEF7BEF7BEF7BEF7BEF761
:10A75000BEF7BEF7BEF7BEF7BEF7BEF7BEF7BEF751
:10A76000BEF7BEF7BEF7BEF7BEF7BEF7BEF7BEF741
:10A77000BEF7BEF7BEF7BEF7BEF7BEF7BEF7BEF731
:10A78000BEF7BEF7BEF7BEF7BEF7BEF7BEF7BEF721
:10A79000BEF7BEF7BEF7BEF7BEF7BEF7BEF7BEF711
:10A7A000BEF7BEF7BEF7BEF7BEF7BEF7BEF7BEF701
:10A7B000BEF7BEF7BEF7BEF7BEF7BEF7BEF7BEF7F1
:10A7C000BFF7BEF79EEFBEEF9EEFBEEF9EEF9EEF90
:10A7D0009EEF9EE77FE79EE79FE79FE79FE79EE765
:10A7E0009FE77FE79EEF9FE79EEF9EEF9EEF9EEF36
:10A7F000BEF79EEFBFF79EF7BEF7BFF7BEF7BEF7F7
:10A80000BEF7BEF7BEF7BEF7BEF7BEF7BEF7BEF7A0
:10A81000BEF7BEF7BEF7BEF7BEF7BEF7BEF7BEF790
:10A82000BEF7BEF7BEF7BEF7BEF7BEF7BEF7BEF780
:10A83000BEF7BEF7BEF7BEF7BEF7BEF7BEF7BEF770
:10A84000BEF7BEF7BEF7BEF7BEF7BEF7BEF7BEF760
:10A85000BEF7BEF7BEF7BEF7BEF7BEF7BEF7BEF750
:10A86000BEF7BEF7BEF7BEF7BEF7BEF7BEF7BEF740
:10A87000BEF7BEF7BEF7BEF7BEF7BEF7BEF7BEF730
:10A88000BEF7BEF7BEF7BEF7BEF7BEF7BEF7BEF720
:10A89000BEF7BEF7BEF7BFF7BEF7BEF7BEF7BEF70F
:10A8A000BEF7BEF7BEF7BEF7BEF7BEF7BEF7BEF700
:10A8B000BEF7BFF7BEF7BEF7BFF7BEF79EEF9EF736
:10A8C0009EEF9EEF9EE79EE77FDF7EE77FDF7FDFE5
:10A8D0005FD77FDF5FD75FD75ED75ED75ED75FD7A3
:10A8E0005EDF5FD75EDF5EDF7EDF7EDF9EE77EE7D7
:10A8F0009EEF9EE7BEEF9EEFBFF7BEEFBEF7BFF73E
:10A90000BEF7BEF7BEF7BEF7BEF7BEF7BEF7BEF79F
:10A91000BEF7BEF7BEF7BEF7BEF7BEF7BEF7BEF78F
:10A92000BEF7BEF7BEF7BEF7BEF7BEF7BEF7BEF77F
:10A93000BEF7BEF7BEF7BEF7BEF7BEF7BEF7BEF76F
:10A94000BEF7BEF7BEF7BEF7BEF7BEF7BEF7BEF75F
:10A95000BEF7BEF7BEF7BEF7BEF7BEF7BEF7BEF74F
:10A96000BEF7BEF7BEF7BEF7BEF7BEF7BEF7BEF73F
:10A97000BEF7BEF7BEF7BEF7BEF7BEF7BEF7BEF72F
:10A98000BEF7BEF7BEF7BEF7BEF7BEF7BEF7BEF71F
:10A99000BEF7BEF7BEF7BEF7BEF7BEF7BEF7BEF70F
:10A9A000BEF7BEF7BEF7BEF7BEF7BEF7BEF7BEF7FF
:10A9B000BEF7BEF7BEF7BEF7BEEF9EEF7FE79FEF95
:10A9C0007EDF7FDF5ED77EDF5FCF3ED73ECF5FCFBC
:10A9D0003FC73FC73FC73FC73FC73FBF3FBF3FC757
:10A9E0003FC71FC73ECF3EC75FCF3FCF5ED75ED7C3
:10A9F0007EDF7EDF9EE77EE79EEF9EEFBEF7BEF72F
:10AA0000BFF7BEF7BEF7BEF7BEF7BEF7BEF7BEF79D
:10AA1000BEF7BEF7BEF7BEF7BEF7BEF7BEF7BEF78E
:10AA2000BEF7BEF7BEF7BEF7BEF7BEF7BEF7BEF77E
:10AA3000BEF7BEF7BEF7BEF7BEF7BEF7BEF7BEF76E
:10AA4000BEF7BEF7BEF7BEF7BEF7BEF7BEF7BEF75E
:10AA5000BEF7BEF7BEF7BEF7BEF7BEF7BEF7BEF74E
:10AA6000BEF7BEF7BEF7BEF7BEF7BEF7BEF7BEF73E
:10AA7000BEF7BEF7BEF7BEF7BEF7BEF7BEF7BEF72E
:10AA8000BEF7BEF7BEF7BEF7BEF7BEF7BEF7BEF71E
:10AA9000BEF7BEF7BEF7DEF7BEF7BEF7BEF7BEF7EE
:10AAA000BEF7BEF7BEF7BEF7BEF7BEF7BEF7BEF7FE
:10AAB0009EEFBEF79EEF9FEF7FDF9FE75FD75FDFE1
:10AAC0003FCF5ECF3FC73FC79F8E3FB79E5DFE6DB6
:10AAD000BF4DBE55BF45BF4DBF4DBF4DDF45BF4507
:10AAE000BF4DDF459E55BE55DF961E6E3FBF3FB73B
:10AAF0005FCF3FCF7ED75ECF9FDF7FDF9EEF9FE7A9
:10AB0000BEEF9EEFBEF7BEF7BEF7BEF7BEF7BEF7CD
:10AB1000BEF7BEF7BEF7BEF7BEF7BEF7BEF7BEF78D
:10AB2000BEF7BEF7BEF7BEF7BEF7BEF7BEF7BEF77D
:10AB3000BEF7BEF7BEF7BEF7BEF7BEF7BEF7BEF76D
:10AB4000BEF7BEF7BEF7BEF7BEF7BEF7BEF7DEF73D
:10AB5000BEF7BFF7BEF7BEF7BEF7BEF7BEF7BEF74C
:10AB6000BEF7BEF7BEF7BEF7BEF7BEF7BEF7BEF73D
:10AB7000BEF7BEF7BEF7BEF7BEF7BEF7BEF7BEF72D
:10AB8000BEF7BEF7BEF7BEF7BEF7BEF7BEF7BEF71D
:10AB9000BEF7BEF7BEF7BEF7BEF7BEF7BEF7BEF70D
:10ABA000BEF7BEF7BEF7BEF7BFF7BEF79EEFBEF724
:10ABB0009EE79EEF7EDF7EE75FD75EDF3FC75FCF1A
:10ABC000BD65FFA6BF4D9E4DBF4D9F4D9F4DBF45DF
:10ABD000BF45BF4DBF45BF45BF45BF45BF45BF454D
:10ABE000BF45BF45BF45BF45BF45BF45BF45BF4545
:10ABF0005F76BE553EC73FAF5FCF5FCF7EDF5FDF83
:10AC00009FE77FE7BFF79EEFBEF7BEF7BFF7BEF740
:10AC1000BEF7BEF7BEF7BEF7BEF7BEF7BEF7BEF78C
:10AC2000BEF7BEF7BEF7BEF7BEF7BEF7BEF7BEF77C
:10AC3000BEF7BEF7BEF7BEF7BEF7BEF7BEF7BEF76C
:10AC4000BEF7BEF7BEF7BEF7BEF7BEF7BEF7DEF73C
:10AC5000BEF7BEF7BEF7BEF7BEF7BEF7BEF7BEF74C
:10AC6000BEF7BEF7BEF7BEF7BEF7BEF7BEF7BEF73C
:10AC7000BEF7BEF7BEF7BEF7BEF7BEF7BEF7BEF72C
:10AC8000BEF7BEF7BEF7BEF7BEF7BEF7BEF7BEF71C
:10AC9000BEF7BEF7BEF7BEF7BEF7BEF7BEF7BEF70C
:10ACA000BEF7BEF7BEF7BEF79EEFBFF79EE79EEF7B
:10ACB0005ED77EDF3ECF5FD7DF9E3FBFBF4D9E5D3D
:10ACC000BF4DBF45BF4DBF4DBF459F4DBF45BF4564
:10ACD000BF45BF45BF45BF45BF45BF45BF45BF4554
:10ACE000BF45BF45BF45BF45BF45BF45DF3DDF450C
:10ACF000DF45DF45DF45DF453FAFFD5D5FCF3FC748
:10AD00007EDF5FD79FE79FE7BEF79EEFBEF7BEF7F8
:10AD1000BEF7BEF7BEF7BEF7BEF7BEF7BEF7BEF78B
:10AD2000BEF7BEF7BEF7BEF7DEF7BEF7BEF7BEF75B
:10AD3000DEF7BEF7BEF7DEF7BEF7BEF7BEF7BEF72B
:10AD4000BEF7BEF7BFF7BEF7BEF7BEF7BEF7BEF75A
:10AD5000BEF7BEF7BEF7BEF7BEF7BEF7BEF7BEF74B
:10AD6000BEF7BEF7BEF7BEF7BEF7BEF7BEF7BEF73B
:10AD7000BEF7BEF7BEF7BEF7BEF7BEF7BEF7BEF72B
:10AD8000BEF7BEF7BEF7BEF7BEF7BEF7BEF7BEF71B
:10AD9000BEF7BEF7BEF7BEF7BEF7BEF7BEF7BEF70B
:10ADA000BEF7BEF79EEFBEF79FE79EEF5FD79FE728
:10ADB0003FCF5ECFDE6D3FB79F4D9F559F459F4D67
:10ADC0009F4D9F459F4DBF45BF45BF45BF4DBF4DA3
:10ADD000BF45BF4DBF45BF4DDF45BF45BF45DF4503
:10ADE000BF45BF45BF45BF45BF45BF45BF45BF4543
:10ADF000DF45BF45DF45DF45DF45DF455E76DF4D9B
:10AE00005FCF7FB79FDF7FD79EEF9FDFBEF7BEEF9D
:10AE1000BEF7BFF7BEF7BEF7BEF7BEF7BEF7BEF789
:10AE2000BEF7BEF7BEF7BEF7BEF7BEF7BEF7BEF77A
:10AE3000BEF7BEF7BEF7BEF7BEF7BEF7BEF7BEF76A
:10AE4000BEF7BEF7BEF7BEF7BEF7BEF7BEF7BEF75A
:10AE5000BEF7BEF7BEF7BEF7BEF7BEF7BEF7BEF74A
:10AE6000BEF7BEF7BEF7BEF7BEF7BEF7BEF7BEF73A
:10AE7000BEF7BEF7BEF7BEF7BEF7BEF7BEF7BEF72A
:10AE8000BEF7BEF7BEF7BEF7BEF7BEF7BEF7BEF71A
:10AE9000BEF7BEF7BEF7BEF7BEF7BEF7BEF7BEF70A
:10AEA0009EF7BEF79EE79EEF7FD77FDF5FCF5FCF36
:10AEB0009E551FAFBF4DBF559F4D9F4D9F4D9F4D01
:10AEC0009F4D9F4DBF459F4DBF4DBF4DBE5D9E4D9C
:10AED0005F7EDE65DF969F8EDF96DF9EBF8EDF96FC
:10AEE0003F6E7F7EBE4DFE5DDF45BF4DBF45DF45FA
:10AEF000DF45DF45DF3DDF45DF3DDF3DDF3DDF3D5A
:10AF00001D5EFF455ECF5FBF7EDF7FCF9FEF9EE779
:10AF1000BFF7BFF7BEF7DFF7BEF7BEF7BEF7BEF766
:10AF2000BEF7BEF7BEF7BEF7BEF7BEF7BEF7BEF779
:10AF3000BEF7BEF7BEF7BEF7BEF7BEF7BEF7BEF769
:10AF4000BEF7BEF7BEF7BEF7BEF7BEF7BEF7BEF759
:10AF5000BEF7BEF7BEF7BEF7BEF7BEF7BEF7BEF749
:10AF6000BEF7BEF7BEF7BEF7BEF7BEF7BEF7BEF739
:10AF7000BEF7BEF7BEF7BEF7BEF7BEF7BEF7BEF729
:10AF8000BEF7BEF7BEF7BEF7BEF7BEF7BEF7BEF719
:10AF9000BEF7BEF7BEF7BEF7BEF7BEF7BEF7BEF709
:10AFA0009EEF9EEF7EDF7EE73FC75FCF9E55FFA6F9
:10AFB0009F4D9F4D9F4D9F4D9F4D9F4D9F4D9F4D31
:10AFC0009E4D9F4DBF96BE653FBF1FB73FC73FBF5A
:10AFD0005FCF3FC73FCF3FCF3FC73FC73FC73FC709
:10AFE0003FC75FCF3FBF3FC73FB71EBFBF8E3FAF1B
:10AFF000BE451F5EDF45BF45DF3DDF45DF3DFF3D11
:10B00000DF3DDF3DFE5DDF455FCF5FB77EDF7ED793
:10B010009EEF9FE7BEF7BFF7BEF7BEF7BEF7BEF7DE
:10B02000BEF7BEF7BEF7BEF7BEF7BEF7BEF7BEF778
:10B03000BEF7BEF7BEF7BEF7BEF7BEF7BEF7BEF768
:10B04000BEF7BEF7BEF7BEF7BEF7BEF7BEF7BEF758
:10B05000BEF7BEF7BEF7BEF7BEF7BEF7BEF7BEF748
:10B06000BEF7BEF7BEF7BEF7BEF7BEF7BEF7BEF738
:10B07000BEF7BEF7BEF7BEF7BEF7BEF7BEF7BEF728
:10B08000BEF7BEF7BEF7BEF7DEF7DEF7BEF7DEF7B8
:10B09000BEF7BFF7BEF7BEF7BEF7BEF79EEFBEF72F
:10B0A0007FE79EE73FCF5ED79E655FBF9F4D9F5571
:10B0B0009F4D9F4D9F4D9F4D9F4D9F4D5F86BE4D18
:10B0C0001EBF3FAF3EC73FC75FD75FCF7ED77FD79B
:10B0D0005FDF7FDF5FDF7FDF7EDF7EDF7FDF7FDFC2
:10B0E0007FDF7FDF7FD77FD75FD75FD73FCF5FCF50
:10B0F0003FBF1EC73E763FAFDF3DDF4DDF3DDF3D4B
:10B10000DF3DFF3DFF3DFF3D5E6EFF3D7FCF5FBFFB
:10B110009FE77ED7BEEFBEEFBEF7BEF7BEF7BEF726
:10B12000BEF7BEF7BEF7BEF7BEF7BEF7BEF7BEF777
:10B13000BEF7BEF7BEF7BEF7DEF7BEF7BEF7BEF747
:10B14000BEF7BEF7BEF7BEF7BEF7BEF7BEF7BEF757
:10B15000BEF7BEF7BEF7BEF7BEF7BEF7BEF7DEF727
:10B16000BEF7BEF7BEF7BEF7BEF7BEF7BEF7BEF737
:10B17000BEF7BEF7BEF7BEF7BEF7BEF7BEF7BEF727
:10B18000BEF7BEF7BEF7BEF7BEF7BEF7BEF7BEF717
:10B19000BEF7BEF7BEF7BEF7BEEFBEF79FE79EEF66
:10B1A0005FCF5EDF3E863FC79F4D9F559F4D9F4DB2
:10B1B0009F459F4D9F4D9F4D3FAFDD653EC71FBFD4
:10B1C0005ED75FCF7FDF7FD79EDF7EDF9EE79EE784
:10B1D0009FE79EE79FE79EE79FEF9EEF9FE79FEF2A
:10B1E0009EE79EE79EE79EE79EDF9EE77FD77EDF96
:10B1F0005FCF7FD73FC75ECF3FA71EBFDF3DFE6556
:10B20000FF3DFF3DFF35FF3DFF3DFF3D1F9F1F46BB
:10B210007ED73EC79EE77FDFBFF7BEEFBEF7BEF724
:10B22000BEF7BEF7BEF7BEF7BEF7BEF7BEF7BEF776
:10B23000BEF7BEF7BEF7BEF7BEF7BEF7BEF7DEF746
:10B24000BEF7BEF7BEF7BEF7BEF7BEF7BEF7BEF756
:10B25000BEF7BEF7BEF7BEF7BEF7BEF7BEF7BEF746
:10B26000BEF7BEF7BEF7BEF7BEF7BEF7BEF7BEF736
:10B27000BEF7BEF7BEF7BEF7BEF7BEF7BEF7BEF726
:10B28000BEF7BEF7BEF7BEF7BEF7BEF7BEF7BEF716
:10B29000BEF7BEF7BEF7BEF79EEF9EEF7FDF9EE7DD
:10B2A0001FBF5FCF9F559D559F4DBF4D9F459F4DE4
:10B2B0009F4D9F4DFFB63F765FCF3FC77EDF5FD785
:10B2C0007EE77FDF9FE79EE7BEEF9FEF9EEF9EEF5B
:10B2D0009EF79EEFBEEFBEEFBFF7BEF79EEFBFF744
:10B2E000BEEF9EEF9EEF9EEF9EEF9EEF9EE79EEFDE
:10B2F0009EDF9FE77FD77EDF5FCF5FCF3FAF3FC748
:10B30000DF457F76FF35FF3DFF3DFF3D1F3E1F368A
:10B310007FC73E5E9FDF7FCFBFEF9FE7BEF7BEEFE9
:10B32000BEF7BEF7BEF7BEFFBEF7BEF7BEF7BEF76D
:10B33000BEF7BEF7BEF7BEF7BEF7BEF7BEF7BEF765
:10B34000BEF7BEF7BEF7BEF7BEF7BEF7BEF7BEF755
:10B35000BEF7BEF7BEF7BEF7BEF7BEF7BFF7BFF743
:10B36000BEF7BEF7BEF7BEF7BEF7BEF7BEF7BEF735
:10B37000BEF7BEF7BEF7BEF7BEF7BEF7BEF7BEF725
:10B38000BEF7BEF7BEF7BEF7BEF7BEF7BEF7BEF715
:10B39000BEF7BEF79EEFBEF77FDF9EE75FCF5ED7BB
:10B3A0009F4D9F969F4D9F4D9F4D9F4D9F4D9F4DF4
:10B3B0003FBF3F7E5ECF3EC77FDF5ED79FE77FE721
:10B3C000BEEF9EE7BEEF9EEFBEF7BEF7BEF7BEF73D
:10B3D000BEF7BEF7BEF7BEF7BEF7BEF7BEF7BEF7C5
:10B3E000BEF7BEF7BEF7BEF7BEF7BEF7BEEFBEEFC5
:10B3F0009FEF9EEF9FE79EEF7EDF7EDF5FCF5ED702
:10B400003FB75FC7FF3D7F6E1F3E1F3E1F361F3693
:10B410001E3E1F365FCF5FAF9EE77FD7BEEFBEEF0A
:10B42000BFF7BEF7BEF7BEF7BEF7BEF7BEF7BEF773
:10B43000BEF7BEF7BEF7BEF7BEF7BEF7BEF7BEF764
:10B44000BEF7BEF7BEF7BEF7BEF7BEF7BEF7BEF754
:10B45000DFFFBEF7BEF7BEF7BEF7BEF7BEF7BEF71B
:10B46000BEF7BEF7BEF7BEF7BEF7BEF7BEF7BEF734
:10B47000BEF7BEF7BEF7BEF7BEF7BEF7BEF7BEF724
:10B48000BEF7BEF7BEF7BEF7BEF7BEF7BEF7BEF714
:10B49000BEF7BEF79FE7BEEF5FD77FDFDE6D3FC72A
:10B4A0009F4D9F4D9F4D9F4D9F4D9F4D3FB7BE65FB
:10B4B0003FCF3FC77EDF5EDF9FEF9FE79EEF9EEFB0
:10B4C0009EF79EEFBEF7BEF7BEF7BEF7BEF7BEF71C
:10B4D000BEF7BEF7BEF7BEF7BEF7BEF7BEF7BEF7C4
:10B4E000BEF7BEF7BEF7BEF7BEF7BEF7BEF7BEF7B4
:10B4F000BEF7BEF79EEFBEF79EE79EEF9FDF7EE7AB
:10B500005FCF7ED73FB75FC71F361E5E1F361F3621
:10B510001F3E1F361F8F3F3E7FD75EBF9EE79EDFD9
:10B52000BEF79EEFBEF7BEF7BEF7BEF7BEF7BEF79B
:10B53000BEF7BEF7BEF7BEF7BEF7BEF7BEF7BEF763
:10B54000BEF7BEF7BEF7BEF7BEF7BEF7BEF7BEF753
:10B55000DFFFBEF7BEF7BEF7BEF7BEF7BEF7BEF71A
:10B56000BEF7BEF7BEF7BEF7BEF7BEF7BEF7BEF733
:10B57000BEF7BEF7BEF7BEF7BEF7BEF7BEF7BEF723
:10B58000BEF7BEF7BEF7BEF7BEF7BEF7BEF7BEF713
:10B59000BEEFBEF77FDF9FEF3FBF3ED79F4D9D5D64
:10B5A0009F4D9F4D9F4D9F4DDF9E7E4D3ECF3FBF98
:10B5B0007EDF5FD79EE79FE7BEEF9EEFBEF7BEEF51
:10B5C000BFF7BFF7BEF7BEF7BEF7BEF7BEF7BEF7D1
:10B5D000BEF7BEF7BEF7BEF7BEF7BEF7BEF7BEF7C3
:10B5E000BEF7BEF7BEF7BEF7BEF7BEF7BEF7BEF7B3
:10B5F000BEF7BEF7BEF7BEF7BEEFBFF79FEF9EEFF9
:10B600007FDF9FE77FC75FD73F9F5EBF1F361F3E2D
:10B610003F363F363F361F3E5FB77E6E7EE75FD7D1
:10B62000BEEF9FEFBEF7BEF7BEF7BEF7BEF7BEF7A1
:10B63000BEF7BEF7BEF7BEF7BEF7BEF7BEF7BEF762
:10B64000BEF7BEF7BEF7BEF7BEF7BEF7BEF7BEF752
:10B65000BEF7BEF7BEF7BEF7BEF7BEF7BEF7BEF742
:10B66000BEF7BEF7BEF7BEF7BEF7BEF7BEF7BEF732
:10B67000BEF7BEF7BEF7BEF7BEF7BEF7BEF7BEF722
:10B68000BEF7BEF7BEF7BEF7BEF7BEF7BEF7BEF712
:10B690009EE79EEF5FCF7EDFBE551FBF9F4D9F4D44
:10B6A0009F4D9F45DE65BF4D3FC73FB77FDF5ED7EC
:10B6B0009EEF9EE7BEEF9EEFBEF7BFF7BEF7BEF769
:10B6C000BEF7BEF7BEF7BEF7BEF7BEF7BEF7BEF7D2
:10B6D000BEF7BEF7BEF7BEF7BEF7BEF7BEF7BEF7C2
:10B6E000BEF7BEF7BEF7BEF7BEF7BEF7BEF7BEF7B2
:10B6F000BEF7BEF7BEF7BEF7BEF7BEF79EEFBEEFD2
:10B700009EE79EEF7FDF9EE73FC75FCF3E563FB786
:10B710001F363F363F2E3F2E3D561F367FCF5FBF31
:10B720009EE79FDFBEF7BEEFBEF7BEF7BEF7BEF7E0
:10B73000BEF7BEF7BEF7BEF7BEF7BEF7BEF7BEF761
:10B74000BEF7BEF7BEF7BEF7BEF7BEF7BEF7BEF751
:10B75000BEF7BEF7BEF7BEF7BEF7BEF7BEF7BEF741
:10B76000BEF7BEF7BEF7BEF7BEF7BEF7BEF7BEF731
:10B77000BEF7BEF7BEF7BEF7BEF7BEF7BEF7BEF721
:10B78000BEF7BEF7BEF7BEF7BEF7BEF7BEEFBEF719
:10B790007FDF9FE73FBF3FD79F4D9E559F4D9F4DFA
:10B7A0009F4D9F4D3FC77E865FDF3FCF9FE77FE77F
:10B7B000BEEF9EEFBEF7BEF7BEF7BEF7BEF7BEF711
:10B7C000BEF7BEF7BEF7BEF7BEF7BEF7BEF7BEF7D1
:10B7D000BEF7BEF7BEF7BEF7BEF7BEF7BEF7BEF7C1
:10B7E000BEF7BFF7BEF7BEF7BEF7BEF7BEF7BEF7B0
:10B7F000BEF7BEF7BEF7BEF7BEF7BEF7BFF7BEF7A0
:10B800009EEFBEEF9FE79EEF7ED77EDF5FBF5EC7F6
:10B810003F36BE763F363F2E3F361F365FBF3D4632
:10B820009FDF7FD79EEF9FE7BEF7BEF7BEF7BEF75D
:10B83000BEF7BEF7BEF7BEF7BEF7BEF7BEF7BEF760
:10B84000BEF7BEF7BEF7BEF7BEF7BEF7BEF7BEF750
:10B85000BEF7BEF7BEF7BEF7BEF7BEF7BEF7BEF740
:10B86000BEF7BEF7BEF7BEF7BEF7BEF7BEF7BEF730
:10B87000BEF7BEF7BEF7BEF7BEF7BEF7BEF7BEF720
:10B88000BEF7BEF7BEF7BEF7BEF7BEF79EE79EEF68
:10B890003FD75FDF9E553FBF9F4D9F4D9F4DBF4D93
:10B8A000FFA69F4D5FD73FCF7EE77FD7BEEF9EEFCE
:10B8B000BEF7BEF7BEF7BEF7BEF7BEF7BEF7BEF7E0
:10B8C000BEF7BEF7BEF7BEF7BEF7BEF7BEF7BEF7D0
:10B8D000BEF7BEF7BEF7BEF7BEF7BEF7BEF7BEF7C0
:10B8E000BEF7BEF7BEF7BEF7BEF7BEF7BEF7BEF7B0
:10B8F000BEF7BEF7BEF7BEF7BEF7BEF7BEF7BEF7A0
:10B90000BEF7BEF7BEEFBEEF9FE79EE77FCF7FD7C4
:10B910005F975EC73F363F365F2E3F2E5E465F2EF7
:10B920005ECF5FBF9FEF9EDFBEF79EEFBEF7BEF715
:10B93000BEF7BEF7BEF7BEF7BEF7BEF7BEF7BEF75F
:10B94000BEF7BEF7BEF7BEF7BEF7BEF7BEF7BEF74F
:10B95000BEF7BEF7BEF7BEF7BEF7BEF7BEF7BEF73F
:10B96000BEF7BEF7BEF7BEF7BEF7BEF7BEF7BEF72F
:10B97000BEF7BEF7BEF7BEF7BEF7BEF7BEF7BEF71F
:10B98000BEF7BEF7BEF7BEF79EEFBEF77EDF9EEFB7
:10B990003FBF5FCFBF4D9F559F4DBF459E55BF4D8C
:10B9A0005FC73FAF7EDF5ED79EEF9EE7BEF79EEF9D
:10B9B000BEF7BEF7BEF7BEF7BEF7BEF7BEF7BEF7DF
:10B9C000BEF7BEF7BEF7BEF7BEF7BEF7BEF7BEF7CF
:10B9D000BEF7BEF7BEF7BEF7BEF7BEF7BEF7BEF7BF
:10B9E000BEF7BEF7BEF7BEF7BEF7BEF7BEF7BEF7AF
:10B9F000BEF7BEF7BEF7BEF7BEF7BEF7BEF7BEF79F
:10BA0000BEF7BEF7BEF7BEF79EEFBFEF7EDF9EE745
:10BA10005EBF7FCF3E3E5FA73F2E5F2E5F2E3F2E45
:10BA20005EBF3E4E9FDF9ECFBEEFBEEFBEF7BEF7BE
:10BA3000BEF7BEF7BEF7BEF7BEF7BEF7BEF7BEF75E
:10BA4000BEF7BEF7BEF7BEF7BEF7BEF7BEF7BEF74E
:10BA5000BEF7BEF7BEF7BEF7BEF7BEF7BEF7BEF73E
:10BA6000BEF7BEF7BEF7BEF7BEF7BEF7BEF7BEF72E
:10BA7000BEF7BEF7BEF7BEF7BEF7BEF7BEF7BEF71E
:10BA8000BEF7BEF7BEF7BEF79EEFBEF75ED77EDF0E
:10BA90007D553EBF9F45BF45BF4D9F451FAFBE551E
:10BAA0005FD73FC79EE77EDFBEF79EEFBEF7BEF7CC
:10BAB000BEF7BEF7BEF7BEF7BEF7BEF7BEF7BEF7DE
:10BAC000BEF7BEF7BEF7BEF7BEF7BEF7BEF7BEF7CE
:10BAD000BEF7BEF7BEF7BEF7BEF7BEF7BEF7BEF7BE
:10BAE000BEF7BEF7BEF7BEF7BEFFBFF7BEF7BEF7A5
:10BAF000BEF7BEF7BEF7BEF7BEF7BEF7BEF7BEF79E
:10BB0000BEF7BEF7BEF7BEF7BEEFBEF79FE7BEEFCC
:10BB10007ECF7FDF7FAF5FC75F2E3E363F2E3F2E4B
:10BB20007D5E5F2E7FD77EBF9EEF9EDFBEF7BEF7A6
:10BB3000BEF7BEF7BEF7BEF7BEF7BEF7BEF7BEF75D
:10BB4000BEF7BEF7BEF7BEF7BEF7BEF7BEF7BEF74D
:10BB5000BEF7BEF7BEF7BEF7BEF7BEF7BEF7BEF73D
:10BB6000BEF7BEF7BEF7BEF7BEF7BEF7BEF7BEF72D
:10BB7000BEF7BEF7BEF7BEF7BEF7BEF7BEF7BEF71D
:10BB8000BEF7BEF7BEF7BEF77FE79EEF1FC75ED7D3
:10BB90009F4DDE659F459F45BE559F4D3ECF1FBFC4
:10BBA0007EE75EDFBEEF9EEFBEF7BEF7BEF7BEF7E5
:10BBB000BEF7BEF7BEF7BEF7BEF7BEF7BEF7BEF7DD
:10BBC000BEF7BEF7BEF7BEF7BEF7BEF7BEF7BEF7CD
:10BBD000BEF7BEF7BEF7BEF7BEF7BEF7BEF7BEF7BD
:10BBE000BEF7BEF7BEF7BEF7DEF7DEF7BEF7BEF76D
:10BBF000BEF7BEF7BEF7BEF7DEF7BEF7BEF7DEF75D
:10BC0000BEF7BEF7BEF7BEF7BEF7BEF7BEEFBEEF9C
:10BC10009FDF9EE75FC77FD75F365FAF5F2E5F2EE8
:10BC20005F2E5F2E7FC7FF869FE77ED7BFF7BEEFF1
:10BC3000BEF7BEF7BEF7BEF7BEF7BEF7BEF7BEF75C
:10BC4000BEF7BEF7BEF7BEF7BEF7BEF7BEF7BEF74C
:10BC5000BEF7BEF7BEF7BEF7BEF7BEF7BEF7BEF73C
:10BC6000BEF7BEF7BEF7BEF7BEF7BEF7BEF7BEF72C
:10BC7000BEF7BEF7DEF7DEF7BEF7DEF7BEF7BEF7BC
:10BC8000BEF7BEF79EEFBEF75EDF7EE75E7E3ECF7D
:10BC90009F4D9F4D9F4DBF451FB77E4D5ED73EC701
:10BCA0009EEF7FE7BFF79EEFBEF7BEF7BEF7BEF78A
:10BCB000BEF7BEF7BEF7BEF7BEF7BEF7BFF7BEF7DB
:10BCC000BEF7BEF7BEF7BEF7BEF7BEF7BEF7BFF7CB
:10BCD000BEF7BEF7BEF7BEF7BEF7BEF7BEF7BEF7BC
:10BCE000BFF7BEF7BEF7BEF7BFF75D86BEF7BEF77C
:10BCF000BEF7BEF7BEF7BEF7BEF7BEF7BEF7BEF79C
:10BD0000BEF7BEF7BEF7BEF7BEF7BEF7BFF7BEF78A
:10BD10009EEF9EEF7ED79EDF5FA75EBF5F267E36DB
:10BD20005F2E5F2E7FA75F269FDF7FCFBEEF9EE750
:10BD3000BEF7BEF7BEF7BEF7BEF7BEF7DEF7BEF73B
:10BD4000BEF7BEF7BEF7BEF7BEF7BEF7BEF7BEF74B
:10BD5000BEF7BEF7BEF7BEF7BEF7BEF7BEF7BEF73B
:10BD6000BEF7BEF7BEF7BEF7BEF7BEF7BEF7BEF72B
:10BD7000BEF7BEF7DEF7DEF7BEF7DEF7BEF7BEF7BB
:10BD8000BFF7BFF79EE7BEEF3ED77FDF9F4D1FB7E0
:10BD9000BF45BF4D9F4D9F4D3FCF3FAF7EE75ED725
:10BDA000BEEF9EEFBEF7BEF7BEF7BEF7BEF7BEF71B
:10BDB000BEF7BEF7BEF7BEF7BEF7BEF7BEF7BEF7DB
:10BDC000BEF7BEF7BEF7BEF7BEF7BEF7BEF7BEF7CB
:10BDD000BEF7BEF7BEF7BEF7BEF7BEF7BEF7BEF7BB
:10BDE000BEF7BEF79FC7BEF7BFF7FE65BEF7BEF74B
:10BDF000BEF7BEF7BEF7BEF7BEF7BEF7BEF7BEF79B
:10BE0000BEF7BEF7BEF7BEF7BEF7BEF7BEF7BEF78A
:10BE1000BEEFBEF77FDF9FEF7EBF7FCF7F2E5FA796
:10BE20007F265F2E7F367F267FD77FBFBEEF9FDFC7
:10BE3000BEF7BEEFBEF7DEF7BEF7BEF7BEF7BEF742
:10BE4000BEF7BEF7BEF7BEF7BEF7BEF7BEF7BEF74A
:10BE5000BEF7BEF7BEF7BEF7BEF7BEF7BEF7BEF73A
:10BE6000BEF7BEF7BEF7BEF7BEF7BEF7BEF7BEF72A
:10BE7000BEF7BEF7BEF7BEF7BEF7BEF7BEF7BEF71A
:10BE8000BEF7BEF77EDF9EEF3FC75ED7BF45BE550C
:10BE90009F4DBF4DFF9E9F4D5FD73FC79EEF7EE7F3
:10BEA000BEF7BEF7BEF7BEF7BFF7BEF7BEF7BEF7E9
:10BEB000BEF7BEF7BEF7BEF7BFF7BEF7BEF7BEF7D9
:10BEC000BEF7BEF7BEF7BEF7BEF7BEF7BEF7BEF7CA
:10BED000BEF7BEF7BEF7BEF7BEF7BEF7BEF7BEF7BA
:10BEE000BEFFBEF7DF45BFE7BEF7BE8EBEF7BEF7AB
:10BEF000BEF7BEF7BEF7BEF7BEF7BEF7BEF7BEF79A
:10BF0000BEF7BEF7BEF7BEF7BEF7BEF7BEF7BEF789
:10BF1000BEF7BEF79EE7BEEF7FD79EDF3F975FC7B6
:10BF20005F2E7F267F267F267FC79E469EE77FD790
:10BF3000BEF7BEEFBEF7BEF7BEF7BEF7BEF7BEF761
:10BF4000BEF7BEF7BEF7BEF7BEF7BEF7BEF7BEF749
:10BF5000BEF7BEF7BEF7BEF7BEF7BEF7BEF7BEF739
:10BF6000BEF7BEF7BEF7BEF7BEF7BEF7BEF7BEF729
:10BF7000BEF7BEF7BEF7BEF7BEF7DEF7BEF7BEF7F9
:10BF80009EEFBEF77EDF9FE7DC6D5FC7BF45BF4D0D
:10BF9000BF4DBF4D3FC75F867FDF5FD7BFF79FEFC6
:10BFA000BEF7BFF7BEF7BEF7BEF7BEF7BEF7BEF7E8
:10BFB000BEF7BFF7BEF7BFF7BEF7BEF7BEF7BEF7D7
:10BFC000BEF7BEF7DEF7BEF7BEF7BEF7BEF7BEF7A9
:10BFD000BEF7BEF7BEF7BFF7BEF7BEF7BEFFBEF7B0
:10BFE000BFF7BFF7BF3DFE4DBEF7BFCFBEF7BEF7F1
:10BFF000BEF7BEF7BEF7BEF7BEF7BEF7BEF7BEF799
:10C00000BEF7BEF7BEF7BEF7BEF7BEF7BEF7BEF788
:10C01000BFF7BEF7BEEFBFF79EDF9FE77FBF7FCFC3
:10C020007F269E667F265F269F977F2E9EDF5FCFAF
:10C03000BEEF9EEFBEF7BEF7BEF7BFF7BEF7BEF787
:10C04000BEF7BEF7BEF7BEF7BEF7BEF7BEF7BEF748
:10C05000BEF7BEF7BEF7BEF7BEF7BEF7BEF7BEF738
:10C06000BEF7BEF7BEF7BEF7BEF7BEF7BEF7BEF728
:10C07000BEF7BEF7BEF7BEF7BEF7BEF7BFF7BEF717
:10C080009EEFBEF75ED77FDFBF4D1FAFBF45BF45F9
:10C09000BE559F455FD73FC79EE77EDFBEF79EEF49
:10C0A000BEF7BFF7BEF7BEF7BEF7BEF7BEF7BEF7E7
:10C0B000BEF7BEF7BEF7BEF7BEF7BEF7BEF7BEF7D8
:10C0C000BEF7BEF7DEF7BEF7BEF7BEF7BEF7BEF7A8
:10C0D000BEF7BEF7BEF7BEF7BEF7BEF7BEF7BEF7B8
:10C0E000FD6DBEFFBF45DF45BEF7DFEFBEF7BEF714
:10C0F000BEF7BEF7BEF7BEF7BEF7BEF7BEF7BEF798
:10C10000BEF7BEF7BEF7BEF7BEF7BEF7BEF7BEF787
:10C11000BEF7BEF7BEF7BEF79EE7BEEF7FCF9FDF4D
:10C120007F3E5FBF7F265F267F267F267FD77FB734
:10C130009EEF9FE7BEF7BEEFBEF7BEF7BEF7BEF7B6
:10C14000BEF7BEF7BEF7BEF7BEF7BEF7BEF7BEF747
:10C15000BEF7BEF7BEF7BEF7BEF7BEF7BEF7BEF737
:10C16000BEF7BEF7BEF7BEF7BEF7BEF7BEF7BEF727
:10C17000DEF7BEF7BEF7BEF7BEF7BEF7BEF7BEF7F7
:10C180009EE79EEF5FC75FDFBF4D9E55BF45BF4532
:10C190003FBF9E557FDF5ECFBEEF9FEFBEF7BEF77E
:10C1A000BEF7BEF7BEF7BEF7BEF7BEF7BEF7BEF7E7
:10C1B000BEF7BEF7BFF7BEF7BEF7BFF7BEF7BEF7D5
:10C1C000BEF7BEF7BEF7BEF7BEF7BEF7BEF7BEF7C7
:10C1D000BEF7BEF7BFF7BEF7BEF7BFFFBFF7BEF7AC
:10C1E000DF45FFA6DE45DF3DBEF7DFF7BEF7BEF752
:10C1F000BEF7BEF7BEF7BEF7BEF7BEF7BEF7BEF797
:10C20000BEF7BEF7BFF7BEF7DEF7BEF7BEF7BEF765
:10C21000BEF7BEF7BEF7BEF7BEEFBEF79FD79FE7EC
:10C220007FAF7EC77F265F2E9F1E7F269FC7DE5E65
:10C23000BEE79FD7BEF7BEEFBEF7BEF7BEF7BEF7AD
:10C24000BEF7BEF7BEF7BEF7BEF7BEF7BEF7DEF726
:10C25000BEF7BEF7BEF7BEF7BEF7BEF7BEF7BEF736
:10C26000BEF7BEF7BEF7BEF7BEF7BEF7BEF7BEF726
:10C27000BEF7BEF7BEF7BEF7BEF7BEF79EEFBEF73E
:10C280007EDF9FE7BF965ECFBF45BF4D9F4DBF4549
:10C290005FCFFF9E9EE77EDFBEF7BEEFBEF7BEF725
:10C2A000BEF7BEF7BEF7BEF7BEF7BEF7BEF7BEF7E6
:10C2B000BEF7BEF7BEF7BEF7BEF7BEF7BEF7BEF7D6
:10C2C000BEF7BEF7BEF7BEF7BEF7BEF7BEF7BEF7C6
:10C2D000BEF7BEF7BEF7BEF7BEF7BEF7FFDFDEF76D
:10C2E000DF3D1F461D66DF3DBEF7BFF7BEF7BEF759
:10C2F000BEF7BEF7BEF7BEF7BEF7BEF7BEF7BEF796
:10C30000BEF7BEF7BEF7BEF7BEF7BEF7BEF7BEF785
:10C31000BEF7BEF7BEF7BEF7BEEFBEF79EDFBFEFBC
:10C320007EBF7FD77F267F8F7F1E7F269FAF9F1E7A
:10C330009FDF7FCFBFF79FEFBEF7BEF7BEF7BEF719
:10C34000BEF7BEF7BEF7BEF7BEF7BEF7BEF7BEF745
:10C35000BEF7BEF7BEF7BEF7BEF7BEF7BEF7BEF735
:10C36000BEF7BEF7BEF7BEF7BEF7BEF7BEF7BEF725
:10C37000BEF7BEF7BEF7BEF7BEF7BEF79EEFBEF73D
:10C380005ED77FE7BF4D5FBFBF459F45DD65BF45BA
:10C390005ED73FCF9EEF7FE7BEF7BEF7BEF7BEF793
:10C3A000BEF7BEF7BEF7BEF7DEF7BEF7BEF7BEF7C5
:10C3B000BEF7BEF7BEF7BEF7DEF7BEF7DEF7BEF795
:10C3C000BEF7BEF7BEF7BEF7BEF7BEF7BEF7BEF7C5
:10C3D000BEF7BEF7BEF7BEF7BEF7BEF7FE45FFEFEE
:10C3E000FF3DDF3D5FB7DF3DBEF7BFF7BEF7BEF7EE
:10C3F000BEF7BEF7BEF7BEF7BEF7BEF7BEF7BEF795
:10C40000BEF7BEF7BEF7BEF7BEF7BEF7BEF7BEF784
:10C41000BEF7BEF7BEF7BEF7BEF7BEF79EE7BEEFAC
:10C420007FCF9FDF7E3E5EB79F1E9F1E9E3E9F1E5C
:10C430007FD77FBF9EEF9FE7BEF7BEF7BEF7BEF781
:10C44000BEF7BEF7BEF7BEF7BEF7BEF7BEF7BEF744
:10C45000BEF7BEF7BEF7BEF7BEF7BEF7BEF7BEF734
:10C46000BEF7BEF7BEF7BEF7BEF7BEF7BEF7BEF724
:10C47000BEF7BEF7BEF7BEF7BEF7BEF79FEFBEEF43
:10C480003ECF7EDFBF459F8E9F45BF453FB7BF4D27
:10C490007EDF5FCFBEEF9EEFBEF7BFF7BEF7BEF702
:10C4A000BEF7BEF7BEF7BEF7BEF7BEF7BEF7BEF7E4
:10C4B000BEF7BEF7BEF7BEF7BEF7BEF7BEF7BEF7D4
:10C4C000BEF7BEF7BEF7BEF7BEF7BEF7BEF7BEF7C4
:10C4D000BEF7BEF7BEF7BEF7BFF7BEF7DF3DBC5DE8
:10C4E000DF35FF3DBFE7DF3DBEF7BFF7BEF7BEF765
:10C4F000BEF7BEF7BEF7BEF7BEF7BEF7BEF7BEF794
:10C50000BEF7BEF7BEF7BEF7BEF7BEF7BEF7BEF783
:10C51000BEF7BEF7BEF7BEF7BEF7BEF7BEEFBEF77B
:10C520009FD7BFE79FA75EC79F1E9F1EBF1E9F1E70
:10C530007ECF7FAF9EEF9EDFBEF7BEF7BEF7BEF7A2
:10C54000BEF7BEF7BEF7BEF7BEF7BEF7BEF7BEF743
:10C55000BEF7BEF7BEF7BEF7BEF7BEF7BEF7BEF733
:10C56000BEF7BEF7BEF7BEF7BEF7BEF7BEF7BEF723
:10C57000BEF7BEF7BEF7BEF7BFF7BEF79FE79EEF69
:10C580003FC75FD7BF45BF4DBF4DBF455EC75F7E4D
:10C590009FE77ED7BEF79EEFBEF7BEF7BEF7BEF7AA
:10C5A000BEF7BEF7BEF7BEF7BEF7DEF7BEF7BEF7C3
:10C5B000BEF7BEF7BEF7BEF7BEF7BEF7BEF7BEF7D3
:10C5C000BEF7BEF7BEF7BEF7BEF7BEF7BEF7BEF7C3
:10C5D000BEF7BEF7BEF7BEF79E8EBFF7FF3DFF3D2D
:10C5E000FF35DF3DBEF7FE35BEF7BEF7BEF7BEF73F
:10C5F000BEF7BEF7BEF7BEF7BEF7BEF7BEF7BEF793
:10C60000DEF7BEF7BEF7DEF7BEF7BEF7BEF7BEF742
:10C61000BEF7BFF7BEF7BEF7BEF7BEF7DEEFBEF759
:10C620009FDFBEEF5EBF7ECF9F1EBE4EBF1EBF16FA
:10C630007FC7BE46BEE79ED7BEF7BEEFBEF7BEF7CA
:10C64000BEF7BEF7BEF7BEF7BEF7BEF7BEF7BEF742
:10C65000BEF7BEF7BEF7BEF7BEF7BEF7BEF7BEF732
:10C66000BEF7BEF7BEF7BEF7BEF7BEF7BEF7BEF722
:10C67000BEF7BEF7BEF7BEF79EF7BEF77EDF9EE7BA
:10C68000FF9E5FCFBF45BF4DBF4DBF455ED75FBF6C
:10C690009FEF7EDFBFF7BFF7BEF7BEF7BEF7BEF76F
:10C6A000BEF7BEF7BEF7BEF7BEF7BEF7BEF7BEF7E2
:10C6B000BEF7BEF7BEF7BEF7BEF7BEF7BEF7BEF7D2
:10C6C000BEF7BEF7BEF7BEF7BEF7BEF7BEF7BEF7C2
:10C6D000BEF7BEF7BFF7BFF7FF35DFCFFF35DF3D52
:10C6E000DF3DFF35BFF71D56BEF7BEF7BEF7BEF7FD
:10C6F000BEF7BEF7BEF7BEF7BEF7BEF7BEF7BEF792
:10C70000BEF7BEF7BEF7BEF7BEF7BEF7BEF7BEF781
:10C71000BEF7BEF7BEF7BEF7BEF7BEF7BEF7BEF771
:10C720009EE7BFEF7EC79FDF9F1E7FA7BF16BF1E7E
:10C730007FB7DF1E9EDF7ECFBFF79EEFBEF7BFF74E
:10C74000BEF7BEF7BEF7BEF7BEF7BEF7BEF7BEF741
:10C75000BEF7BEF7BEF7BEF7BEF7BEF7BEF7BEF731
:10C76000BEF7BEF7BEF7BEF7BEF7BEF7BEF7BEF721
:10C77000BEF7BEF7BEF7BEF79EEFBEF75ED79FE7E8
:10C78000DE553EC7BF45BF45BF8EBF457ED73FCFB5
:10C79000BEEF9FE7BEF7BEF7BEF7BEF7BEF7BEF728
:10C7A000BEF7BEF7BEF7BEF7BEF7BEF7BEF7BEF7E1
:10C7B000BEF7BEF7BEF7BEF7BFF7BEF7BFF7BFF7CE
:10C7C000BEF7BEF7BEF7BEF7BEF7BEF7BEF7BEF7C1
:10C7D000BEF7BEF7DFEFBEF7DF3DFF3DFF3DFF35A4
:10C7E000FF35FF3DBEF7BE86BEF7BEF7BEF7BEF70C
:10C7F000BEF7DEF7BEF7BEF7BEF7BEF7BEF7BEF771
:10C80000BEF7BEF7BEF7BEF7BEF7BEF7BEF7BEF780
:10C81000BEF7BEF7BEF7BEF7BEF7BEF7BEF7BEF770
:10C82000BEEFBEF77ECF9EE7FF5E7FB7BF16DF1677
:10C830003E67BF169EDF7EC7BEF79EE7BEF7BEF718
:10C84000BEF7BEF7BEF7BEF7BEF7BEF7BEF7BEF740
:10C85000BEF7BEF7BEF7BEF7BEF7BEF7BEF7BEF730
:10C86000BEF7BEF7BEF7BEF7BEF7BEF7BEF7BEF720
:10C87000BEF7BEF7BEF7BEF79FEFBFF75ECF7FE70D
:10C88000BF453FBFBF45BF455FBFBE4D7EDF5FCFEA
:10C89000BEF79FEFBEF7BEF7BEF7BEF7BEF7BEF717
:10C8A000BEF7BEF7BEF7BEF7BEF7BEF7BEF7BEF7E0
:10C8B000BEF7BEF7BEF7BEF7BEF7BEF7BEF7BEF7D0
:10C8C000BEF7BEF7BEF7BEF7BFF7BEF7BEF7BEF7BF
:10C8D000BEF7BEF7FE55BFEFFF35DF3DFF35FF3535
:10C8E000FF3DFF35BEF79FCFBEF7BEF7BEF7BEF7E1
:10C8F000BEF7BEF7BEF7BEF7BEF7BEF7BEF7BEF790
:10C90000BEF7BEF7BEF7BEF7BEF7BEF7BEF7BEF77F
:10C91000BEF7BEF7BEF7BEF7BEF7BEF7BEF7BEF76F
:10C92000BFEFBFF79EDFBEE77FAF7FC7DF169F1E5B
:10C93000DF26DF169ED77FB79EEF9EE7BEF7BEF7D6
:10C94000BEF7BEF7BEF7BEF7BEF7BEF7BEF7BEF73F
:10C95000BEF7BEF7BEF7BEF7BEF7BEF7BEF7BEF72F
:10C96000BEF7BEF7BEF7BEF7BEF7BEF7BEF7BEF71F
:10C97000BEF7BEF7BEF7BEF79EE7BEEF5FCF7FDF25
:10C98000BF453E7EBF45BF453FC73F7E9EE77FD741
:10C99000BEF7BEEFBEF7BEF7BEF7BEF7BEF7BEF7F7
:10C9A000BEF7BEF7BEF7BEF7BEF7BEF7BEF7BEF7DF
:10C9B000DEF7BEF7BEF7BEF7BEF7BEF7BEF7BEF7AF
:10C9C000BEF7BEF7BEF7BEF7BEF7BEF7BEF7BEF7BF
:10C9D000BEF7BEF71F3E1C6EFF35FF351F36FF3515
:10C9E0001F3E1F36BEF7DFEFBEF7BEF7BEF7BEF73E
:10C9F000BEF7BEF7BEF7BEF7BEF7BEF7BEF7BEF78F
:10CA0000BEF7BEF7BEF7BEF7BEF7BEF7BEF7BEF77E
:10CA1000BEF7BEF7BEF7BEF7BEF7BEF7BEF7BEF76E
:10CA2000BEF7DEF79EDFBEEF7EBF9FCFDF16FF4E65
:10CA3000DF16DF169FCF7F97BEEF9EDFBEF7BFF7F3
:10CA4000BEF7BEF7BEF7BEF7BEF7BEF7BEF7BEF73E
:10CA5000BEF7BEF7BEF7BEF7BEF7BEF7BEF7BEF72E
:10CA6000BEF7BEF7BEF7BEF7BEF7BEF7BEF7BEF71E
:10CA7000BEF7BEF7BEF7BFF79EE79EEF3FC75FD793
:10CA8000BF45DE55BF45BF455FCF5FB79EEF7FDF38
:10CA9000BEF79EF7BEF7BEF7BEF7BEF7BEF7BEF70E
:10CAA000BEF7BEF7BEF7BEF7BEF7BEF7BEF7BEF7DE
:10CAB000BEF7BEF7BEF7BEF7BEF7BEF7BEF7BEF7CE
:10CAC000BEF7BEF7BEF7BEF7BEF7BEF7BEF7BEF7BE
:10CAD0003FA7BEF71F36FF3DFF351F361F361F36F7
:10CAE000FD3D1F36BEF7BFF7BEF7BEF7BEF7BEF778
:10CAF000BEF7BEF7BEF7BEF7BEF7BEF7BEF7BEF78E
:10CB0000BEF7BEF7BEF7BEF7BEF7BEF7BEF7BEF77D
:10CB1000BEF7BEF7BEF7BEF7BEF7BEF7BEF7BEF76D
:10CB2000BEF7BEF79EE7BEEF7FC79ED7DF167F9F9B
:10CB3000DF16DF169FBFFE46BEE79ED7BEF7BEEFED
:10CB4000BEF7BEF7BEF7BEF7BEF7BEF7BEF7BEF73D
:10CB5000BEF7BEF7BEF7BEF7BEF7BEF7BEF7BEF72D
:10CB6000BEF7BEF7BFF7BEF7BEF7BEF7BEF7BEF71C
:10CB7000BEF7BEF7DFF7BEF79FDF9EEF5FB75FCF71
:10CB8000DF3DDF45BE55BF457FD75FC79EEF9EE7C0
:10CB9000BEF7BEF7BEF7BEF7DEF7DEF7BEF7BEF7AD
:10CBA000BEF7BEF7BEF7BEF7BEF7BEF7BEF7BEF7DD
:10CBB000BEF7BEF7BEF7BEF7BEF7BEF7BEF7BEF7CD
:10CBC000BEF7BEF7BEF7BEF7DEF7BEF7BEF7BEF79D
:10CBD0001F36FFE71F36FF351F361F361F361F363D
:10CBE0007D661F36BEF7BFF7BEF7BEF7BEF7BEF7CE
:10CBF000BEF7BEF7BEF7BEF7BEF7BEF7BEF7BEF78D
:10CC0000BEF7BEF7BEF7BEF7BEF7BEF7BEF7BEF77C
:10CC1000BEF7BEF7BEF7BEF7DEF7BEF7BEF7BEF74C
:10CC2000BEF7BEF7BEEFBEF77ECF9EDFBF267FB753
:10CC3000FF0EDF167FBFDE16BFE79ECFBEF7BEEF4B
:10CC4000BEF7BEF7BEF7BEF7BEF7BEF7BEF7BEF73C
:10CC5000BEF7BEF7BEF7BEF7BEF7BEF7BEF7BEF72C
:10CC6000BEF7BEF7BEF7BEF7BEF7BEF7BEF7BEF71C
:10CC7000BEF7BEF7BFF7BEF77FDF9EEF7F863FCFE1
:10CC8000BF45DF45BF86DF3D7ED75FCFBEEF9FE765
:10CC9000BEF7BEF7BEF7BEF7DEF7BEF7BEF7BEF7CC
:10CCA000BEF7BEF7BEF7BEF7BEF7BEF7BEF7BEF7DC
:10CCB000BEF7BEF7BEF7BEF7BEF7BEF7BEF7BEF7CC
:10CCC000BEF7BEF7BEF7BEF7BEFFBEF7DFF7BFF792
:10CCD0001F36FE3D1F361F361F361F361F361F36C6
:10CCE0005FAF1F36BEF7BFF7BEF7BEF7BEF7BEF7A2
:10CCF000BEF7BEF7BEF7BEF7BEF7BEF7BEF7BEF78C
:10CD0000BEF7BEF7BEF7BEF7BEF7BEF7BEF7BEF77B
:10CD1000BEF7BEF7BEF7BEF7BEF7BEF7BEF7BEF76B
:10CD2000BEF7BEF7BEEFBEF77ECF9EE75F5F7FBF69
:10CD3000DF0EDF169FA7FF0E9EDF7ECFBEF7BEEF92
:10CD4000BEF7BEF7BEF7BEF7BEF7BEF7DFFFBEF712
:10CD5000BEF7DFFFBEF7BEF7BEF7BEF7BEF7BEF702
:10CD6000BEF7BEF7BEF7BEF7BEF7BEF7BEF7BEF71B
:10CD7000BEF7BEF7BEEFBEF75FD79EE79E553FC733
:10CD8000BF45DF455FB7BF457EDF5FCFBEF79EEF94
:10CD9000BEF7BEF7BEF7BEF7BEF7BEF7BEF7BEF7EB
:10CDA000BEF7BEF7BEF7BEF7BEF7BEF7BEF7BEF7DB
:10CDB000BEF7BEF7BEF7BEF7BEF7BEF7BEF7BEF7CB
:10CDC000BEF7BEF7BEF7BEF7BEF7BEF71D56BDF7FE
:10CDD0001F36FF351F361F361F2E1F2E3F2E1F2ECC
:10CDE000FFE71F36BFFFBFF7BEF7BEF7BEF7BEF7C0
:10CDF000BEF7BEF7BEF7BEF7BEF7BEF7BEF7BEF78B
:10CE0000BEF7BEF7BEF7BEF7BEF7BEF7BEF7BEF77A
:10CE1000BEF7BEF7BEF7BEF7BEF7BEF7DEF7BEF74A
:10CE2000BEF7BEF7BEEFBFF79ED79EE79F9F7FC7B7
:10CE3000DF0EDF165F67FF0E9FDF7FC7BEF7BFEF16
:10CE4000BEF7BFF7BEF7BEF7BEF7BEF7DFFFBEF710
:10CE5000BEF7DFFFBEF7BEF7BEF7BEF7BEF7BEF701
:10CE6000BEF7BEF7BEF7BEF7BEF7BEF7BEF7BEF71A
:10CE7000BEF7BEF79EEFBEF75ED77EE7DF453FBF4A
:10CE8000DF45DF453FC7BE4D7FE75FD7BEF79EEF6B
:10CE9000BEF7BEF7BEF7BEF7BEF7BEF7BEF7BEF7EA
:10CEA000BEF7BEF7BEF7BEF7BEF7BEF7BEF7BEF7DA
:10CEB000BEF7BEF7BEF7BEF7DEF7BEF7BEF7BEF7AA
:10CEC000BEF7BEF7BEF7BEF7BFFFBEF71F36BF8E79
:10CED0001F361F363F2E1F363F2E1F2E3F2E3F2E52
:10CEE000BFF73E36BEF7BEF7BEF7BFF7BEF7BFF7D8
:10CEF000DEF7BEF7BEF7BEF7BEF7BEF7BEF7BEF76A
:10CF0000BEF7DEFFBEF7BFF7BEF7BEF7BEF7BEF750
:10CF1000BEF7BEF7BEF7BEF7BEF7BEF7BEF7BEF769
:10CF2000BEF7BEF7BEF7BFF79EDFBEEF7FAF7FCF86
:10CF3000DF16BF16BE2EDF0E9FD77EBFBEEF9EE769
:10CF4000BEF7BEF7BEF7BEF7BEF7BEF7BEF7BEF739
:10CF5000BEF7BEF7BEF7BEF7BEF7BEF7BEF7BEF729
:10CF6000BEF7BEF7BEF7BEF7BEF7BEF7BEF7BEF719
:10CF7000BEF7BEF79EEFBEF75FCF7EDFDF3D3FB768
:10CF8000DF3DDF3D5FC75E769FE77FDFBEF7BEF721
:10CF9000BEF7BEF7BEF7BEF7BEF7BEF7BEF7BEF7E9
:10CFA000BEF7BEF7DEF7BEF7BEF7BEF7BEF7BEF7B9
:10CFB000BEF7BEF7BEF7BEF7DEF7BEF7BEF7BEF7A9
:10CFC000BEF7BEF7BEFFDEF79FCFDEF71F2E1F3680
:10CFD0001F2E1F2E3F2E1F2E3F2E3F2E3F2E3F2E49
:10CFE000BFF75D4EBEF7BEF7BEF7BEF7BEF7BEF7A2
:10CFF000BEF7BEF7BEF7BEF7BEF7BEF7BEF7BEF789
:10D00000BEF7BEF7BEF7BEF7BEF7BEF7BEF7BEF778
:10D01000BEF7BEF7BEF7BEF7BEF7BEF7BEF7BEF768
:10D02000BEF7BEF7BEF7BEF7BFDF9EEF7EBF9FCF56
:10D03000FF0EBE2EDE16FF0E9FCF9FB7BEEFBFE7DF
:10D04000BEF7BEF7BEF7BEF7BEF7BEF7BEF7BEF738
:10D05000BEF7BEF7BEF7BEF7BEF7BEF7BEF7BEF728
:10D06000BEF7BEF7BEF7BEF7BEF7BEF7BEF7BEF718
:10D07000BEF7BEF79EEFBEF73FC77FDFDF3DDF960F
:10D08000DF45DF3D7ECF3FA79EEF7EDFBFF7BEF7D8
:10D09000BEF7BEF7BEF7BEF7BEF7BEF7BEF7BEF7E8
:10D0A000BEF7BEF7BEF7BEF7BEF7BEF7BEF7BEF7D8
:10D0B000BEF7BEF7BEF7BEF7BEF7BEF7BEF7BEF7C8
:10D0C000BEF7BEF7DEF7DFF71F3EFFE71F2E1F3666
:10D0D0001F2E1F2E3F2E3F2E3F2E3F2E3F2E3F2E28
:10D0E000BFF7FF96BEF7BEF7BEF7BEF7BEF7BEF7B7
:10D0F000BEF7BEF7BEF7BEF7BEF7BEF7BEF7BEF788
:10D10000BEF7BEF7BEF7BEF7BEF7BEF7BEF7BEF777
:10D11000BEF7BEF7BEF7BEF7BEF7BEF7BFF7BEF766
:10D12000BEF7BEF7BEF7BEF79EE79EEF7FBF9FD765
:10D13000FF0E3F5F1F0FFF0E9FCF7FAFBEEF9FDF42
:10D14000BEF7BEF7BEF7BEF7BEF7BEF7BEF7BEF737
:10D15000BEF7BEF7BEF7DFFFBEF7BEF7BEF7BEF7FE
:10D16000BEF7BEF7BEF7BEF7BEF7BEF7BEF7BEF717
:10D17000BEF7BEF79EE7BEEF3FC77FD7DF3D3E6EEF
:10D18000DF3DDF3D5ECF3FB79EEF9EE7BFF7BFF7C6
:10D19000BEF7BEF7BEF7BEF7DEF7DEF7BEF7BEF7A7
:10D1A000BEF7BEF7BEF7BEF7BEF7BEF7BEF7BEF7D7
:10D1B000BEF7BEF7BEF7BEF7BEF7BEF7BEF7BEF7C7
:10D1C000BEF7BEF7DFF7BEFF3F361D461F2E1F36E8
:10D1D0003F2E1F2E3F2E3F2E3F2E3F2E3F2E3F2E07
:10D1E000BEF7BFD7BEF7BEF7BEF7BEF7BEF7BEF7B6
:10D1F000BEF7BEF7BEF7BEF7BEF7BEF7BEF7BEF787
:10D20000BEF7BEF7BEF7BEF7BEF7BEF7BEF7BEF776
:10D21000BEF7BEF7BEF7BEF7BFF7BEF7BEF7BEF765
:10D22000BEF7BEF7BEF7BEF7BEE79EEF7EC79FD73D
:10D23000FF169F8F1F0FFF0E9FC77F9FBEEF9FDFC1
:10D24000BEF7BEF7BEF7BEF7BEF7BEF7BEF7BEF736
:10D25000DFFFBEF7BEF7DEF7BEF7BEF7BEF7BEF7DD
:10D26000BEF7BEF7BEF7BEF7BEF7BEF7BEF7BEF716
:10D27000BEF7BEF79EE7BEEF5FC77FD7DF3DDE5547
:10D28000DF45DF3D5ED73FC7BEEF9EDFBFF7BFF78D
:10D29000BEF7BEF7BEF7BEF7BEF7BEF7BEF7BEF7E6
:10D2A000BEF7BEF7BEF7BEF7BEF7BEF7BEF7BEF7D6
:10D2B000BEF7BEF7BEF7BEF7BEF7BEF7BEF7BEF7C6
:10D2C000BEF7BEF71D6EDFF71F361F361F2E1F2E4F
:10D2D0003F2E3F2E3F2E3F2E5F2E5F2E3E365F2E7F
:10D2E000BEF7DFEFBEF7BEF7BEF7BEF7BEF7BEF77D
:10D2F000BEF7BEF7BEF7BEF7BEF7BEF7BEF7BEF786
:10D30000BEF7BEF7BEF7BEF7BEF7BEF7BEF7BEF775
:10D31000BEF7BEF7BEF7BEF7BEF7BEF7BEF7BEF765
:10D32000BEF7BEF7BEF7BEF7BEE7BEF77FC79EDF0C
:10D33000FF0E9FA7FF0EFF0E9FC75F6FBEE79ED732
:10D34000BEF7BEF7BEF7BEF7BEF7BEF7BEF7BEF735
:10D35000BEF7BEF7BEF7BEF7BEF7BEF7BEF7BEF725
:10D36000BEF7BEF7BEF7BEF7BEF7BEF7BEF7BEF715
:10D37000BEF7BEF79FE7BEEF3FBF5FD7DF3DBE45BD
:10D38000DE4DDF3D7ED73EBF9EEF9EE7BEF7BEF788
:10D39000BEF7BEF7BEF7DEF7BEF7BEF7BEF7BEF7C5
:10D3A000BEF7BEF7BEF7BEF7BEF7BEF7BEF7BEF7D5
:10D3B000BEF7BEF7BEF7BFF7BEF7BEF7BEF7BEF7C4
:10D3C000BEF7BEF71F363EAF1F2E1F2E3F2E3F2E3D
:10D3D0003F2E3F2E3F2E3F2E5F263F2E5E3E5F2686
:10D3E000BEF7BEF7BFF7BFF7BEF7BEF7BEF7BEF793
:10D3F000BFF7BEF7BEF7BFF7BEF7BEF7BEF7BEF783
:10D40000BEF7BEF7BEF7DEF7BEF7BEF7BEF7BEF754
:10D41000BEF7BEF7BEF7BEF7BEF7BEF7BEF7BEF764
:10D42000BEF7BEF7BEF7BEF7BEE7BEF77FC79FDF0A
:10D43000FF0E7FAF1F0FFF0E7FC71F4F9EE79FD7C7
:10D44000BEF7BEEFBEF7BEF7BEF7BEF7BEF7BEF73C
:10D45000BEF7BEF7BEF7BEF7BEF7BEF7BEF7BEF724
:10D46000BEF7BEF7BEF7BEF7BEF7BEF7BEF7BEF714
:10D47000BEF7BEF79FE79EEF3FBF5ECFDF3DDF45C4
:10D48000FE55DF3D7ED75FC79EEF9FE7BEF7BEF735
:10D49000BEF7BEF7BEF7DEF7BEF7BEF7BEF7BEF7C4
:10D4A000BEF7BEF7BEF7BEF7BEF7BEF7BEF7BEF7D4
:10D4B000BEF7BEF7BEF7BEF7BEF7BEF7BEF7BEF7C4
:10D4C000DFDFBFF73F361F363F2E3F2E3F2E3F2E6A
:10D4D0005F2E3F2E5F265F265F265F26FE765F2645
:10D4E000DFF7FFEFDFF7DFF7BFF7BEF7DEF7BEF7D7
:10D4F000BFF7BEF7BFF7BFFFBEF7BEF7BEF7BEF779
:10D50000BEF7BEF7BEF7BEF7BEF7BEF7BEF7BEF773
:10D51000BEF7BEF7BEF7BEF7BEF7BEF7BEF7BEF763
:10D52000BEF7BEF7BEF7BEF7BEEFBEF79EC7BFDFC2
:10D53000DF167FB71F07FF0E9FBFFE36BEE79FD7E0
:10D54000BEF7BEEFBEF7BEF7BEF7BEF7BEF7BEF73B
:10D55000BEF7BEF7BEF7BEF7BEF7BEF7BEF7BEF723
:10D56000BEF7BEF7BEF7BEF7BEF7BEF7BEF7BEF713
:10D57000BEF7BEF77FDF9EEF3FBF5ECFDF35DF3DFB
:10D580005F76DF3D7EDF3FC7BEEF9EEFBEF7BEF7A3
:10D59000BEF7BEF7BEF7DEF7BEF7BEF7BEF7BEF7C3
:10D5A000BEF7BEF7BEF7BEF7BEF7BEF7BEF7BEF7D3
:10D5B000DEF7BEF7BEF7DEF7DEF7BEF7BEF7BEF763
:10D5C0001E46DEEF3F2E3F2E3F2E3F2E3F2E3F2E9C
:10D5D0005F265F2E5F265F267F265F267F267F26BB
:10D5E0007F267F269F269F269F269F269F269F2653
:10D5F0009F269F269E269E269E269E269D2EBD26E3
:10D600009C3E9E2EBEF7DEEFBEF7BEF7BEF7DEF7FE
:10D61000BEF7BEF7DEF7BEF7BEF7BEF7BEF7BEF742
:10D62000BEF7BEF7BEF7BEF7BEEFBEF79FCF9EDFD9
:10D63000DE1E7EB71F07FF0E7FBFDE1E9EE79FD751
:10D64000BEF7BEEFBEFFBEF7BEF7BEF7BEF7BEF732
:10D65000BEF7BEF7BEF7BEF7BEF7BEF7BEF7BEF722
:10D66000BEF7BEF7BEF7BEF7BEF7BEF7BEF7BEF712
:10D67000BEF7BEF77FDF9EEF3FBF5ECFFF3DFF3DB2
:10D68000BF86DF3D7EDF5EC79EEFBEEFBEF7BEF713
:10D69000BEF7BEF7BEF7BEF7BEF7BEF7BEF7BEF7E2
:10D6A000BEF7BEF7BEF7BEF7BEF7BEF7BEF7BEF7D2
:10D6B000DEF7BEF7BEF7BEF7BEF7BEF7BEF7BFF7A1
:10D6C0003F2EFD553F2E3F2E3F2E3F2E5F2E3F2EED
:10D6D0005F265F267F267F267F267F267F267F2662
:10D6E0007F1E7F1E9F1E9F1E9F1E9F1E9F1E9F1E92
:10D6F000BF1E9F1EBF1EBF1EDF16DF16DF16DF1602
:10D70000FFBFDF16BEF7DEF7BEF7BEF7BEF7BEF708
:10D71000BEF7BEF7BEF7BEF7BEF7BEF7BEF7BEF761
:10D72000BEF7BEF7BEF7BEF7BEEFBEF79FCF9EE7D0
:10D73000DE267EB71F07FF0E7FBFFE16BEDF9FD718
:10D74000BEF7BEEFBEF7BEF7BEF7BEF7BEF7BEF739
:10D75000BEF7BEF7BEF7BEF7BEF7BEF7BEF7BEF721
:10D76000BEF7BEF7BEF7BEF7BEF7BEF7BEF7BEF711
:10D77000BFF7BEF77EDFBEEF5FB73ECFFF3DFF35A1
:10D780001F97DF3D7EDF5ECF9EF7BEE7BEF7BFF798
:10D79000BEF7BEF7BEF7BEF7BEF7BEF7BEF7BEF7E1
:10D7A000BEF7BEF7BEF7BEF7BEF7BEF7BEF7BEF7D1
:10D7B000BEF7BEF7BEF7BEF7BEF7BEF7DE86BFF711
:10D7C0003F2E3F363F2E3F2E5F2E3F2E5F265F2E91
:10D7D0007F265F267F267F267F1E7F267F1E7F1E59
:10D7E0009F1E9F1E9F1E9F1E9F1EBF1EBF1EBF1EF1
:10D7F000BF16BF1EBF16BF16DF16DF16DF0EDF0E09
:10D80000BEF73E77BEF7BEF7BEF7BEF7BEF7BEF770
:10D81000BEF7BEF7BEF7BEF7BEF7BFF7BEF7BEF75F
:10D82000BEF7BEF7BEF7BEF7BEEFBEF79FCFBEE7AF
:10D83000FE367EBF1F071F077EBFFE0EBEDF9FD7CF
:10D84000BEF7BEEFBEF7BEF7BEF7BEF7BEF7BEF738
:10D85000BEF7BEF7BFF7BFF7BEF7BEF7BEF7BEF71E
:10D86000BEF7BEF7BEF7BEF7BEF7BEF7BEF7BEF710
:10D87000BEF7BEF77FDFBEEF3FB75ECF1F3EFF357F
:10D880003F9FFF357FDF5ECFBEF7BEE7BEF7BEF737
:10D89000BEF7BEF7BEF7BEF7BEF7BEF7BEF7BEF7E0
:10D8A000BEF7BEF7BEF7BEF7BEF7BEF7BEF7BEF7D0
:10D8B000BEF7BEF7BEF7BEF7BEF7BEF71F36BFCF47
:10D8C0005F2E5F2E5F2E3F2E5F265F265F265F2630
:10D8D0007F265F267F267F267F1E7F1E9F1E7F1E40
:10D8E0009F1E9F1E9F1E9F1EBF1EBF1EBF16BF16E0
:10D8F000BF16BF16DF16DF16DF16DF167D2EDF160A
:10D90000BEF7BEEFBEF7BEF7BEFFBEF7BEF7BEF76F
:10D91000BEF7BEF7BEF7BEF7BEF7BEF7BEF7BEF75F
:10D92000BEF7BEF7BEF7BEF7BEEFBEF79FCFBEE7AE
:10D930001E3F7FBF1F071F077FBFFF0EBEDF9FCFAA
:10D94000BEF7BEEFBEF7BEF7BEF7BEF7BEF7BEF737
:10D95000BEF7BEF7BEF7BEF7BEF7BEF7BEF7BEF71F
:10D96000BEF7BEF7BEF7BEF7BEF7BEF7BEF7BEF70F
:10D97000BEF7BEF77FDF9EEF3FB75ECFFF35FF35C7
:10D980003FA7FF3D7FDF3EC7BEF79EEFBEF7BEF766
:10D99000BEF7BEF7BEF7BEF7BEF7BEF7BEF7BEF7DF
:10D9A000BEF7BEF7BEF7BEF7BEF7DEF7BEF7BEF7AF
:10D9B000BEF7BEF7DEF7BEF7FFE7BFF75F2E3F3ECD
:10D9C0005F2E5F2E5F265F265F265F267F267F26DF
:10D9D0007F267F267F1E7F267F1E7F1E9F1E9F1E07
:10D9E0009F1E9F1E9F1E9F1EBF1EBF1EBF16BF16DF
:10D9F000DF16DF16DF16DF16DF16DF16FFE7DF168E
:10DA0000BEF7BEF7BEF7BEF7BEF7BEF7BEF7BEF76E
:10DA1000BEF7BEF7BEF7BEF7DEF7BEF7DEF7DEF7FE
:10DA2000BEF7BEF7BEF7BEF7BEEFBEF79FD7BEE7A5
:10DA30001F477FBF1F071F077FBF1F0FBEDF9FCF7F
:10DA4000BEF7BEEFBEF7BEF7BEF7BEF7BEF7BEF736
:10DA5000BEF7BEF7BEF7BEF7BEF7BEF7BEF7BEF71E
:10DA6000BEF7BEF7BEF7BEF7BEF7BEF7BEF7BEF70E
:10DA7000BEF7BEF77FDF9EEF3FB75FCF1F36FF35A4
:10DA80003FA71F367EDF3ECFBEF7BEE7BEF7BEF72D
:10DA9000BEF7BEF7BEF7BEF7BEF7BEF7BEF7BEF7DE
:10DAA000BFF7BEF7BEF7BFF7BEF7BEF7BEF7BEF7CC
:10DAB000BEF7BEF7BFF7BEF71E46BFF73F2E5F2685
:10DAC0005F2E5F2E5F265F265F267F267F267F26BE
:10DAD0007F1E7F1E7F1E7F1E9F1E7F1E9F1E9F1EFE
:10DAE0009F1E9F1EBF1EBF16BF16BF1EBF16BF16AE
:10DAF000DF16DF16DF16DF16FF0EDF16BEF77F9F7D
:10DB0000BEF7BEF7BEF7BEF7BEF7BEF7BEF7BEF76D
:10DB1000BEF7BEF7BEF7BEF7BEF7BEF7BEF7BEF75D
:10DB2000BEF7BEF7BEF7BEF7BEEFBEF79FD7BFE7A3
:10DB30001E3F7FBF1F071F079FBF1F0FBEDF9FCF67
:10DB4000BFF7BEEFBEF7BEF7BEF7BEF7BEF7BEF734
:10DB5000BEF7BEF7BEF7BEF7BEF7BEF7BEF7BEF71D
:10DB6000BEF7BEF7BEF7BEF7BEF7BEF7BEF7BEF70D
:10DB7000BEF7BEF77EDF9EEF5FB75ECFFF35FF35A6
:10DB80003F9F1F367FDF3EC7BEF7BEE7BEF7BEF73B
:10DB9000BEF7BEF7BEF7BEF7BEF7BEF7BEF7BEF7DD
:10DBA000BEF7BEF7BEF7BEF7BEF7BEF7BEF7BEF7CD
:10DBB000BEF7BEF7DEF7BEF73F2E9E6E5F263F2E06
:10DBC0005F265F265F265F267F267F267F267F1EB5
:10DBD0007F1E7F1E7F1E7F1E9F1E9F1E9F1E9F1EDD
:10DBE0009F1E9F16BF16BF16BF16BF16DF16DF1685
:10DBF000DF16DF16DF16DF16DD3EDF16BEF7BEF7D7
:10DC0000BEF7BEF7BEF7BEF7BEF7BEF7BEF7BEF76C
:10DC1000BEF7BEF7BEF7BEF7BEF7BEF7BEF7BEF75C
:10DC2000BEF7BEF7BEF7BEF7BEEFBEF79FD7BEE7A3
:10DC30001E377FBF3F071F077FB71F0F9EE79FCF8E
:10DC4000BEF7BEEFBEF7BEF7BEF7BEF7BEF7BEF734
:10DC5000BEF7BEF7BEF7BEF7BEF7BEF7BEF7BEF71C
:10DC6000BEF7BEF7BEF7BEF7BEF7BEF7BEF7BEF70C
:10DC7000BEF7BEF77EDF9EEF5FB75ECFFF35FF35A5
:10DC80001F971F367FDF5FC7BEEF9EEFBEF7BEF761
:10DC9000BEF7BEF7BEF7BEF7BEF7BEF7BEF7BEF7DC
:10DCA000DEF7BEF7BEF7DEF7BEF7BEF7BEF7BEF78C
:10DCB000BEF7BEF77FAFBEF75F2E5E2E5F265F2EEC
:10DCC0007F265F267F267F267F1E7F267F1E7F265C
:10DCD0007F1E7F1E9F1E9F1E9F1E9F1E9F1E9F1E9C
:10DCE000BF1E9F16BF16BF16BF16BF16DF16DF1664
:10DCF000DF16DF16DF16FF0EFFE7BE16BEF7BFF713
:10DD0000BEF7BEF7BEF7BEF7BEF7BEF7BEF7BEF76B
:10DD1000BEF7BEF7BEF7BEF7BEF7DEF7BEF7BEF73B
:10DD2000BEF7BEF7BEF7BEF7BEEFBEF79FCFBEDFB2
:10DD3000FE2E7FBF3F071F077FB71F0F9EE79FCFB6
:10DD4000BEF7BEEFBEF7BEF7BEF7BEF7BEF7BEF733
:10DD5000BEF7BEF7BEF7BEF7BEF7BEF7BEF7BEF71B
:10DD6000BEF7BEF7BEF7BEF7BEF7BEF7BEF7BEF70B
:10DD7000BEF7BEF77FDF9EEF5FB77ECF1F36FF3562
:10DD8000DF861F367EDF5FC7BFF79EE7BEF7BEF7B1
:10DD9000BEF7BEF7BEF7BEF7BEF7BEF7BEF7BEF7DB
:10DDA000BEF7BEF7BEF7BEF7BEF7BEF7BEF7BEF7CB
:10DDB000BEFFBEFF5F36FFDF5F2E5F2E5F265F2652
:10DDC0007F265F267F267F267F267F267F1E7F1E5B
:10DDD0009F1E9F1E9F1E9F1E9F1E9F1EBF1EBF1E1B
:10DDE000BF16BF16BF16BF16DF16DF16DF16DF160B
:10DDF000FF0EDF16FF16FF0EBEFF9F97BEF7BEF7A2
:10DE0000BEF7BEF7BEF7BEF7BEF7BEF7BEF7BEF76A
:10DE1000BFF7BEF7BEF7BEF7BEF7BEF7BEF7BEF759
:10DE2000BEF7BEF7BEF7BEF7BEEFBEF79FCFBEE7A9
:10DE3000FE1E7FB73F071F077FB7FE16BEE79ECFC8
:10DE4000BEF7BEEFBEF7BEF7BEF7BEF7BEF7BEF732
:10DE5000BEF7BEF7BEF7BEF7BEF7BEF7BEF7BEF71A
:10DE6000BEF7BEF7BEF7BEF7BEF7BEF7BEF7BEF70A
:10DE7000BEF7BEF77EDF9EEF3FBF5ECF1F36FE359B
:10DE8000BF6E1F367FDF5FC7BEEF9EE7BEF7BEF7F0
:10DE9000BEF7BEF7BEF7BEF7BEF7BEF7BEF7BEF7DA
:10DEA000BEF7BEF7BEF7BEF7BEF7BEF7BEF7BEF7CA
:10DEB000BEF7BEF77F2E1D3E5F265F267F267F269C
:10DEC0007F267F267F1E7F1E7F1E7F1E9F1E7F1E3A
:10DED0009F1E9F1EBF1E9F1EBF1EBF1EBF1EBF16C2
:10DEE000BF16BF16DF16DF16DF16DF16DF0EDF0EDA
:10DEF000FF16FF0EFC56FF0EBEF7DFF7BEF7BEF7AC
:10DF0000BEF7BEF7BEF7BEF7BEF7BEF7BEF7BEF769
:10DF1000BEF7BEF7BEF7BEF7BEF7BEF7BEF7BEF759
:10DF2000BEF7BEF7BEF7BEF7BEEFBEF79FCFBEDFB0
:10DF30001E177FB73F073F077FBFFE269EE77ED7AE
:10DF4000BEF7BEEFBEF7BEF7BEF7BEF7BEF7BEF731
:10DF5000BEF7BEF7BEF7BEF7DEF7BEF7BEF7DEF7D9
:10DF6000BEF7BEF7BEF7BEF7DEF7BEF7BEF7BEF7E9
:10DF70009EF7BEF77EDF9EEF3EBF7ECF1F36FE359B
:10DF80003E561F367ED73FC7BEEF9EE7BEF7BEF7B1
:10DF9000BEF7BEF7BEF7BEF7BEF7BEF7BEF7BEF7D9
:10DFA000BEF7BEF7BEF7BEF7BEF7BEF7BEF7BEF7C9
:10DFB0001C569EF75F2E7E2E7F267F267F1E7F2695
:10DFC0007F1E7F1E9F1E7F1E9F1E7F1E9F1E9F1EE9
:10DFD000BF1E9F1EBF1EBF1EBF1EBF1EBF16BF1689
:10DFE000DF16DF16DF16DF16DF0EDF16FF0EDF0E81
:10DFF000FF0EFF0EDFEFFF26BEF7DEF7BEF7BEF720
:10E00000BEF7BEF7BEF7BEF7BEF7BEF7BEF7BEF768
:10E01000DEF7BEF7BEF7BEF7BEF7BEF7BEF7BEF738
:10E02000BEF7BEF7BEF7BEF7BEEFBEF79FCFBFDFAE
:10E030001F0F9FAF3F073F0F9EBF1D379EE79ED725
:10E04000BEF7BEEFBEF7BEF7BEF7BEF7BEF7BEF730
:10E05000BEF7BEF7BEF7BEF7BEF7BEF7BEF7BEF718
:10E06000BEF7BEF7BEF7BEF7BEF7BEF7BEF7BEF708
:10E070009EF7BEF79EE7BEEF3FBF7ED71F36FD3D42
:10E080001E461F367FD73FBFBEEF9FE7BEF7BEF7E6
:10E09000BEF7BEF7BEF7BEF7BEF7BEF7BEF7BEF7D8
:10E0A000BEF7BEF7BEF7BEF7BEF7BEF7BEF7BEF7C8
:10E0B000DE767ECF9E5E9E6E7D4E9D567D3E7D467B
:10E0C0007E2E7E369E2E7E2E9F269F26BF1E9F264C
:10E0D000BF1EBF1EBF1EBF1EBF1EBF1EDF16DF1628
:10E0E000DF16DF16DF0EDF16FF0EDF0EFF0EFF0E50
:10E0F000FF0EFF0EDEF7DFD7BEF7DEF7BEF7BEF787
:10E10000BEF7BEF7BEF7BEF7BEF7BEF7BEF7BEF767
:10E11000BEF7BEF7BEF7BEF7BEF7BEF7BEF7BEF757
:10E12000BEF7BEF7BEF7BEF7BEE7BEF79FC7BFDFBD
:10E130003F0F7FA73F073F079FC75E57BEE79ED7AA
:10E14000BEF7BEEFBEF7BEF7BEF7BEF7BEF7BEF72F
:10E15000BEF7BEF7BEF7BEF7BEF7BEF7BEF7BEF717
:10E16000BEF7BEF7BEF7BEF7BEF7BEF7BEF7BEF707
:10E17000BFF7BEF79FE7BEF75FC77FD71F361E56B4
:10E180001F361F365FCF5FBF9EEF9FE7BFF7BEF71B
:10E19000BEF7BEF7BEF7BEF7BEF7BEF7BEF7BEF7D7
:10E1A000BEF7BEF7BEF7BEF7BEF7BEF7BEF7BEF7C7
:10E1B000BFF7BEF7BEF7BEF7BEF7BEF7BEF7BFF7B5
:10E1C000BFF7BEF7BFF7BFF7BFF7DFEFBFEFDFEF78
:10E1D000DFEFDFEFDFEFDEEFBE46DFEFDF16DF164C
:10E1E000DF16DF16DF0EDF0EFF0EFF0EFF0EFF0E37
:10E1F0007F8FFF16BEF7DEF7BEF7BEF7BEF7BEF79E
:10E20000BEF7BEF7BEF7BEF7BEF7BEF7BEF7BEF766
:10E21000BEF7BEF7BEF7BEF7BEF7BEF7BEF7BEF756
:10E22000BEF7BEF7BEF7BEF7BEE7BEEF9FC79FD7EC
:10E230003F079F9F3F073F079FC79F77BEEFBEDF08
:10E24000BEF7BEF7DEF7BEF7BEF7BEF7BEF7BEF706
:10E25000BEF7BEF7BEF7BEF7BFF7BEF7BEF7BEF715
:10E26000BEF7BEF7BEF7BEF7BEF7BEF7BEF7BEF706
:10E27000BEF7BEF79EE7BEF75FC77EDF3F2E7F7615
:10E280001F361F2E5ECF3FB79EEF9FDFBEF7BEF754
:10E29000BEF7BEF7BEF7BEF7BEF7BEF7BEF7BEF7D6
:10E2A000BEF7BEF7BEF7BEF7BEF7BEF7BEF7BEF7C6
:10E2B000BEF7BEF7BEF7BEF7BEF7BEF7BEF7BEF7B6
:10E2C000BEF7DFF7BEF7BEF7BEF7BEF7BEF7BEF785
:10E2D000BEF7BEF7BEF7BEF7DF1EDEEFDF16DF16B6
:10E2E000DF0EDF16FF0EFF0EFF0EFF0EFF0EFF0EFE
:10E2F000BEF7DD36BEF7DEF7BEF7BEF7BEF7BEF7F8
:10E30000BEF7BEF7BEF7BEF7BEF7BEF7BEF7BEF765
:10E31000BEF7BEF7BEF7BEF7BEF7BEF7BEF7BEF755
:10E32000BEF7BEF7BEF7BEF7BEE7BEEF9FBF9FD7F3
:10E330003F079F871F073F079ECFBF9FBEEFBEDFF0
:10E34000BEF7BEF7BEF7BEF7BEF7BEF7BEF7BEF725
:10E35000BEF7BEF7BEF7BEF7BEF7BEF7BEF7BEF715
:10E36000BEF7BEF7BEF7BEF7BEF7BEF7BEF7BEF705
:10E37000BEF7BEF7BEEFBEF75FC77FDF3F2E3F9F02
:10E380003F2E3F2E5ECF5F9F9EE79ED7BEF7BEEF2C
:10E39000BEF7BEF7BEF7BEF7BEF7BEF7BEF7BEF7D5
:10E3A000BEF7BEF7BEF7BEF7BEF7BEF7BEF7BEF7C5
:10E3B000BEF7BEF7BEF7BEF7BEF7BEF7BEF7BEF7B5
:10E3C000BEF7BEF7BEF7BEF7BEF7BEF7BEF7BEF7A5
:10E3D000BEF7BEF7BEF7BEF7DF16DFDFDF0EFF16B4
:10E3E000FF0EFF0EFF0EFF0E1F0FFF0EFF1EFF0E94
:10E3F000BEF7FFE7BEF7BEF7BEF7BEF7BEF7BEF744
:10E40000BEF7BEF7BEF7BEF7BEF7BEF7BEF7BEF764
:10E41000BEF7BEF7BEF7BEF7BEF7BEF7BEF7BEF754
:10E42000BEF7BEF7BFF7BFF7BFE7BEEF9FB79FCFFF
:10E430003F075F473F073F079ECF9FB7BEEFBEDF57
:10E44000BEF7BEF7BEF7BEF7BEF7BEF7BEF7BEF724
:10E45000BEF7BEF7BEF7BEF7BEF7BEF7BEF7BEF714
:10E46000BEF7BEF7BEF7BEF7BEF7BEF7BEF7BEF704
:10E47000BEF7BEF7BEEFBFF77FCF9FDF3F2E5FB780
:10E480003F2E3F2E5FBFDF6E9EE79FD7BEF7BEEFEA
:10E49000BEF7BEF7BEF7BEF7BEF7BFF7BEF7BEF7D3
:10E4A000BEF7BEF7BEF7BEF7BEF7BEF7BEF7BEF7C4
:10E4B000BEF7BEF7BEF7BEF7BEF7BEF7BEF7BEF7B4
:10E4C000BEF7BEF7BEF7BEF7BEF7BEF7BEF7BEF7A4
:10E4D000BEF7BEF7BEF7BEF7DF165F7FDF0EDF16B3
:10E4E000FF0EFF0E1F0FFF0E1F071F07DFBFFE0EE1
:10E4F000BEF7BEF7BEF7BEF7BEF7BEF7BEF7BEF774
:10E50000BEF7BEF7BEF7BEF7BEF7BEF7BEF7BEF763
:10E51000BEF7BEF7BEF7BEF7BEF7BEF7DEF7BEF733
:10E52000BFF7BEF7BFF7BEF7BFDFBEEF9FB79FCF06
:10E530003F07DE161E0F3F079ECF9EBFBEEF9EE732
:10E54000BEF7BFF7BEF7BFF7BEF7BEF7BEF7BEF721
:10E55000BEF7BEF7BEF7BEF7BEF7BEF7BEF7BEF713
:10E56000BEF7BEF7BEF7BEF7BEF7BEF7BEF7BEF703
:10E57000BEF7BEF7BEEFBFF77FCF9FE71E365FBF88
:10E580005F2E5F2E5EBF3E3E9FE75ECFBEF7BEEFC3
:10E59000BEF7BEF7BEF7BEF7BEF7BEF7BEF7BEF7D3
:10E5A000BEF7BEF7BEF7BEF7BEF7BEF7BEF7BEF7C3
:10E5B000BEF7BEF7BEF7BEF7BEF7BEF7BEF7BEF7B3
:10E5C000BEF7BEF7BEF7BEF7BEF7BEF7BEF7BEF7A3
:10E5D000BEF7BEF7DEF7BEF7FF0E9D36FF0EDF0E6D
:10E5E000FF0EFF0E1F0F1F0FFF0E1F0FDEF71E6720
:10E5F000BEF7BEF7BEF7BEF7BEF7BEF7BEF7BEF773
:10E60000BEF7BEF7BEF7DEF7BEF7BEF7BEF7BEF742
:10E61000BEF7BEF7BEF7BEF7BEF7BEF7BEF7BEF752
:10E62000BEF7BEF7BEEFBEF7BFDFBFEF7EA79FC747
:10E630003F073E073E373F079FD77EBFDFEFBEE76E
:10E64000BEF7BFF7BEF7BEF7BEF7BEF7BEF7BEF721
:10E65000BEF7BEF7BEF7BEF7BEF7BEF7BEF7BEF712
:10E66000BEF7BEF7BEF7BEF7BEF7BEF7BEF7BEF702
:10E67000BEF7BEF7BEEFBFF77ED79FE75E565EC719
:10E680003F2E3F2E5FB73F2E9FDF5ECFBEF7BEEF20
:10E69000BEF7BEF7BEF7BEF7BEF7BEF7BEF7BEF7D2
:10E6A000BEF7BEF7BEF7BEF7BEF7BEF7BEF7BEF7C2
:10E6B000BEF7BEF7BEF7BFF7BEF7BEF7BEF7BEF7B1
:10E6C000BEF7BEF7BEF7DEF7BEF7BEF7BEF7BEF782
:10E6D000BEF7BEF7DFEFBFF7FF0EDE16FF0EFF0E31
:10E6E0001F0FFF0E1F071F07FD2E1F0FBFF7BEEFE7
:10E6F000BEF7BEF7BEF7BEF7BEF7BEF7BEF7BEF772
:10E70000BEF7BEF7BEF7BEF7BEF7BEF7BEF7BEF761
:10E71000BEF7BEF7BEF7BEF7BEF7BEF7BEF7BEF751
:10E72000BEF7BEF7BEEFBEF79ED7BEE7BF8F9FB75F
:10E730005F075F079F875F079EDF9EC7BEEFBEE74D
:10E74000BEF7BEF7BEF7BEF7BEF7BEF7BEF7BEF721
:10E75000BEF7BEF7BEF7BEF7BEF7BEF7BEF7BEF711
:10E76000BEF7BEF7BEF7BEF7BEF7BEF7BEF7BEF701
:10E77000BEF7BEF7BFF7BEF79EDFBEEF3F977FC77E
:10E780005F2E5F2E3F9F5F2E7FD75FC7BEEF9FE755
:10E79000BEF7BEF7BEF7BEF7BEF7BEF7BEF7BEF7D1
:10E7A000BEF7BEF7BEF7BEF7BEF7BEF7BEF7BEF7C1
:10E7B000BEF7BEF7BEF7BEF7BEF7BEF7BEF7BEF7B1
:10E7C000BEF7DEF7BEF7BEF7BEF7BEF7BEF7BEF781
:10E7D000BEF7BEF7FFCFBEF7FF0EFF0EFF0EFF0E18
:10E7E0001F0F1F0F1F0F1F07FFDF1F17BEF7BEF7FB
:10E7F000BEF7BEF7BEF7BEF7BEF7BEF7BEF7BEF771
:10E80000BEF7BEF7BEF7BEF7BEF7BEF7BEF7BEF760
:10E81000BEF7BEF7BFF7BEF7DEF7BEF7BEF7BEF72F
:10E82000BEF7BEF7BEEFBFF79FCFBFDF3E4F7EB74D
:10E830003F075F077FA73F079FE79ECFBEF7BEEF6B
:10E84000BEF7BEF7BEF7BEF7BEF7BEF7BEF7BFF71F
:10E85000BEF7BEF7BEF7BEF7BEF7BEF7BEF7BEF710
:10E86000BEF7BEF7BEF7BEF7BEF7BEF7BEF7BEF700
:10E87000BEF7BEF7BEF7BEF79EDFBEEF7FB77ECF17
:10E880005F2E5E2E7E565F2E7FCF5FBF9FEF9EE78F
:10E89000BEF7BEF7BEF7BEF7BEF7BEF7BEF7BEF7D0
:10E8A000BEF7BEF7BEF7BEF7BEF7BEF7BEF7BEF7C0
:10E8B000BEF7BEF7BEF7BEF7BEF7BEF7BEF7BEF7B0
:10E8C000BEF7DEF7BEF7BEF7BEF7BEF7BEF7BEF780
:10E8D000BEF7BEF75F67BEF7FF0EFF0EFF0EFF0E1F
:10E8E0001F071F073F0FFF0EBFF79F8FBEF7BEF733
:10E8F000BEF7BEF7BEF7BEF7BEF7BEF7BEF7BEF770
:10E90000BEF7BEF7BEF7BEF7BEF7BEF7BEF7BEF75F
:10E91000BEF7BEF7BEF7BEF7BEF7BEF7BEF7BEF74F
:10E92000BEF7BEF7BFE7BFEF9EC7BFDF3E0F9FAF8B
:10E930005F075F079FBF1E17BEE79ECFBEF7BEEF04
:10E94000BEF7BEF7BEF7BEF7BEF7BEF7BEF7BEF71F
:10E95000BEF7BEF7BEF7BEF7BEF7BEF7BEF7BEF70F
:10E96000BEF7BEF7BEF7BEF7BEF7BEF7BEF7BEF7FF
:10E97000BEF7BEF7DFF7BFF79FE79EEF7FBF7FD7FA
:10E980005F2E5E3E5F2E5F265FCF5FB7BFEF9EDFDD
:10E99000BFF7BEF7BEF7BEF7BEF7BEF7BEF7BEF7CE
:10E9A000BEF7BEF7BEF7BEF7BEF7BEF7BEF7BEF7BF
:10E9B000BEF7BEF7BEF7BEF7BEF7BEF7BEF7BEF7AF
:10E9C000BEF7BEF7BEF7BEF7BEF7BEF7BEF7BEF79F
:10E9D000BEF7BEF7DE1EDEF7FF0EFF0E1F07FF0EAF
:10E9E0001F071F07DD3E1F07BEF7DFF7BEF7BEF7A5
:10E9F000BEF7BEF7BEF7BEF7BEF7BEF7BEF7BEF76F
:10EA0000BEF7BEF7BEF7BEF7BEF7BEF7BEF7BEF75E
:10EA1000BEF7BEF7DEF7BEF7BEF7BEF7BEF7BEF72E
:10EA2000BEF7BEF7BFE7BEEF7FBF9FD73F0FBF8FD9
:10EA30005F075F079FBF7F5FBEEF9ED7BEF7BEF742
:10EA4000BEF7BEF7BEF7BEF7BEF7BEF7BEF7BEF71E
:10EA5000BEF7BEF7BEF7BEF7BEF7BEF7BEF7BEF70E
:10EA6000BEF7BEF7BEF7BEF7BEF7BEF7BEF7BEF7FE
:10EA7000BEF7BEF7BEF7BEF79EEFBEF75FC77FDFFC
:10EA80007F261F8F7F267F265FC75F979FE79FD7D1
:10EA9000BEF7BEEFBEF7BEF7BEF7BEF7BEF7BEF7D6
:10EAA000BEF7BEF7DEF7BEF7DEF7DEF7BEF7BEF75E
:10EAB000BEF7BEF7BEF7BEF7BEF7BEF7BEF7BEF7AE
:10EAC000BEF7BEF7BEF7BEF7BEF7BEF7BEF7BEF79E
:10EAD000BEF7BEF7FF0EDFE7FF0EFF0E1F071F0793
:10EAE0001F071F07DFEF1E17BEF7BEF7BEF7BEF703
:10EAF000BEF7BEF7BEF7BEF7BEF7BEF7DEF7BEF74E
:10EB0000BEF7BEF7BEF7BEF7BEF7BEF7BEF7BEF75D
:10EB1000BEF7BEF7BEF7BEF7BEF7BEF7BEF7BEF74D
:10EB2000BFEFBEF7BFDFBEE79FAF9FCF5F077E3F60
:10EB30005F075F079FC7BFA7BEEF9EDFBFF7BEF7A8
:10EB4000BEF7BEF7BEF7BEF7BEF7BEF7BEF7BEF71D
:10EB5000DEF7BEF7BEF7BEF7BEF7BEF7BEF7BEF7ED
:10EB6000BEF7BEF7BEF7BEF7BEF7BEF7BEF7BEF7FD
:10EB7000BEF7BEF7BFF7BEF79EEFBEF77ECF9EDFB4
:10EB80005E2E5FB75F267F265FB75D369EDF7FCF45
:10EB9000BEF7BEEFBEF7BEF7BEF7BEF7BEF7BEF7D5
:10EBA000BEF7BEF7BEF7BEF7BEF7BEF7BEF7BEF7BD
:10EBB000BEF7BEF7BEF7BEF7BEF7BEF7DEF7BEF78D
:10EBC000BEF7BEF7BEF7BEF7BEF7BEF7BEF7BEF79D
:10EBD000BFF7BEF7FF16DFAF1F071F071F07FF0EA8
:10EBE0003F171F0FDEF7FFBFBEF7BEF7BEF7BEF73A
:10EBF000BEF7BEF7BEF7BEF7BEF7BEF7BEF7BEF76D
:10EC0000BEF7BFF7BEF7BEF7BEF7BEF7BEF7BEF75B
:10EC1000BEF7BEF7BEF7BEF7BEF7BEF7BEF7BEF74C
:10EC2000BEEFBEF79FD7BFE79FA79EC75F075F0FE7
:10EC30003F175F07BECF7FBFBEEF9EE7BEF7BEF7B1
:10EC4000BEF7BEF7BEF7BEF7BEF7BEF7BEF7DEF7FC
:10EC5000BEF7DEF7BEF7BEF7BEF7BEF7BEF7BEF7EC
:10EC6000BEF7BEF7BEF7BEF7BEF7BEF7BEF7BEF7FC
:10EC7000BEF7BEF7BEF7BEF7BEEFBEF79ED79EE764
:10EC80009E4E7EBF5F267F265FA77F269FD75EC7EB
:10EC90009EEF9EE7BEF7BEF7BEF7BEF7BEF7BEF724
:10ECA000BEF7BEF7BEF7BEF7BEF7BEF7BEF7BEF7BC
:10ECB000BEF7BEF7BEF7BEF7BEF7BEF7BEF7BEF7AC
:10ECC000BEF7BEF7BEF7BEF7BEF7BEF7BFF7BEF79B
:10ECD000DEF7BEF7FF0EDD4E1F071F071F07FF06FB
:10ECE0003E7F1F0FDEF7DEF7BEF7BEF7BEF7BEF7BB
:10ECF000BEF7BEF7BEF7BEF7BEF7BEF7BEF7BEF76C
:10ED0000BEF7BEF7BEF7BEF7BEF7BEF7BEF7BEF75B
:10ED1000BEF7BEF7DEF7BEF7BEF7BEF7BEF7BEF72B
:10ED2000BEE7BEF7BFC7BFDF7F679FB75F075F075D
:10ED30009F7F3F0FBED79EC7BEEFBEE7BEF7BEF7B1
:10ED4000BEF7BEF7BEF7BEF7BEF7BEF7BEF7BEF71B
:10ED5000BEF7BEF7BEF7BEF7BEF7BEF7BEF7BEF70B
:10ED6000BEF7BEF7BEF7BEF7BEF7BEF7BEF7BEF7FB
:10ED7000BEF7BEF7BEF7BEF7BEF7BEF79EDF9EEF4B
:10ED80005FA77FCF7F267F269E4E7F2E7FCF5EB7E9
:10ED9000BEEF9EDFBEF7BEEFBEF7BEF7BEF7BEF713
:10EDA000BEF7BEF7BEF7BEF7BEF7BEF7BEF7BEF7BB
:10EDB000BEF7BEF7BEF7BEF7BEF7BEF7BEF7BEF7AB
:10EDC000BEF7BEF7BEF7BEF7BEF7BEF7BEF7BEF79B
:10EDD000BFF7BEF71F07FF161F071F071E071F07F6
:10EDE000DEEF1E37BEF7BEF7BEF7BEF7BEF7BEF7C3
:10EDF000BEF7BEF7BEF7BEF7BEF7BEF7BEF7BEF76B
:10EE0000BEF7BEF7BEF7BEF7BEF7BEF7BEF7BEF75A
:10EE1000BEF7BEF7BEF7BEF7BEF7BEF7BEF7BEF74A
:10EE2000BFE7BEEF9EBF9ED73F0F9FA75F075F075D
:10EE30009FB73F0F9EE79FCFBEF7BEEFBEF7BEF76F
:10EE4000BEF7BEF7BEF7BEF7BEF7BEF7BEF7BEF71A
:10EE5000BEF7BEF7BEF7BEF7BEF7BEF7BEF7BEF70A
:10EE6000BEF7BEF7BEF7BEF7BEF7BEF7BEF7BEF7FA
:10EE7000BEF7BEF7BEF7BEF7BEF7BEF79EE79EEF42
:10EE80007EC77FD77F267E3E7F2E7F265FCF7FA7E0
:10EE9000BEE79ED7BEF7BEEFBEF7BEF7BEF7BEF722
:10EEA000BEF7BEF7BEF7BEF7BEF7BEF7BEF7BEF7BA
:10EEB000BEF7BEF7BEF7BEF7BEF7BEF7BEF7BEF7AA
:10EEC000DEF7BEF7BEF7BEF7BEF7BEF7BEF7BEF77A
:10EED000FFDFBEF71F071F0F3F07FF0E3F171F0F74
:10EEE000BEF7FFE7BEF7BEF7BEF7BEF7BEF7BEF749
:10EEF000BEF7BEF7BFF7BFF7BEF7BEF7BEF7BEF768
:10EF0000BEF7BEF7BEF7BEF7BEF7BEF7BEF7BEF759
:10EF1000DEF7BEF7DEF7BEF7DEF7BEF7BEEFBEF7F1
:10EF2000BFDFBEE79FB7BECF3F07BF6F5F075F077B
:10EF30009EC77E57BEE79ED7BEF79EEFBEF7BEF7D1
:10EF4000BEF7BEF7BEF7BEF7BEF7BEF7BEF7BEF719
:10EF5000BEF7BEF7BEF7BEF7BEF7BEF7BEF7BEF709
:10EF6000BEF7BEF7BEF7BEF7BEF7BEF7BEF7BEF7F9
:10EF7000BEF7BEF7BEF7BEF7BEF7BEF7BEEFBFF7F0
:10EF80007FC79FDF7F267F9F9F269F265FB77E4696
:10EF90009EDF7FCFBEF7BEEFBEF7BEF7BEF7BEF770
:10EFA000BEF7BEF7BEF7BEF7BEF7BEF7BEF7BEF7B9
:10EFB000BEF7BEF7BEF7BEF7BEF7BEF7BEF7BEF7A9
:10EFC000BEF7BEF7BEF7BEF7BFF7BEF7BEF7BFF797
:10EFD0007E7FBEF71F073F071F0F1F0FFFC71F0FC3
:10EFE000BFF7BEF7BEF7BEF7BEF7BEF7BEF7BEF778
:10EFF000BEF7BEF7BEF7BEF7BEF7BEF7BEF7BEF769
:10F00000BEF7BEF7BEF7BEF7BEF7BEF7BEF7BEF758
:10F01000BEF7BEF7BEF7BEF7BEF7BEF7BEEFDFF72F
:10F02000BFD7BEE7BE9F9FC75F073E0F3F0F5F077B
:10F03000BFCFBFAFBEEFBFDFBEF7BEF7BEF7BEF7B5
:10F04000BEF7BEF7BEF7BEF7BEF7BEF7BEF7BEF718
:10F05000BEF7BEF7BFF7BEF7BEF7BEF7BEF7BEF707
:10F06000BEF7BEF7BEF7BEF7BEF7BEF7BEF7BEF7F8
:10F07000BEF7BEF7BEF7BEF7BEF7BEF7BEEFBEF7F0
:10F080007ED79FE75E2E5EC77F267F267F9F9F26C7
:10F090009FD77FC79EEF9EE7BEF7BEEFBEF7BEF7D6
:10F0A000BEF7BEF7BEF7BEF7BEF7BEF7BEF7BEF7B8
:10F0B000BEF7BEF7BEF7BEF7BEF7BEF7BEF7BEF7A8
:10F0C000BEF7BEF7BEF7DEF7BEF7BEF7BEF7BEF778
:10F0D000FE26DEF73F071F0F3F073F07DFF79E873C
:10F0E000BEF7BFF7BEF7BEF7BEF7BEF7BEF7BEF777
:10F0F000BEF7BEF7BEF7BEF7BEF7BEF7BEF7BEF768
:10F10000BEF7BEF7BEF7BEF7BEF7BEF7BEF7BEF757
:10F11000BEF7BEF7DEF7BEF7BFF7BEF7BEE7BFEF3D
:10F120009FC79EDF7E579EAF3F075F079F5F5F07CA
:10F130009ED77EC7BEEFBFE7BEF7BEF7BEF7BEF7EE
:10F14000BEF7BEF7BEF7BEF7BEF7BEF7BEF7BEF717
:10F15000BEF7BEF7BEF7BEF7DEF7BEF7BEF7BEF7E7
:10F16000BEF7BEF7BEF7BEF7BEF7BEF7BEF7BEF7F7
:10F17000BEF7BEF7BEF7BEF7BEF7BEF7BEF7BEF7E7
:10F180009EDFBFEF5FA77FCF9F1E9F267E2E7F1E35
:10F190007EC75FB79EE79FD7BEF7BEEFBEF7BEF74D
:10F1A000BEF7BEF7BEF7BEF7BEF7BEF7BEF7BEF7B7
:10F1B000BEF7BEF7BEF7BEF7BEF7BEF7BEF7BEF7A7
:10F1C000BEF7BEF7BEF7BEF7BEF7BEF7BEF7BEF797
:10F1D0001F0FBFEF3F071F071D375F07BEF79FF7E2
:10F1E000BEF7BEF7BEF7BEF7BEF7BEF7BEF7BEF777
:10F1F000BEF7BEF7BEF7BEF7BEF7BEF7BEF7BEF767
:10F20000BEF7BEF7BEF7BEF7BEF7BEF7BEF7BEF756
:10F21000BEF7BEF7BEF7BFF7BEEFBEF7BFDFBEE774
:10F220009FBF9ECF5F0F9F9F5F075F079FB75F0FD7
:10F23000BEDF9ECFBEF7BEEFBEF7BEF7BEF7BEF78E
:10F24000BEF7BEF7BEF7BEF7BEF7BEF7BEF7BEF716
:10F25000BEF7BEF7BEF7BEF7BEF7BEF7BEF7BEF706
:10F26000BEF7BEF7BEF7BEF7BEF7BEF7BEF7BEF7F6
:10F27000BEF7BEF7BEF7BEF7BEF7BEF7BEF7BEF7E6
:10F280009EE7BEEF7EB79FD79F1E7D469F1E9F1EA7
:10F290005FB71E6F9FDF9ECFBEEF9FE7BEF7BEF743
:10F2A000BEF7BEF7BEF7BEF7BEF7BEF7BEF7BEF7B6
:10F2B000BEF7BEF7BEF7BEF7BEF7BEF7BEF7BEF7A6
:10F2C000BEF7DEF7BEF7BEF7BEF7BEF7BEF7BEF776
:10F2D0003F07FFAF3F073F07DFEF3E17BEF7BEF721
:10F2E000BEF7BEF7BEF7BEF7BEF7BEF7BEF7BEF776
:10F2F000BEF7BEF7BEF7BEF7BEF7BEF7BEF7BEF766
:10F30000BEF7BEF7BEF7BEF7BEF7BEF7BEF7BEF755
:10F31000BEF7BEF7BEF7BEF7BEEFBEEFBED7BEE785
:10F320007FAF9FC77F073D1F7F075F07BFC7DF7F97
:10F33000BEEF9ED7BEF7BEEFBEF7BEF7BEF7DEF755
:10F34000BEF7BEF7BEF7BEF7BEF7BEF7BEF7BEF715
:10F35000BEF7BEF7BEF7BEF7BEF7BEF7BEF7BEF705
:10F36000BEF7BEF7BEF7BEF7BEF7BEF7BEF7BEF7F5
:10F37000BEF7BEF7BEF7BEF7BEF7BEF7BEF7BEF7E5
:10F38000BEEFBEEF7ECF9FE79F267FAFBF1E9F1EC3
:10F390007F9F7F267FCF5EBF9EEF9FDFDFF7BEEFB1
:10F3A000BEF7BEF7BEF7BEF7BEF7BEF7BEF7BEF7B5
:10F3B000BEF7BEF7BEF7BEF7BEF7BEF7BEF7BEF7A5
:10F3C000BEF7BEF7BEF7BEF7BFF7BEF7BEF7BEF794
:10F3D0005F07FC3E3F0F3F07BFF7DFD7BEF7BEF723
:10F3E000BEF7BEF7BEF7BEF7BEF7BEF7BEF7BEF775
:10F3F000BEF7BEF7BEF7BEF7BEF7BEF7BEF7BEF765
:10F40000BEF7BEF7BEF7BEF7BEF7BEF7BEF7BEF754
:10F41000BEF7BEF7BEF7BEF7BFE7BEEF9FC79FD7E9
:10F420007F779FB75F075F075E177F07BECF9FBFDE
:10F43000BEEFBFE7BEF7BEF7BEF7BEF7BEF7DEF71B
:10F44000BEF7BEF7BEF7BEF7BEF7BEF7BEF7BEF714
:10F45000BEF7BEF7BEF7BEF7BEF7BEF7BEF7BEF704
:10F46000BEF7BEF7BEF7BEF7BEF7BEF7BEF7BEF7F4
:10F47000BEF7BEF7BEF7BEF7BEF7BEF7BEF7BEF7E4
:10F48000BEEFBEF77ED7BEE75F877EBFBF1E9F1E63
:10F490009E26BF1E7FC75FAF9EE79FD7BEEFBEEF22
:10F4A000BEF7BEF7BEF7BEF7BEF7BEF7BEF7BEF7B4
:10F4B000BEF7BEF7BEF7BEF7BEF7BEF7BEF7BEF7A4
:10F4C000BEF7BEF7BEF7BEF7BEF7BEF7BEEFBEF79C
:10F4D0003F073E0FDF973F07BEF7BFF7BEF7BEF708
:10F4E000BEF7BEF7BEF7BEF7BEF7BEF7BEF7BEF774
:10F4F000BEF7BEF7BEF7BEF7BEF7BEF7BEF7BEF764
:10F50000BEF7BEF7BEF7BEF7BEF7BEF7BEF7BEF753
:10F51000BFF7BEF7BEEFBEEF9FDFBEE79EB79ECF41
:10F520005F0FBF977F075F07DFA75F07BEDF9FCF34
:10F53000BFEFBFE7BEF7BEF7BEF7BEF7BEF7BEF739
:10F54000BEF7BEF7BEF7BEF7BEF7BEF7BEF7BEF713
:10F55000BEF7BEF7BEF7BEF7BEF7BEF7BEF7BEF703
:10F56000BEF7BEF7BEF7BEF7BEF7BEF7BEF7BEF7F3
:10F57000BEF7BEF7BEF7BEF7BEF7BEF7BEF7BEF7E3
:10F58000BFF7BEF79FE7BEEF9EBF7ED7BF169E3682
:10F590009F169F167FB7BE3E9FD77FC7BFEF9FE7DF
:10F5A000BEF7BEEFBEF7BEF7BEF7BEF7BEF7BEF7BB
:10F5B000BEF7BEF7BEF7BEF7BEF7BEF7BEF7BEF7A3
:10F5C000BEF7BEF7BEF7BEF7BEF7BEF7FFCFBEF77A
:10F5D0005F073F07BEF7FC36BEF7BEF7BEF7BEF7C4
:10F5E000DEF7BEF7BEF7BEF7BEF7BEF7BEF7BEF753
:10F5F000BEF7BEF7BEF7BEF7BEF7BEF7BEF7BEF763
:10F60000BEF7BEF7BEF7BEF7BEF7BEF7BEF7BEF752
:10F61000DEEFBEF7BEE7BEEF9FCFBEDF9FA79FBF67
:10F620007F073E0F5F075F079FBF9F67BEE7BFD79C
:10F63000BEF7BEEFBEF7BEF7BEF7BEF7BEF7BEF72A
:10F64000BEF7BEF7BEF7BEF7BEF7BEF7BEF7BEF712
:10F65000BEF7BEF7BEF7BEF7BEF7BEF7BEF7BEF702
:10F66000BEF7BEF7BEF7BEF7BEF7BEF7BEF7BEF7F2
:10F67000BEF7BEF7BEF7BEF7BEF7BEF7BEF7BEF7E2
:10F68000BEF7BEF7BEE7BEEF5ECF9FDFBF1E9FAFE8
:10F69000BF16BF1E1F5F9F167FC77FB79FE79FD70D
:10F6A000BEEFBEEFBEF7BFF7BEF7BEF7BEF7BEF7C1
:10F6B000BEF7BEF7BEF7BEF7BEF7BEF7BEF7BEF7A2
:10F6C000BEF7BEF7BEF7BEF7BEFFBEF77F6FBFF750
:10F6D0001E173F07BEF7DFEFBEF7BEF7BEF7BEF758
:10F6E000BEF7BEF7BEF7BEF7BEF7BEF7BEF7BEF772
:10F6F000BEF7BEF7BEF7BEF7BEF7BEF7BEF7BEF762
:10F70000BEF7DEF7BEF7BEF7BEF7BEF7BEF7BEF731
:10F71000BEEFBEF79EDFBEE79FBFBECF1D279EAFE9
:10F720007F077F075E277F079ECF9EB7BEEFBFDFB5
:10F73000BEF7BFF7BEF7BEF7BEF7BEF7BEF7BEF720
:10F74000BEF7BEF7BEF7BEF7BEF7BEF7BEF7BEF711
:10F75000BEF7BEF7BEF7BEF7BEF7BEF7BEF7BEF701
:10F76000BEF7BEF7BEF7BEF7BEF7BEF7BEF7BEF7F1
:10F77000BEF7BEF7BEF7BEF7BEF7BEF7BEF7BEF7E1
:10F78000BEF7BEF7BEEFBEF7BFD7BEE77F9F7EC70F
:10F79000BF16BF16DF16BE167FB75F779FD77FC72E
:10F7A000BFE79FE7BEF7BEEFBFF7BFF7BEF7BEF7F5
:10F7B000BEF7BEF7BEF7BEF7BEF7BEF7BEF7BEF7A1
:10F7C000BEF7BEF7BEF7BEF7BEF7BEF71D1FBEF70A
:10F7D000FFDF3F07BEF7BEF7BEF7BEF7BEF7BEF7C7
:10F7E000BEF7BEF7BEF7BEF7BEF7BEF7BEF7BEF771
:10F7F000BEF7BEF7BEF7BEF7BEF7BEF7BEF7BEF761
:10F80000BEF7DEF7BEF7BEF7BEF7BEF7DEEFBEF718
:10F81000BFE7BEEFBECFBFDF7FAF9FBF5F077F3FBA
:10F820005F077F079FAF5E0F9EDF9FC7BEEF9EE71C
:10F83000BEF7BEF7BEF7BEF7BEF7BEF7BEF7BEF720
:10F84000BEF7BEF7BEF7BEF7BEF7BEF7BEF7BEF710
:10F85000BEF7BEF7BEF7BEF7BEF7BEF7BEF7BEF700
:10F86000BEF7BEF7BEF7BEF7BEF7BEF7BEF7BEF7F0
:10F87000BEF7BEF7BEF7BEF7BEF7BEF7BEF7BEF7E0
:10F88000BEF7DEF7BEF7BEF79EE7BEEF7EBF7ED7C0
:10F89000DF163F77DF16BF1E3F7FDF167EC75FB7DD
:10F8A0009EDF9ED7BEEF9EE7BFF7BEF7BEF7BEF75F
:10F8B000BEF7BEF7BEF7BEF7BEF7BEF7BEF7BEF7A0
:10F8C000BEF7BEF7BEF7BEF7BEF7BEF73F0FDFEFDE
:10F8D000DEF7DFA7BEF7BEF7BEF7BFF7BEF7BEF78E
:10F8E000BEF7BEF7BEF7BEF7BEF7BEF7BEF7BEF770
:10F8F000BEF7BEF7BEF7BEF7BEF7BEF7BEF7BEF760
:10F90000BEF7BEF7BEF7BEF7BFF7BEF7BEEFBFF755
:10F91000BEDFBEE79EBFBECFBF579FA75F075F0793
:10F920009E077F077ECFDF97BEE79ED7BEF7BEEF6D
:10F93000BEF7BEF7BEF7BEF7BEF7BEF7BEF7BEF71F
:10F94000BEF7BEF7BEF7BEF7BEF7BEF7BEF7BEF70F
:10F95000BEF7BEF7BEF7BEF7BEF7BEF7BEF7BEF7FF
:10F96000BEF7BEF7BEF7BEF7BEF7BEF7BEF7BEF7EF
:10F97000BEF7BEF7BEF7BEF7BEF7BEF7BEF7BEF7DF
:10F98000BEF7DFF7BEF7BEF79EEFBEF77FCF9FE76C
:10F99000DE469EBFDF16DF1EDF16DF167FB75F670E
:10F9A0009FCF7FC79EE79EDFBEF7BEEFBEF7BEF7D5
:10F9B000BEF7BEF7BEF7BEF7BEF7BEF7BEF7BEF79F
:10F9C000BEF7BEF7BEF7BEF7BEFFBEF75D57DFBF9F
:10F9D000DEF7DEF7BEF7BEF7BEF7BEF7BEF7BEF73F
:10F9E000BEF7BEF7BEF7BEF7BEF7BEF7BEF7BEF76F
:10F9F000BEF7BEF7BEF7BEF7BEF7BEF7BEF7BEF75F
:10FA0000BEF7BEF7BEF7BEF7BEEFBEF7BFE7BEEF6D
:10FA1000BFD7BFDF9FAF9FBF5F079F575F075F07DE
:10FA2000FF877F079ED79FC7BEEF9EE7BEF7BEF753
:10FA3000BEF7BEF7BEF7BEF7BEF7BEF7BEF7BEF71E
:10FA4000BEF7BEF7BEF7BEF7BEF7BEF7BEF7BEF70E
:10FA5000BEF7BEF7BEF7BEF7BEF7BEF7DEF7DEF7BE
:10FA6000BEF7BEF7BEF7BEF7BEF7BEF7BEF7BEF7EE
:10FA7000BEF7BEF7BEF7BEF7BEF7BEF7BEF7BEF7DE
:10FA8000BEFFBEF7BEF7BEF7BEEFBEF79EDF9EEF2E
:10FA90007FBF7FCFDF169D3EDF16DF16DE46DF0E0F
:10FAA0007FBF7FAF9EDF9ECFBEEFBEE7BFF7BEEF4B
:10FAB000BEF7BEF7BEF7BEF7BEF7BEF7BEF7BEF79E
:10FAC000BEF7BEF7BEF7BEF7BEF7BEF7DFF7BB5E09
:10FAD000BFFFBEFFBEF7BEF7BEF7BEF7BEF7BEF76D
:10FAE000BEF7BEF7BEF7BEF7BEF7BEF7BEF7BEF76E
:10FAF000BEF7BEF7BEF7BEF7BEF7BEF7BEF7BEF75E
:10FB0000BEF7BEF7BEF7BEF7BEE79EEFBFDFBFE7AB
:10FB10009FBF9ECF7F3F9FA77F077F077F077F07FE
:10FB20009EBFBF6F9EE79ED7BEF7BEE7BEF7BEF78C
:10FB3000BEF7BEF7BEF7BEF7BEF7BEF7BEF7BEF71D
:10FB4000BEF7DEF7BEF7BEF7BEF7BEF7BEF7BEF7ED
:10FB5000BEF7BEF7BEF7BEF7BEF7BEF7BEF7BEF7FD
:10FB6000BEF7BEF7BEF7BEF7BEF7BEF7BEF7BEF7ED
:10FB7000BEF7BEF7BEF7BEF7BEF7BEF7BEF7BEF7DD
:10FB8000BEF7BEF7BEF7BEF7BEF7BEF79EE7BEEF05
:10FB90009FCF9FDFFD369FBFDF0EDF16DF0EDF1624
:10FBA0007FAFFE269EC77FBF9FE79ED7BEEFBEE713
:10FBB000BEF7BEF7BEF7BEF7BEF7BEF7BEF7BEF79D
:10FBC000BEF7BEF7BEF7BFF7BEF7BEF7BEF7DFEF73
:10FBD000BEF7BEF7BEF7BEF7BEF7BEF7BEF7BEF77D
:10FBE000BEF7BEF7BEF7BEF7BEF7BEF7BEF7BEF76D
:10FBF000BEF7BEF7BEF7BEF7BEF7BEF7BEF7BEF75D
:10FC0000BEF7BEF7BEEFBEEF9EDF9EE79EC7BECF3C
:10FC10009FA77FB77F077E2F7F077F079F5F7F07A5
:10FC20009ECF9EBFBEE7BEDFBEF7BEEFBEF7BEF7FC
:10FC3000BEF7BEF7BEF7BEF7BEF7BEF7BEF7BEF71C
:10FC4000BEF7BEF7BEF7BEF7BEF7BEF7BEF7BEF70C
:10FC5000BEF7BEF7BEF7BEF7BEF7BEF7BEF7BEF7FC
:10FC6000BEF7BEF7BEF7BEF7BEF7BEF7BEF7BEF7EC
:10FC7000BEF7BEF7BEF7BEF7BEF7BEF7BEF7BEF7DC
:10FC8000BEF7BEF7BEF7BEF7BEF7BEF7BEEFBEF7D4
:10FC9000BEDF9EE77FBF9FCFFF0EDD36FF0EFF1654
:10FCA000DE16FF0E5FB75F8F9FD79EC7BFE79FDF50
:10FCB000BFEFBFE7BFF7BEF7BEF7BFF7BEF7BEF7B0
:10FCC000BEF7BEF7BEF7BEF7BFFFBEF7BEF7DEF763
:10FCD000BEF7BEF7BEF7BEF7BEF7BEF7BEF7BEF77C
:10FCE000BEF7BEF7BEF7BEF7BEF7BEF7BEF7BEF76C
:10FCF000BEF7BEF7BEF7BEF7BEF7BEF7BEF7BEF75C
:10FD0000BFEFBEEF9FE7BFE79FCFBFD77FB79FC7CC
:10FD10005E179F979F077F0F7F077F079FC79F5F94
:10FD2000BEDFBECFBEEFBEEFBEF7DEF7BEF7BEF75B
:10FD3000BEF7BEF7BEF7BEF7BEF7BEF7BEF7BEF71B
:10FD4000BEF7BEF7BEF7BEF7BEF7BEF7BEF7BEF70B
:10FD5000BEF7BEF7BEF7BEF7BEF7BEF7BEF7BEF7FB
:10FD6000BEF7BEF7BEF7BEF7BEF7BEF7BEF7BEF7EB
:10FD7000BEF7BEF7BEF7BEF7BEF7BEF7BEF7BEF7DB
:10FD8000BEF7BEF7BEF7BEF7BEF7BEF7BEF7BEF7CB
:10FD90009EEFBFF79FCF9FDFFE4E9FBF1F0FFF1647
:10FDA000FF0EFF0E1E57FF0E7FC77FAF9EDF9EC761
:10FDB000BEE7BEDFBEEFBEEFBEF7BEF7BEF7BEF7D3
:10FDC000BEF7BEF7BEF7BEF7BEF7BEF7BEF7BEF78B
:10FDD000BEF7BEF7BEF7BEF7BEF7BEF7BEF7BEF77B
:10FDE000BEF7BEF7BEF7BEF7BEF7BEF7BEF7BEF76B
:10FDF000BEF7BEF7BEF7BEF7BFF7BEF7BEEFBFF761
:10FE0000BEE7BEEF9ED79EDF9FBF9FCF9F677FAFAE
:10FE10007F075F0F7F077F07DF6F7F079ED79FBF3B
:10FE2000BEEF9EDFBEF7BEEFBEF7BEF7BFF7BEF771
:10FE3000BEF7BEF7BEF7BEF7BEF7BEF7BEF7BEF71A
:10FE4000BEF7BEF7BEF7BEF7BEF7BEF7BEF7BEF70A
:10FE5000BEF7BEF7BEF7BEF7BEF7BEF7BEF7BEF7FA
:10FE6000BEF7BEF7BEF7BEF7BEF7BEF7BEF7BEF7EA
:10FE7000BEF7BEF7BEF7BEF7BEF7BEF7BEF7BEF7DA
:10FE8000BEF7BEF7BEF7BEF7BEF7BEF7BEF7BEF7CA
:10FE9000BEEFBFF79EDFBFE79EBF9FD7FF165F672E
:10FEA000FF0EFF0EFF0EFF0E7F97DE1E7FC79EB771
:10FEB0009FD79FCFBEE79FDF9EEFBEEFBEF7BEEF9F
:10FEC000BEF7BEF7BEF7BEF7BEF7BEF7BEF7BEF78A
:10FED000BEF7BEF7BEF7BEF7BEF7BEF7BEF7BEF77A
:10FEE000BEF7BEF7BEF7BEF7BEF7BEF7BEF7BEF76A
:10FEF000BEF7BEF7BEF7BEF7BEEFBEF7BEE7BFE781
:10FF0000BED7BEDF9EC79ECF9FA79FAF5F075E375E
:10FF10007F077F077F079F079EBFFF8FBEDFBECF94
:10FF2000BEEFBEEFBEF7BEF7BEF7BEF7BEF7BEF739
:10FF3000BEF7BEF7BEF7DEF7BEF7BEF7BEF7BEF7F9
:10FF4000BEF7BEF7BEF7BEF7BEF7BEF7BEF7BEF709
:10FF5000BEF7BEF7BEF7BEF7BEF7BEF7BEF7BEF7F9
:10FF6000BEF7BEF7BEF7BEF7BEF7BEF7BEF7BEF7E9
:10FF7000BEF7BEF7BEF7BEF7BEF7BEF7BEF7BEF7D9
:10FF8000BEF7BEF7BEF7BEF7BEF7BEF7BEF7BEF7C9
:10FF9000BFF7BEF79EEFBEEF9ECF9EDFBF8FBFBF06
:10FFA0001F0FFF161F0F1F0F1F071F077FA7DD362D
:10FFB0007EC77FBF9FD79FCF9EE7BEDFBEEFBEE766
:10FFC000BEEFBEEFBEF7BEF7BEF7BEF7BEF7BEF799
:10FFD000BEF7BEF7BEF7BEF7BEF7BEF7BEF7BEF779
:10FFE000BEF7BEF7BEF7BEF7BEF7BEF7BEF7DFF748
:10FFF000BEEFBEF7BEEFBEEFBFE7BEE79ED79EDF08
:020000040001F9
:100000009FC79FCF9EA79FB75F0FBF777F077F07D1
:100010007F077F07BF9F7E179ED7BFC7BEEF9FDFBB
:10002000BEF7BFEFBEF7BEF7BEF7BEF7DEF7BEF70F
:10003000BEF7BEF7BEF7BEF7BEF7BEF7BEF7BEF718
:10004000BEF7BEF7BEF7BEF7BEF7BEF7BEF7BEF708
:10005000BEF7BEF7BEF7BEF7BEF7BEF7BEF7BEF7F8
:10006000BEF7BEF7BEF7BEF7BEF7BEF7BEF7BEF7E8
:10007000BEF7BEF7BEF7BEF7BEF7BEF7BEF7BEF7D8
:10008000BEF7BEF7BEF7BEF7BEF7BEF7BEF7BEF7C8
:10009000BEF7BEF7BEEFBEF79EDF9EEF9EC79FD7AF
:1000A000FE269FA71F0F3F0F1F071F071F0F1F0FC2
:1000B0009FA71E4F9EC77FBF9ED79FCFBFE7BEDFC4
:1000C000BEE7BEE7BEEFBEEFBFF7BEEFBEEFBEF7C7
:1000D000BEF7BEF7BEF7BEF7BEF7BEF7BEF7BEF778
:1000E000BFF7BEF7BFF7BFF7BEEFBEF7BEEFBEEF7D
:1000F000BEE7BEEF9FDFBEE79FD79EDF9EC7BECFA6
:100100009FA79FBF7F1FBF777F077F077F077F075F
:100110005E3F7F079EC79FAFBEE7BED7BFEFBEEF74
:10012000BEF7BFF7BEF7BEF7BEF7BEF7BEF7BEF726
:10013000BEF7BEF7BEF7BEF7BEF7BEF7BEF7BEF717
:10014000BEF7BEF7BEF7BEF7BEF7BEF7BEF7BEF707
:10015000BEF7BEF7BEF7BEF7BEF7BEF7BEF7BEF7F7
:10016000BEF7BEF7BEF7BEF7BEF7BEF7BEF7BEF7E7
:10017000BEF7BEF7BEF7BEF7BEF7BEF7BEF7BEF7D7
:10018000BEF7BEF7BEF7BEF7BEF7BEF7BEF7BEF7C7
:10019000BEF7BEF7BEF7BEF7BEEFBEEF9FDFBEE70E
:1001A0007EB77FCFFF0E5F5F1F0F1F0F3F071F0739
:1001B0001F0F3F079F9F1F4F9EBF7EB79FCF9FC7B9
:1001C0009EDF9FD79EDF9EDFBEE7BFE7BEEFBEEF9D
:1001D000BEEFBEEFBEEFBEEFBEEFBEEFBEEFBEEFB7
:1001E000BEEFBEEFBEEFBEEFBEE7BEE79FE7BEE7E6
:1001F0009EDF9FDF9FCF9FD79FBF9FCF9FA77EB7D9
:100200005E17BF777F077F077F077F075E077F0740
:10021000BEB7FF7FBED7BECFBEEF9EE7BEF7DEEF15
:10022000BEF7BEF7BEF7BEF7BEF7BEF7BFF7BEF725
:10023000BEF7BEF7BEF7BEF7BEF7BEF7BEF7BEF716
:10024000BEF7BEF7BEF7BEF7BEF7BEF7BEF7BEF706
:10025000BEF7BEF7BEF7BEF7BEF7BEF7BEF7BEF7F6
:10026000BEF7BEF7BEF7BEF7BEF7BEF7BEF7BEF7E6
:10027000BEF7BEF7BEF7BEF7BEF7BEF7BEF7BEF7D6
:10028000BEF7BEF7BEF7BEF7BEF7BEF7BEF7BEF7C6
:10029000BEF7BEF7BEF7BEF7BEEFBEF79EE7BEEFF6
:1002A0009ECF9EDFBFAF9FC71F0FFE1E3F071F0FD2
:1002B0003F073F071F0F3F079F7F1E279FB79FAF37
:1002C0007FC77FBF9FD79FCFBFDFBFD79EDFBFDF77
:1002D0009EE79EDF9FE7BFE79EE79EE79EE79EE7DC
:1002E000BFE79FE79FDF9FE79ED7BEDF9FD7BED7C1
:1002F0009FC7BFCF9FB79FC7BF9F9FAF7F0F7F4F46
:100300007F077F077F077F077F077F07BFAF5D2FCF
:100310009ED79FC7BEE79EDFBEF7BEEFBFF7BEF713
:10032000BEF7BEF7BEF7BFF7BEF7BEF7BEF7BEF724
:10033000BEF7BEF7BEF7BEF7BEF7BEF7BEF7BEF715
:10034000BEF7BEF7BEF7BEF7BEF7BEF7BEF7BEF705
:10035000BEF7BEF7BEF7BEF7BEF7BEF7BEF7BEF7F5
:10036000BEF7BEF7BEF7BEF7BEF7BEF7BEF7BEF7E5
:10037000BEF7BEF7BEF7BEF7BEF7BEF7BEF7BEF7D5
:10038000BEF7BEF7BEF7BEF7BEF7BEF7BEF7BEF7C5
:10039000BEF7BEF7BEF7BEF7BEF7BEF79EEFBEF7DD
:1003A0009EE7BEEF7FCF9ED79F7F9EBF3F073E0F4A
:1003B0003F075F073F0F5F075F075F071E273F0F7E
:1003C0009FA7BF779FBF7FB79FC79FBF9FCF9FC785
:1003D0009ED79FCF9ED79ED7BED7BED79ED79ED73C
:1003E0009FD79ED79ECF9FD79EC79ECF9FB77FC7D1
:1003F0009FAF9FB77F5FDF975F075E1F7F077F0716
:100400007F077F077F077F07DF875E17BEC79EBF17
:10041000BEDFBED7BEEFBEE7BEF7BEF7BEF7BEF784
:10042000BEF7BEF7BEF7BEF7BEF7BEF7BEF7BEF724
:10043000BEF7BEF7BEF7BEF7BEF7BEF7BEF7BEF714
:10044000BEF7BEF7BEF7BEF7BEF7BEF7BEF7BEF704
:10045000BEF7BEF7BEF7BEF7BEF7BEF7BEF7BEF7F4
:10046000BEF7BEF7BEF7BEF7BEF7BEF7BEF7BEF7E4
:10047000BEF7BEF7BEF7BEF7BEF7BEF7BEF7BEF7D4
:10048000BEF7BEF7BEF7BEF7BEF7BEF7BEF7BEF7C4
:10049000BEF7BEF7BEF7BEF7BEF7BEF7BEF7BEF7B4
:1004A000BEEFBEF7BEDFBEE77EC79ED77F677FBFCA
:1004B0003F071F175F075F075F073F075F073F079C
:1004C0005F073F073E373F0FBF977F6F9FAFBFA7C5
:1004D0009FB79FB79FB79FB79FBF9FBF9FBF9FBF4C
:1004E0009FBF9FBF9FB79FB79FA79FAF9F6F9F97CC
:1004F0003F175E377F077F077F075F077F077F070D
:100500007F079F07BF7F5E0F9ECF9FBFBEDF9FD736
:10051000BEEFBEE7BEF7BEF7BEF7BEF7BEF7BEF74B
:10052000BEF7BEF7BEF7BEF7BEF7BEF7BEF7BEF723
:10053000BEF7BEF7BEF7BEF7BEF7BEF7BEF7BEF713
:10054000BEF7BEF7BEF7BEF7BEF7BEF7BFF7BEF702
:10055000BEF7BEF7BEF7BEF7BEF7BEF7BEF7BEF7F3
:10056000BEF7BEF7BEF7BEF7BEF7BEF7BEF7BEF7E3
:10057000DFFFDFFFBEF7DFFFBEF7BEF7BEF7BEF758
:10058000BEF7BEF7BEF7BEF7BEF7BEF7BEF7BEF7C3
:10059000BEF7BEF7BEF7BEF7BEF7BEF7BEF7BEF7B3
:1005A000BEF7BEF7BFEFBEEF9EDF9FE77FC79ECFD0
:1005B0009F77BFB73F073F175F075F075F073F079B
:1005C0005F075F075F075F075F073F073E075F073C
:1005D0003E1F3E175F473F375F4F5F477F475F4F85
:1005E0003E375F3F5E173E275F075F0F7F075F075E
:1005F0007F077F077F077F077F077F077F079F07AB
:10060000BF773E179FC79EB7BED79ECFBEEFBFDF57
:10061000BEF7BEEFBEF7BEF7BEF7BEF7BEF7BEF73A
:10062000BEF7BEF7BEF7BEF7BEF7BEF7BEF7BEF722
:10063000BEF7BEF7BEF7BEF7BEF7BEF7BEF7BEF712
:10064000BEF7BEF7BEF7BEF7BEF7BEF7BEF7BEF702
:10065000BEF7BEF7BEF7BEF7BEF7BEF7BEF7BEF7F2
:10066000BEF7BEF7BEF7BEF7BEF7BEF7BEF7BEF7E2
:10067000DFFFDFFFBEF7DFFFBEF7BEF7BEF7BEF757
:10068000BEF7BEF7BEF7BEF7BEF7BEF7BEF7BEF7C2
:10069000BEF7BEF7BEF7BEF7BEF7BEF7BEF7BEF7B2
:1006A000BEF7BEF7BEF7BEF7BEE7BEEFBFDFBEDFE9
:1006B0009FC79ECFDF9FBFBF5F0F5E373F075F07BC
:1006C0005F075F075F075F075F075F073F075F071A
:1006D0005F075F075F077F077F077F077F077F074A
:1006E0007F077F077F077F075F075F077F075F073A
:1006F0007F077F077F077F077F0F7F07BF9F5E3FD3
:100700009FC79EB7BED79ECFBEE7BFE7BEF7BEEF7F
:10071000BEF7BEF7BEF7BEF7BEF7BEF7BEF7BEF731
:10072000BEF7BEF7BEF7BEF7BEF7BEF7BEF7BEF721
:10073000BEF7BEF7BEF7BEF7BEF7BEF7BEF7BEF711
:10074000BEF7BEF7BEF7BEF7BEF7BEF7BEF7BEF701
:10075000BEF7BEF7BEF7BEF7BEF7BEF7BEF7BEF7F1
:10076000BEF7BEF7BEF7BEF7BEF7BEF7BEF7BEF7E1
:10077000BEF7BEF7BEF7BEF7BEF7BEF7BEF7BEF7D1
:10078000BEF7BEF7BEF7BEF7BEF7BEF7BEF7BEF7C1
:10079000BEF7BEF7BEF7BEF7BEF7BEF7BEF7BEF7B1
:1007A000BEF7BEF7BEF7BEF7BEEFBEF7BEE7BEEFC1
:1007B0009EDFBEE79EC79FD79FB79EC73E379F87E6
:1007C0005F0F3E0F5F075F075F075F075F075F070A
:1007D0007F077F075F075F075F075F077F077F0769
:1007E0005F077F075F075F077F077F077F077F0739
:1007F0007F079F075E375F0FBFB7BF879ECF9EBF44
:100800009EDF9ED7BEE79EE7BEF7BEEFBEF7BEF700
:10081000BEF7BEF7BEF7BEF7BEF7BEF7BEF7BEF730
:10082000BEF7BEF7BEF7BEF7BEF7BEF7BEF7BEF720
:10083000BEF7BEF7BEF7BEF7BEF7BEF7BEF7BEF710
:10084000BEF7BEF7BEF7BEF7BEF7BEF7BEF7BEF700
:10085000BEF7BEF7BEF7BEF7BEF7BEF7BEF7BEF7F0
:10086000BEF7BEF7BEF7BEF7BEF7BEF7BEF7BEF7E0
:10087000BEF7BEF7BEF7BEF7BEF7BEF7BEF7BEF7D0
:10088000BEF7BEF7BEF7BEF7BEF7BEF7BEF7BEF7C0
:10089000BEF7BEF7BEF7BEF7BEF7BEF7BEF7BEF7B0
:1008A000BEF7BEF7BEF7BEF7BEF7BEF7BEEFBEF7A8
:1008B000BFE7BEEFBEDFBFE79FCF9ED7BFBFBFC7BB
:1008C000BFA79FB77F479F7F3F0F3E1F5F075F0F09
:1008D0005F075F075F075F077F075F077F077F0788
:1008E0007F077F075F077F077F077F075E373E0F22
:1008F000BFA7BF7F9EBF9FB79FD79FC79EDFBED7B3
:10090000BEE7BEE7BEEFBFEFBEF7BEF7BEF7BEF76E
:10091000BEF7BEF7BEF7BEF7BEF7BEF7BEF7BEF72F
:10092000BEF7BEF7BEF7BEF7BEF7BEF7BEF7BEF71F
:10093000BEF7BEF7BEF7BEF7BEF7BEF7BEF7BEF70F
:10094000BEF7BEF7BEF7BEF7BEF7BEF7BEF7BEF7FF
:10095000BEF7BEF7BEF7BEF7BEF7BEF7BEF7BEF7EF
:10096000BEF7BEF7BEF7BEF7BEF7BEF7BEF7BEF7DF
:10097000BEF7BEF7BEF7BEF7BEF7BEF7BEF7BEF7CF
:10098000BEF7BEF7BEF7BEF7BEF7BEF7BEF7BEF7BF
:10099000BEF7BEF7BEF7BEF7BEF7BEF7BEF7BEF7AF
:1009A000BEF7BEF7BFF7BEF7BEF7BEF7BEF7BEF79E
:1009B000BEF7BEF7BEEFBEF79EE7BEEF9EDF9FE736
:1009C0009FCF9FD79EBF9FC77EB77FBF9FA79FAF79
:1009D000BF8FBF9FBF6FDF779F5F9F5F9F679F5FE7
:1009E000BF6F9F67DF9FDF7F9FB7DFAF9FBF9FBF57
:1009F0009ECF9FC79ED79ECF9EE7BED7BEEFBEE7D6
:100A0000BEEFBEEFBEF7BEF7BEF7BEF7BEF7BEF74E
:100A1000BEF7BEF7BEF7BEF7BEF7BEF7BEF7BEF72E
:100A2000BEF7BEF7BEF7BEF7BEF7BEF7BEF7BEF71E
:100A3000BEF7BEF7BEF7BEF7BEF7BEF7BEF7BEF70E
:100A4000BEF7BEF7BEF7BEF7BEF7BEF7BEF7BEF7FE
:100A5000BEF7BEF7BEF7BEF7BEF7BEF7BEF7BEF7EE
:100A6000BEF7BEF7BEF7BEF7BEF7BEF7BEF7BEF7DE
:100A7000BEF7BEF7BEF7BEF7BEF7BEF7BEF7BEF7CE
:100A8000BEF7BEF7BEF7BEF7BEF7BEF7BEF7BEF7BE
:100A9000BEF7BEF7BEF7BEF7BEF7BEF7BEF7BEF7AE
:100AA000BEF7BEF7BEF7BEF7BEF7BEF7BEF7BEF79E
:100AB000BEF7BEF7BEF7BEF7BEEFBEF7BEE7BEEFAE
:100AC000BFDFBFE7BFDFBFDF9ECFBFD79EC79ECFD1
:100AD0009EC79EC79EBF9EC79FBF9FBF9FBF9FBF12
:100AE0009FC79FBF9FC79FC79ECF9ECFBFD79ED791
:100AF000BEDFBEDFBEE79EE79EEFBEEFBFF7BEEFF5
:100B0000BEF7BEF7BEF7BEF7BEF7BEF7BEF7BEF73D
:100B1000BEF7BEF7BEF7BEF7BEF7BEF7BEF7BEF72D
:100B2000BEF7BEF7BEF7BEF7BEF7BEF7BEF7BEF71D
:100B3000BEF7BEF7BEF7BEF7BEF7BEF7BEF7BEF70D
:100B4000BEF7BEF7BEF7BEF7BEF7BEF7BEF7BEF7FD
:100B5000BEF7BEF7BEF7BEF7BEF7BEF7BEF7BFF7EC
:100B6000BEF7BEF7BEF7BEF7BEF7BEF7BEF7BEF7DD
:100B7000BEF7BEF7BEF7BEF7BEF7BEF7BEF7BEF7CD
:100B8000BEF7BEF7BEF7BEF7BEF7BEF7BEF7BEF7BD
:100B9000BEF7BEF7BEF7BEF7BEF7BEF7BEF7BEF7AD
:100BA000BEF7BEF7BEF7BEF7BEF7BEF7BEF7BEF79D
:100BB000BEF7BEF7BEF7BEF7BEF7BEF7BEEFBEF795
:100BC000BEEFBEEFBEE7BEE7BEE7BEE79EDFBEDF1D
:100BD0009FDF9FDF9ED79FD7BFD7BFDFBFD7BFD7CE
:100BE0009EDF9ED79EDF9EDFBEE7BEDFBEE7BEE78D
:100BF000BEEFBEEFBEF7BEEFBEF7BEF7BEF7BEF765
:100C0000BEF7BEF7BEF7BEF7BEF7BEF7BEF7BEF73C
:100C1000BEF7BEF7BEF7BEF7BEF7BEF7BEF7BEF72C
:100C2000BEF7BEF7BEF7BEF7BEF7BEF7BEF7BEF71C
:100C3000BEF7BEF7BEF7BEF7BEF7BEF7BEF7BEF70C
:100C4000BEF7BEF7BEF7BEF7BEF7BEF7BEF7BEF7FC
:100C5000BEF7BEF7BEF7BEF7BEF7BEF7BEF7BEF7EC
:100C6000BEF7BEF7BEF7BEF7BEF7BEF7BEF7BEF7DC
:100C7000BEF7BEF7BEF7BEF7BEF7BEF7BEF7BEF7CC
:100C8000BEF7BEF7BEF7BEF7BEF7BEF7BEF7BEF7BC
:100C9000BEF7BEF7BEF7BEF7BEF7BEF7BEF7BEF7AC
:100CA000BEF7BEF7BFF7BEF7BEF7BEF7BEF7BEF79B
:100CB000BEF7BEF7BEF7BEF7BEF7BEF7BEF7BEF78C
:100CC000BEF7BEF7BEEFBEF7BEEFBEEFBEEFBEEFA4
:100CD000BEEFBEEFBEE7BEEFBEE7BEE7BEEFBEE7CC
:100CE000BEEF9EE7BEEFBEEFBEEFBEEFBEEFBEEFC4
:100CF000BFF7BEF7BEF7BEF7BEF7BEF7BEF7BEF74B
:100D0000BEF7BEF7BEF7BEF7BEF7BEF7BEF7BEF73B
:100D1000BEF7BEF7BEF7BEF7BEF7BFF7BEF7BEF72A
:100D2000BEF7BEF7BEF7BEF7BEF7BEF7BEF7BEF71B
:100D3000BEF7BEF7BEF7BEF7BEF7BEF7BEF7BFF70A
:100D4000BEF7BEF7BEF7DEF7BEF7BEF7BEF7BEF7DB
:100D5000BEF7BEF7BEF7BEF7BEF7BEF7BEF7BEF7EB
:100D6000BEF7BEF7BEF7BEF7BEF7BEF7BEF7BEF7DB
:100D7000BEF7BEF7BEF7BEF7BEF7BEF7BEF7BEF7CB
:100D8000BEF7BEF7BEF7BEF7BEF7BEF7BEF7BEF7BB
:100D9000BEF7BEF7BEF7BEF7BEF7BEF7BEF7BEF7AB
:100DA000BEF7BEF7BEF7BEF7BEF7BEF7BEF7BEF79B
:100DB000BEF7BEF7BEF7BEF7BEF7BEF7BEF7BEF78B
:100DC000BEF7BEF7BEF7BEF7BFF7BEF7BEF7BEF77A
:100DD000BEEFBEF7BEEFBEEFBEEFBEEFBEEFBEF79B
:100DE000BEF7BEEFBEF7BEF7BEF7BEF7BEF7BEF763
:100DF000BEF7BEF7BEF7BEF7BEF7BEF7BEF7BEF74B
:100E0000BEF7BEF7BEF7BEF7BEF7BEF7BEF7BEF73A
:100E1000DEF7BEF7BEF7BEF7BEF7BEF7BEF7BEF70A
:100E2000BEF7BEF7BEF7BEF7BEF7BEF7BEF7BEF71A
:100E3000BEF7BEF7BEF7BEF7BEF7BEF7BEF7BEF70A
:100E4000BEF7BEF7BEF7DEF7BEF7BEF7BEF7BEF7DA
:100E5000BEF7BEF7BEF7BEF7BEF7BEF7BEF7BEF7EA
:100E6000BEF7BEF7BEF7BEF7BEF7BEF7BEF7BEF7DA
:100E7000BEF7BEF7BEF7BEF7BEF7BEF7BEF7BEF7CA
:100E8000BEF7BEF7BEF7BEF7BEF7BEF7BEF7BEF7BA
:100E9000BEF7BEF7BEF7BEF7BEF7BEF7BEF7BEF7AA
:100EA000BEF7BEF7BEF7BEF7BFF7BEF7BEF7BEF799
:100EB000BEF7BEF7BEF7BEF7BEF7BEF7BEF7BEF78A
:100EC000BEF7BEF7BEF7BEF7BEF7BEF7BEF7BEF77A
:100ED000BEF7BEF7BEF7BEF7BEF7BEF7BEF7BEF76A
:100EE000BFF7BEF7BFF7BFF7BEF7BEF7BEF7BEF757
:100EF000BEF7BEF7BEF7BEF7BEF7BEF7BEF7BEF74A
:100F0000BEF7BEF7BFF7BEF7BEF7BEF7BEF7BEF738
:100F1000BEF7BFF7BEF7BEF7BEF7BEF7BEF7BEF728
:100F2000BEF7BEF7BEF7BEF7BEF7BEF7BEF7BEF719
:100F3000BEF7BEF7BEF7BEF7BEF7BEF7BEF7BEF709
:100F4000BEF7BEF7BEF7BEF7BEF7BEF7BEF7BEF7F9
:100F5000BEF7BEF7BEF7BEF7BEF7BEF7BEF7BEF7E9
:100F6000BEF7BEF7BEF7BEF7BEF7BEF7BEF7BEF7D9
:100F7000BEF7BEF7BEF7BEF7BEF7BEF7BEF7BEF7C9
:100F8000BEF7BEF7BEF7BEF7BEF7BEF7BEF7BEF7B9
:100F9000BEF7BEF7BEF7BEF7BEF7BEF7BEF7BEF7A9
:100FA000BEF7BEF7BEF7BEF7BEF7BEF7BEF7BEF799
:100FB000BEF7BEF7BEF7BEF7BEF7BEF7BEF7BEF789
:100FC000BEF7BEF7BEF7BEF7BEF7BEF7BEF7BEF779
:100FD000BEF7BEF7BEF7BEF7BEF7BEF7BEF7BEF769
:100FE000BEF7BEF7BEF7BEF7BEF7BEF7BEF7BEF759
:100FF000BEF7BEF7BEF7BEF7BEF7BEF7BEF7BEF749
:10100000BEF7BEF7BEF7BEF7BEF7BEF7BEF7BEF738
:10101000BEF7BEF7BEF7BEF7BEF7BEF7BEF7BEF728
:10102000BEF7BEF7BEF7BEF7BEF7BEF7BEF7BEF718
:10103000BEF7BEF7BEF7BEF7BEF7BEF7BEF7BEF708
:10104000BEF7BEF7BEF7BEF7BEF7BEF7BEF7BEF7F8
:10105000BEF7BEF7BEF7BEF7BEF7BEF7BEF7BEF7E8
:10106000BEF7BEF7BEF7BEF7BEF7BEF7BEF7BEF7D8
:10107000BEF7BEF7BEF7BEF7BEF7BEF7BEF7BEF7C8
:10108000BEF7BEF7BEF7BEF7BEF7BEF7BEF7BEF7B8
:10109000BEF7BEF7BEF7BEF7BEF7BEF7BEF7BEF7A8
:1010A000BEF7BEF7BEF7BEF7BEF7BEF7BEF7BEF798
:1010B000BEF7BEF7BEF7BEF7BEF7BEF7BEF7BEF788
:1010C000BEF7BEF7BEF7BEF7BEF7BEF7BEF7BEF778
:1010D000BEF7BEF7BEF7BEF7BEF7BEF7BEF7BEF768
:1010E000BEF7DEFFBEF7BEF7BEF7BEF7BEF7BEF730
:1010F000BEF7BEF7BEF7BEF7BEF7BEF7BEF7BEF748
:10110000BEF7BEF7BEF7BEF7BEF7BEF7BEF7BEF737
:10111000BEF7BEF7BEF7BEF7BEF7BEF7BEF7BEF727
:10112000BEF7BEF7BEF7BEF7BEF7BEF7BEF7BEF717
:10113000BEF7BEF7BEF7BEF7BEF7BEF7BEF7BEF707
:10114000BEF7BEF7BEF7BEF7BEF7BEF7BEF7BEF7F7
:10115000BEF7BEF7BEF7BEF7BEF7BEF7BEF7BEF7E7
:10116000BEF7BEF7BEF7BEF7BEF7BEF7BEF7BEF7D7
:10117000BEF7BEF7BEF7BEF7BEF7BEF7BEF7BEF7C7
:10118000BEF7BEF7BEF7BEF7BEF7BEF7BEF7BEF7B7
:10119000BEF7BEF7BEF7BEF7BEF7BEF7BEF7BEF7A7
:1011A000BEF7BEF7DFFFBEF7BEF7BEF7BEF7BEF76E
:1011B000BEF7BEF7BEF7BEF7BEF7BEF7BEF7BEF787
:1011C000BEF7BEF7BEF7BEF7BEF7718CBEF7BEF72F
:1011D000BEF7BEF7BEF7BEF7BEF7BEF7BEF7BEF767
:1011E000D7BD75ADBEF7BEF7BEF7BEF7BEF7BEF70B
:1011F000BEF7BEF7BEF7BEF78A52DFFFBEF7BEF7F7
:10120000BEF7BEF7BEF7BEF7BEF7BEF7BEF7BEF736
:10121000BEF7BEF7BEF7BEF7BEF7BEF7BEF7BEF726
:10122000BEF7BEF7BEF7BEF7BEF7BEF7BEF7BEF716
:10123000BEF7BEF7BEF7BEF7BEF7BEF7BEF7BEF706
:10124000BEF7DEF7BEF7BEF7BEF7BEF7BEF7BEF7D6
:10125000BEF7BEF7BEF7BEF7BEF7BEF7BEF7BEF7E6
:10126000BEF7BEF7BEF7BEF7BEF7BEF7BEF7BEF7D6
:10127000BEF7BEF7BEF7BEF7BEF7BEF7BEF7BEF7C6
:10128000BEF7BEF7BEF7BEF7BEF7BEF7BEF7BEF7B6
:10129000BEF7BEF7BEF7BEF7BEF7BEF7BEF7BEF7A6
:1012A000BEF7BEF7BEF7BEF7E3180421C318E31874
:1012B000E318C318E3180421E318E318BEF7BEF7D8
:1012C000BEF7BEF779CEBEF7BEF74D6BBEF7BEF7E1
:1012D000BEF7BEF7BEF7BEF7BEF7BEF7BEF7BEF766
:1012E000E318BEF79EF79EF79EF7BEF7BEF7BEF770
:1012F000BEF7BEF7BEF7BEF70421DFFFBEF7BEF7AD
:10130000BEF7BEF7BEF7BEF7BEF7BEF7BEF7BEF735
:10131000BEF7BEF7BEF7BEF7BEF7BEF7BEF7BEF725
:10132000BEF7BEF7BEF7BEF7BEF7BEF7BEF7BEF715
:10133000BEF7BEF7BEF7BEF7BEF7BEF7BEF7BEF705
:10134000BEF7BEF7BEF7BEF7BEF7BEF7BEF7BEF7F5
:10135000BEF7BEF7BEF7BEF7BEF7BEF7BEF7BEF7E5
:10136000BEF7BEF7BEF7BEF7BEF7BEF7BEF7BEF7D5
:10137000BEF7BEF7BEF7BEF7BEF7BEF7BEF7BEF7C5
:10138000BEF7BEF7BEF7BEF7BEF7BEF7BEF7BEF7B5
:10139000BEF7BEF7BEF7BEF7BEF7BEF7BEF7BEF7A5
:1013A000BEF7BEF7BEF7BEF7BEF79EF7BEF7BEF7B5
:1013B000C3189EF7BEF7BEF7BEF7BEF7BEF7BEF77F
:1013C000C318C318C318A210C318A210C318A210C0
:1013D000C318E318BEF7D39CC318A210C318C318D0
:1013E000E318C318E318E318E318E318BEF70C6317
:1013F000C318BEF7C318A210E318A210C318A21096
:10140000A210C318BEF7BEF7BEF7BEF7BEF7BEF711
:10141000BEF7BEF7BEF7BEF7BEF7BEF7BEF7BEF724
:10142000BEF7BEF7BEF7BEF7BEF7BEF7BEF7BEF714
:10143000BEF7BEF7BEF7BEF7BEF7BEF7BEF7BEF704
:10144000BEF7BEF7BEF7BEF7BEF7BEF7BEF7BEF7F4
:10145000BEF7BEF7BEF7BEF7BEF7BEF7BEF7BEF7E4
:10146000BEF7BEF7BEF7BEF7BEF7BEF7BEF7BEF7D4
:10147000BEF7BEF7BEF7BEF7BEF7BEF7BEF7BEF7C4
:10148000BEF7BEF7BEF7BEF7BEF7BEF7BEF7BEF7B4
:10149000BEF7BEF7BEF7DEF7BEF7BEF7BEF7BEF784
:1014A000BEF7BEF7BEF7BEF7BEF7BEF7BEF7BEF794
:1014B000E3189EF7BEF7BEF7BEF7BEF7BEF7BEF75E
:1014C000BEF7BEF708429AD6BEF79EF7BEF77DEF8D
:1014D000BEF7BEF7BEF7BEF7BEF7BEF7E318BEF71E
:1014E000BEF7FBDE14A53CE79EF79EF7BEF7BEF7FE
:1014F000C3189EF79EF79EF72421BEF7BEF79EF70E
:10150000A210BEF7BEF7BEF7BEF7BEF7BEF7BEF736
:10151000BEF7BEF7BEF7BEF7BEF7BEF7BEF7BEF723
:10152000BEF7BEF7BEF7BEF7BEF7BEF7BEF7BEF713
:10153000BEF7BEF7BEF7BEF7BEF7BEF7BEF7BEF703
:10154000BEF7BEF7BEF7BEF7BEF7BEF7BEF7BEF7F3
:10155000BEF7BEF7BEF7BEF7BEF7BEF7BEF7BEF7E3
:10156000BEF7BEF7BEF7BEF7BEF7BEF7BEF7BEF7D3
:10157000BEF7BEF7BEF7BEF7BEF7BEF7BEF7BEF7C3
:10158000BEF7BEF7BEF7BEF7BEF7BEF7BEF7BEF7B3
:10159000BEF7BEF7BEF7DEF7BEF7BEF7BEF7BEF783
:1015A000BEF7BEF7BEF7BEF70C63BEF7BEF7FBDEB5
:1015B000E3189EF7BEF7DFFFDEFFBEF7BEF7BEF70C
:1015C000BEF7BEF7BEF7C318BEF7BEF79EF78A4A4E
:1015D000BEF7BEF7BEF7BEF7BEF7BEF714A5652986
:1015E000BEF7BEF7694ABEF79EF7694ABEF7BEF777
:1015F000C3189EF79EF7BEF72421DFFF9EF7BEF7C4
:10160000C318BEF7BEF7BEF7BEF7BEF7BEF7BEF70C
:10161000BEF7BEF7BEF7BEF7BEF7BEF7BEF7BEF722
:10162000BEF7BEF7BEF7BEF7BEF7BEF7BEF7BEF712
:10163000BEF7BEF7BEF7BEF7BEF7BEF7BEF7BEF702
:10164000BEF7BEF7BEF7BEF7BEF7BEF7BEF7BEF7F2
:10165000BEF7BEF7BEF7BEF7BEF7BEF7BEF7BEF7E2
:10166000BEF7BEF7BEF7BEF7BEF7BEF7BEF7BEF7D2
:10167000BEF7BEF7BEF7BEF7BEF7BEF7BEF7BEF7C2
:10168000BEF7BEF7BEF7BEF7BEF7BEF7BEF7BEF7B2
:10169000BEF7BEF7BEF7BEF7BEF7BEF7BEF7BEF7A2
:1016A000BEF7BEF7BEF7BEF78E73BEF7BEF7FBDE22
:1016B000E3189EF7C318C318494AA210BEF7BEF735
:1016C0004529BEF7BEF7D7BDBEF79EF7BEF7694AFC
:1016D000BEF7BEF7BEF7BEF76529BEF7C7392421AE
:1016E000C318E318C318C318CB5AC318BEF7BEF704
:1016F000E318BEF7AE73AE732421CF7BEF7BEF7B95
:10170000C318EF7BBEF7BEF7BEF7BEF7BEF7BEF756
:10171000BEF7BEF7BEF7BEF7BEF7BEF7BEF7BEF721
:10172000BEF7BEF7BEF7BEF7BEF7BEF7BEF7BEF711
:10173000BEF7BEF7BEF7BEF7BEF7BEF7BEF7BEF701
:10174000BEF7BEF7BEF7BEF7BEF7BEF7BEF7BEF7F1
:10175000BEF7BEF7BEF7BEF7BEF7BEF7BEF7BEF7E1
:10176000BEF7BEF7BEF7BEF7BEF7BEF7BEF7BEF7D1
:10177000BEF7BEF7BEF7BEF7BEF7BEF7BEF7BEF7C1
:10178000BEF7BEF7BEF7BEF7BEF7BEF7BEF7BEF7B1
:10179000BEF7BEF7BEF7BEF7BEF7BEF7BEF7BEF7A1
:1017A000BFF7BEF7BEF7BFF7CF7BBEF7BEF7FBDED6
:1017B000E3189EF7BEF79EF7DFFFBEF79EF7BEF772
:1017C000494A04219AD659CEC318A210C318C31887
:1017D000A210A210BEF7BEF718C6BEF728427DEFD2
:1017E0009EF7FBDEBEF7A2100421BEF7BEF7BEF7E0
:1017F000E3189EF7BEF7DEFF2421BEF7BEF7BEF763
:10180000C318BEF7BEF7BEF7BEF7BEF7BEF7BEF70A
:10181000BEF7BEF7BEF7BEF7BEF7BEF7BEF7BEF720
:10182000BEF7BEF7BEF7BEF7BEF7BEF7BEF7BEF710
:10183000BEF7BEF7BEF7BEF7BEF7BEF7BEF7BEF700
:10184000BEF7BEF7BEF7BEF7BEF7BEF7BEF7BEF7F0
:10185000BEF7BEF7BEF7BEF7BEF7BEF7BEF7BEF7E0
:10186000BEF7BEF7BEF7BEF7BEF7BEF7BEF7BEF7D0
:10187000BEF7BEF7BEF7BEF7BEF7BEF7BEF7BEF7C0
:10188000BEF7BEF7BEF7BEF7BEF7BEF7BEF7BEF7B0
:10189000BEF7BEF7BEF7BEF7BEF7BEF7BEF7BEF7A0
:1018A000BEF7BEF7BEF7BEF7EF7BBEF7BEF71CE78D
:1018B000E318BEF7BEF7BEF7BEF7BEF7BFF7BEF739
:1018C000B6B538C6BEF759CEBEF7BEF7BEF7AA52B8
:1018D000BEF7BEF7BEF7BEF7BEF7BEF70421BEF7F0
:1018E000BEF7BEF7BEF7A210DFFFBEF7BEF7BEF72A
:1018F00004219EF745296529C3184529452945290D
:10190000C3182421BEF7BEF7BEF7BEF7BEF7BEF779
:10191000BEF7BEF7BEF7BEF7BEF7BEF7BEF7BEF71F
:10192000BEF7BEF7BEF7BEF7BEF7BEF7BEF7BEF70F
:10193000BEF7BEF7BEF7BEF7BEF7BEF7BEF7BEF7FF
:10194000BEF7BEF7BEF7BEF7BEF7BEF7BEF7BEF7EF
:10195000BEF7BEF7BEF7BEF7BEF7BEF7BEF7BEF7DF
:10196000BEF7BEF7BEF7BEF7BEF7BEF7BEF7BEF7CF
:10197000BEF7BEF7BEF7BEF7BEF7BEF7BEF7BEF7BF
:10198000BEF7BEF7BEF7BEF7BEF7BEF7BEF7BEF7AF
:10199000BEF7BEF7BEF7BEF7BEF7BEF7BEF7BEF79F
:1019A000BEF7BEF7BEF7BEF7CF7BBEF7BEF71CE7AC
:1019B000E318BEF7BEF7BEF7BEF7BEF7BEF7BEF739
:1019C000D7BDBEF7BEF759CEBEF7BEF79EF78A5217
:1019D000BEF7BEF7BEF7BEF7BEF7BEF724217DEF18
:1019E000BEF7BEF7BEF7A210BEF7BEF7BEF7BAD677
:1019F0008210BEF79EF79EF704219EF7BEF79EF772
:101A0000BEF7BEF7BEF755ADBEF7BEF7BEF7BEF7E1
:101A1000BEF7BEF7BEF7BEF7BEF7BEF7BEF7BEF71E
:101A2000DEF7DEF7BEF7BEF7BEF7BEF7BEF7BEF7CE
:101A3000BEF7BEF7BEF7BEF7BEF7BEF7BEF7BEF7FE
:101A4000BEF7BEF7BEF7BEF7BEF7BEF7BEF7BEF7EE
:101A5000BEF7BEF7BEF7BEF7BEF7BEF7BEF7BEF7DE
:101A6000BEF7BEF7BEF7BEF7BEF7BEF7BEF7BEF7CE
:101A7000BEF7BEF7BEF7BEF7BEF7BEF7BEF7BEF7BE
:101A8000BEF7BEF7BEF7BEF7BEF7BEF7BEF7BEF7AE
:101A9000BEF7BEF7DEF7BEF7BEF7BEF7BEF7BEF77E
:101AA000BEF7BEF7BEF7BEF7CF7BBEF7BEF7FBDED5
:101AB000E3189EF7BEF79EF79EF79EF7BEF7BEF7B8
:101AC000D7BDBEF7BEF759CEBEF7BEF77DEF694A68
:101AD000BEF7BEF7BEF7BEF7BEF7BEF779CE8210EF
:101AE000BEF7BEF7DFFFA2109EF7BEF7BEF72421B8
:101AF000BEF7BEF7BEF7BEF70421DFFFBEF7BEF7A5
:101B00009DF7BEF7BEF70421BEF7BEF7BEF7BEF7DE
:101B1000BEF7BEF7BEF7BEF7BEF7BEF7DEF7DEF7DD
:101B2000BEF7BEF7BEF7BEF7BEF7BEF7BEF7BEF70D
:101B3000BEF7BEF7BEF7BEF7BEF7BEF7BEF7BEF7FD
:101B4000BEF7BEF7BEF7BEF7BEF7BEF7BEF7BEF7ED
:101B5000BEF7BEF7BEF7BEF7BEF7BEF7BEF7BEF7DD
:101B6000BEF7BEF7BEF7BEF7BEF7BEF7BEF7BEF7CD
:101B7000BEF7BEF7BEF7BEF7BEF7BEF7BEF7BEF7BD
:101B8000BEF7BEF7BEF7BEF7BEF7BEF7BEF7BEF7AD
:101B9000BEF7BEF7BEF7BEF7BEF7BEF7DEF7BEF77D
:101BA000BEF7BEF73CE7BEF7A210E318C318C31890
:101BB000C318C318C318C318A210A210BEF7AA52A4
:101BC000D7BDBEF7452938C6042125212421E318B5
:101BD00024210421BEF7518CC3188E73BEF738C67A
:101BE000BEF7BEF7C318242104212421BEF755AD4A
:101BF000BEF7BEF7BEF7BEF70421BEF7452945295B
:101C000024214529BEF72C63BEF7BEF7BEF7BEF709
:101C1000BEF7DEF7BEF7BEF7BEF7BEF7BEF7BEF7FC
:101C2000BEF7BEF7BEF7BEF7BEF7BEF7BEF7BEF70C
:101C3000BEF7BEF7BEF7BEF7BEF7BEF7BEF7BEF7FC
:101C4000BEF7BEF7BFF7BEF7BEF7BEF7BEF7BEF7EB
:101C5000BEF7BEF7BEF7BEF7BEF7BEF7BEF7BEF7DC
:101C6000BEF7BEF7BEF7BEF7BEF7BEF7BEF7BEF7CC
:101C7000BEF7BEF7BEF7BEF7BEF7BEF7BEF7BEF7BC
:101C8000BEF7BEF7BEF7BEF7BEF7BEF7BEF7BEF7AC
:101C9000BEF7BEF7BEF7BEF7BEF7BEF7BEF7BEF79C
:101CA000BEF7BEF7BEF7BEF7BEF7BEF79EF7BEF7AC
:101CB000BEF7BEF7BEF7BEF7BEF7BEF7BEF7BEF77C
:101CC000BEF7BEF7BEF7BEF79EF79EF79EF79EF7EC
:101CD0009EF79EF7BEF7BEF7BEF75DEFBEF7BEF705
:101CE000DEFFBEF7BEF7BEF7BEF7BEF7DFFFBEF7FB
:101CF000BEF7BEF7BEF7BEF7BEF7BEF7BEF7BEF73C
:101D0000BEF7BEF7BEF7BEF7BEF7BEF7DEF7DEF7EB
:101D1000BEF7BEF7BEF7BEF7BEF7BEF7BEF7BEF71B
:101D2000BEF7BEF7BEF7BEF7BEF7BEF7BEF7BEF70B
:101D3000BEF7BEF7BEF7BEF7BEF7BEF7BEF7BEF7FB
:101D4000BEF7BEF7BEF7BEF7BEF7BEF7BEF7BEF7EB
:101D5000BEF7BEF7BEF7BEF7BEF7BEF7BEF7BEF7DB
:101D6000BEF7BEF7BEF7BEF7BEF7BEF7BEF7BEF7CB
:101D7000BEF7BEF7BEF7BEF7BEF7BEF7BEF7BEF7BB
:101D8000BEF7BEF7BEF7BEF7BEF7BEF7BEF7BEF7AB
:101D9000BEF7BEF7BEF7BEF7BEF7BEF7BEF7BEF79B
:101DA000BEF7BEF7BEF7BEF7BEF7BEF7BEF7BEF78B
:101DB000BEF7BEF7BEF7BEF7BEF7BEF7BEF7BEF77B
:101DC000BEF7BEF7BEF7BEF7BEF7BEF7BEF7BEF76B
:101DD000BEF7BEF7BEF7BEF7BEF7BEF7BEF7BEF75B
:101DE000BEF7BEF7BEF7BEF7BEF7BEF7BEF7BEF74B
:101DF000BEF7BEF7BEF7BEF7BEF7BEF7BEF7BEF73B
:101E0000BEF7BEF7BEF7BEF7BEF7BEF7BEF7BEF72A
:101E1000BEF7BEF7BEF7BEF7BEF7BEF7BEF7BEF71A
:101E2000BEF7BEF7BEF7BEF7BEF7BEF7BEF7BEF70A
:101E3000BEF7BEF7BEF7BEF7BEF7BEF7BEF7BEF7FA
:101E4000BEF7BEF7BEF7BEF7BEF7BEF7BEF7BEF7EA
:101E5000BEF7BEF7BEF7BEF7BEF7BEF7BEF7DEF7BA
:101E6000BEF7BEF7BEF7BEF7BEF7BEF7BEF7BEF7CA
:101E7000BEF7BEF7BEF7BEF7BEF7BEF7BEF7BEF7BA
:101E8000BEF7BEF7BEF7BEF7BEF7BEF7BEF7BEF7AA
:101E9000BEF7BEF7BEF7BEF7BEF7BEF7BEF7BEF79A
:101EA000BEF7BEF7BEF7BEF7BEF7BEF7BEF7BEF78A
:101EB000BEF7BEF7BEF7BEF7BEF7BEF7BEF7BEF77A
:101EC000BEF7BEF7BEF7BEF7BEF7BEF7BEF7BEF76A
:101ED000BEF7BEF7BEF7BEF7BEF7BEF7BEF7BEF75A
:101EE000BEF7BEF7BEF7BEF7BEF7BEF7BEF7BEF74A
:101EF000BEF7BEF7BEF7BEF7BEF7BEF7BEF7BEF73A
:101F0000BEF7BEF7BEF7BEF7BEF7BEF7BEF7BEF729
:101F1000BEF7BEF7BEF7BEF7BEF7BEF7BEF7BEF719
:101F2000BEF7BEF7BEF7BEF7BEF7BEF7BEF7BEF709
:101F3000BEF7BEF7BEF7BEF7BEF7BEF7BEF7BEF7F9
:101F4000BEF7BEF7BEF7BEF7BEF7BEF7BEF7BEF7E9
:101F5000BEF7BEF7BEF7BEF7BEF7BEF7BEF7BEF7D9
:101F6000BEF7BEF7BEF7BEF7BEF7BEF7BEF7BEF7C9
:101F7000BEF7BEF7BEF7BEF7BEF7BEF7BEF7BEF7B9
:101F8000BEF7BEF7BEF7BEF7BEF7BEF7BEF7BEF7A9
:101F9000BEF7BEF7BEF7BEF7BEF7BEF7BEF7BEF799
:101FA000BEF7BEF7BEF7BEF7BEF7BEF7BEF7BEF789
:101FB000BEF7BEF7BEF7BEF7BEF7BEF7BEF7BEF779
:101FC000BEF7BEF7BEF7BEF7BEF7BEF7BEF7BEF769
:101FD000BEF7BEF7BEF7BEF7BEF7BEF7BEF7BEF759
:101FE000BEF7BEF7BEF7BEF7BEF7BEF7BEF7BEF749
:101FF000BEF7BEF7BEF7BEF7BEF7BEF7BEF7BEF739
:10200000BEF7BEF7BEF7BEF7BEF7BEF7BEF7BEF728
:10201000BEF7BEF7BEF7BEF7BEF7BEF7BEF7BEF718
:10202000BEF7BEF7BEF7BEF7BEF7BEF7BEF7BEF708
:10203000BEF7BEF7BEF7BEF7BEF7BEF7BEF7BEF7F8
:10204000BEF7BEF7BEF7BEF7BEF7BEF7BEF7BEF7E8
:10205000BEF7BEF7BEF7BEF7BEF7BEF7BEF7BEF7D8
:10206000BEF7BEF7BEF7BEF7BEF7BEF7BEF7BEF7C8
:10207000BEF7BEF7BEF7BEF7BEF7BEF7BEF7BEF7B8
:10208000BEF7BEF7BEF7BEF7BEF7BEF7BEF7BEF7A8
:10209000BEF7BEF7BEF7BEF7BEF7BEF7BEF7BEF798
:1020A000BEF7BEF7BEF7BEF7BEF7BEF7BEF7BEF788
:1020B000BEF7BEF7BEF7BEF7BEF7BEF7BEF7BEF778
:1020C000BEF7BEF7BEF7BEF7BEF7BEF7BEF7BEF768
:1020D000BEF7BEF7BEF7BEF7BEF7BEF7BEF7BEF758
:1020E000BEF7BEF7BEF7BEF7BEF7BEF7BEF7BEF748
:1020F000BEF7BEF7BEF7BEF7BEF7BEF7BEF7BEF738
:10210000BEF7BEF7BEF7BEF7BEF7BEF7BEF7BEF727
:10211000BEF7BEF7BEF7BEF7BEF7BEF7BEF7BEF717
:10212000BEF7BEF7BEF7BEF7BEF7BEF7BEF7BEF707
:10213000BEF7BEF7BEF7BEF7BEF7BEF7BEF7BEF7F7
:10214000BEF7BEF7BEF7BEF7BEF7BEF7BEF7BEF7E7
:10215000BEF7BEF7BEF7BEF7BEF7BEF7BEF7BEF7D7
:10216000BEF7BEF7BEF7BEF7BEF7BEF7BEF7BEF7C7
:10217000BEF7BEF7BEF7BEF7BEF7BEF7BEF7BEF7B7
:10218000BEF7BEF7BEF7BEF7BEF7BEF7BEF7BEF7A7
:10219000BEF7BEF7BEF7BEF7BEF7BEF7BEF7BEF797
:1021A000BEF7BEF7BEF7BEF7BEF7BEF7BEF7BEF787
:1021B000BEF7BEF7BEF7BEF7BEF7BEF7BEF7BEF777
:1021C000BEF7BEF7BEF7BEF7BEF7BEF7BEF7BEF767
:1021D000BEF7BEF7BEF7BEF7BEF7BEF7BEF7BEF757
:1021E000BEF7BEF7BEF7BEF7BEF7BEF7BEF7BEF747
:1021F000BEF7BEF7BEF7BEF7BEF7BEF7BEF7BEF737
:10220000BEF7BEF7BEF7BEF7BEF7BEF7BEF7BEF726
:10221000BEF7BEF7BEF7BEF7BEF7BEF7BEF7BEF716
:10222000BEF7BEF7BEF7BEF7BEF7BEF7BEF7BEF706
:10223000BEF7BEF7BEF7BEF7BEF7BEF7BEF7BEF7F6
:10224000BEF7BEF7BEF7BEF7BEF7BEF7BEF7BEF7E6
:10225000BEF7BEF7BEF7BEF7BEF7BEF7BEF7BEF7D6
:10226000BEF7BEF7BEF7BEF7BEF7BEF7BEF7BEF7C6
:10227000BEF7BEF7BEF7BEF7BEF7BEF7BEF7BEF7B6
:10228000BEF7BEF7BEF7BEF7BEF7BEF7BEF7BEF7A6
:10229000BEF7BEF7BEF7BEF7BEF7BEF7BEF7BEF796
:1022A000BEF7BEF7BEF7BEF7BEF7BEF7BEF7BEF786
:1022B000BEF7BEF7BEF7BEF7BEF7BEF7BEF7BEF776
:1022C000BEF7BEF7BEF7BEF7BEF7BEF7BEF7BEF766
:1022D000BEF7BEF7BEF7BEF7BEF7BEF7BEF7BEF756
:1022E000BEF7BEF7BEF7BEF7BEF7BEF7BEF7BEF746
:1022F000BEF7BEF7BEF7BEF7BEF7BEF7BEF7BEF736
:10230000BEF7BEF7BEF7BEF7BEF7BEF7BEF7BEF725
:10231000BEF7BEF7BEF7BEF7BEF7BEF7BEF7BEF715
:10232000BEF7BEF7BEF7BEF7BEF7BEF7BEF7BEF705
:10233000BEF7BEF7BEF7BEF7BEF7BEF7BEF7BEF7F5
:10234000BEF7BEF7BEF7BEF7BEF7BEF7BEF7BEF7E5
:10235000BEF7BEF7BEF7BEF7BEF7BEF7BEF7BEF7D5
:10236000BEF7BEF7BEF7BEF7BEF7BEF7BEF7BEF7C5
:10237000BEF7BEF7BEF7BEF7BEF7BEF7BEF7BEF7B5
:10238000BEF7BEF7BEF7BEF7BEF7BEF7BEF7BEF7A5
:10239000BEF7BEF7BEF7BEF7BEF7BEF7BEF7BEF795
:1023A000BEF7BEF7BEF7BEF7BEF7BEF7BEF7BEF785
:1023B000BEF7BEF7BEF7BEF7BEF7BEF7BEF7BEF775
:1023C000BEF7BEF7BEF7BEF7BEF7BEF7BEF7BEF765
:1023D000BEF7BEF7BEF7BEF7BEF7BEF7BEF7BEF755
:1023E000BEF7BEF7BEF7BEF7BEF7BEF7BEF7BEF745
:1023F000BEF7BEF7BEF7BEF7BEF7BEF7BEF7BEF735
:10240000BEF7BEF7BEF7BEF7BEF7BEF7BEF7BEF724
:10241000BEF7BEF7BEF7BEF7BEF7BEF7BEF7BEF714
:10242000BEF7BEF7BEF7BEF7BEF7BEF7BEF7BEF704
:10243000BEF7BEF7BEF7BEF7BEF7BEF7BEF7BEF7F4
:10244000BEF7BEF7BEF7BEF7BEF7BEF7BEF7BEF7E4
:10245000BEF7BEF7BEF7BEF7BEF7BEF7BEF7BEF7D4
:10246000BEF7BEF7BEF7BEF7BEF7BEF7BEF7BEF7C4
:10247000BEF7BEF7BEF7BEF7BEF7BEF7BEF7BEF7B4
:10248000BEF7BEF7BEF7BEF7BEF7BEF7BEF7BEF7A4
:10249000BEF7BEF7BEF7BEF7BEF7BEF7BEF7BEF794
:1024A000BEF7BEF7BEF7BEF7BEF7BEF7BEF7BEF784
:1024B000BEF7BEF7BEF7BEF7BEF7BEF7BEF7BEF774
:1024C000BEF7BEF7BEF7BEF7BEF7BEF7BEF7BEF764
:1024D000BEF7BEF7BEF7BEF7BEF7BEF7BEF7BEF754
:1024E000BEF7BEF7BEF7BEF7BEF7BEF7BEF7BEF744
:1024F000BEF7BEF7BEF7BEF7BEF7BEF7BEF7BEF734
:10250000BEF7BEF7BEF7BEF7BEF7BEF7BEF7BEF723
:10251000BEF7BEF7BEF7BEF7BEF7BEF7BEF7BEF713
:10252000BEF7BEF7BEF7BEF7BEF7BEF7BEF7BEF703
:10253000BEF7BEF7BEF7BEF7BEF7BEF7BEF7BEF7F3
:10254000BEF7BEF7BEF7BEF7BEF7BEF7BEF7BEF7E3
:10255000BEF7BEF7BEF7BEF7BEF7BEF7BEF7BEF7D3
:10256000BEF7BEF7BEF7BEF7BEF7BEF7BEF7BEF7C3
:10257000BEF7BEF7BEF7BEF7BEF7BEF7BEF7BEF7B3
:10258000BEF7BEF7BEF7BEF7BEF7BEF7BEF7BEF7A3
:10259000BEF7BEF7BEF7BEF7BEF7BEF7BEF7BEF793
:1025A000BEF7BEF7BEF7BEF7BEF7BEF7BEF7BEF783
:1025B000BEF7BEF7BEF7BEF7BEF7BEF7BEF7BEF773
:1025C000BEF7BEF7BEF7BEF7BEF7BEF7BEF7BEF763
:1025D000BEF7BEF7BEF7BEF7BEF7BEF7BEF7BEF753
:1025E000BEF7BEF7BEF7BEF7BEF7BEF7BEF7BEF743
:1025F000BEF7BEF7BEF7BEF7BEF7BEF7BEF7BEF733
:10260000BEF7BEF7BEF7BEF7BEF7BEF7BEF7BEF722
:10261000BEF7BEF7BEF7BEF7BEF7BEF7BEF7BEF712
:10262000BEF7BEF7BEF7BEF7BEF7BEF7BEF7BEF702
:10263000BEF7BEF7BEF7BEF7BEF7BEF7BEF7BEF7F2
:10264000BEF7BEF7BEF7BEF7BEF7BEF7BEF7BEF7E2
:10265000BEF7BEF7BEF7BEF7BEF7BEF7BEF7BEF7D2
:102660001BE71BE71BE71BE71BE71BE71CE71CE758
:102670001BE71BE71BE71BE71BE71BE71BE71BE74A
:102680001BE71BE71BE71BE71BE71BE71BE71BE73A
:102690001BE71BE71BE71BE71BE71BE71BE71BE72A
:1026A0001BE71BE71BE71BE71BE71BE71BE71BE71A
:1026B0001BE71BE71BE71BE71BE71BE71BE71BE70A
:1026C0001BE71BE71BE71BE71BE71BE71BE71BE7FA
:1026D0001BE71BE71BE71BE71BE71BE71BE71BE7EA
:1026E0001BE71BE71BE71BE71BE71BE71BE71BE7DA
:1026F0001BE71BE71BE71BE71BE71BE71BE71BE7CA
:102700001BE71BE71BE71BE71BE71BE71BE71BE7B9
:102710001BE71BE71BE71BE71BE71BE71BE71BE7A9
:102720001BE71BE71BE71BE71BE71BE71BE71BE799
:102730001BE71BE71BE71BE71BE71BE71BE71BE789
:102740001BE71BE71BE71BE71BE71BE71BE71BE779
:102750001BE71BE71BE71BE71BE71BE71BE71BE769
:102760001BE71BE71BE71BE71BE71BE71BE71BE759
:102770001BE71BE71BE71BE71BE71BE71BE71BE749
:102780001BE71BE71BE71BE71BE71BE71BE71BE739
:102790001CE71BE71BE71BE71BE71CE71BE71BE727
:1027A0001BE71BE71BE71BE71CE71BE71BE71BE718
:1027B0001BE71BE71BE71BE71CE71BE71BE71BE708
:1027C0001BE71BE71CE71BE71BE71BE71BE71BE7F8
:1027D0001BE71BE71BE71BE71BE71CE71BE71BE7E8
:1027E0001BE71BE71BE71BE71BE71BE71BE71BE7D9
:1027F0001BE71BE71BE71BE71BE71BE71BE71BE7C9
:102800001BE71BE71BE71BE71CE71BE71BE71BE7B7
:102810001BE71BE71BE71BE71BE71BE71BE71BE7A8
:102820001CE71CE71BE71CE71CE71CE71BE71BE793
:102830001BE71BE71BE71BE71BE71BE71BE71BE788
:102840001BE71BE71CE71BE71BE71BE71BE71BE777
:102850001BE71BE71BE71BE71BE71BE71BE71BE768
:102860001BE71BE71BE71BE71BE71BE71BE71BE758
:102870001BE71BE71BE71BE71BE71BE71BE71BE748
:102880001BE71BE71CE71BE71BE71BE71BE71BE737
:102890001BE71BE71BE71BE71BE71BE71BE71BE728
:1028A0001BE71BE71BE71BE71BE71BE71BE71BE718
:1028B0001BE71BE71BE71BE71BE71BE71BE71BE708
:1028C0001BE71BE71BE71BE71BE71BE71BE71BE7F8
:1028D0001BE71BE71CE71BE71BE71BE71CE71BE7E6
:1028E0001BE71BE71BE71BE71BE71BE71BE71BE7D8
:1028F0001BE71BE71BE71BE71BE71CE71BE71BE7C7
:102900001BE71BE71BE71BE71BE71BE71BE71BE7B7
:102910001BE71BE71BE71BE71BE71BE71BE71BE7A7
:102920001BE71BE71BE71BE71BE71BE71BE71BE797
:102930001BE71BE71BE71BE71BE71BE71BE71BE787
:102940001BE71BE71CE71BE71BE71BE71BE71BE776
:102950001BE71BE71BE71BE71BE71BE71BE71BE767
:102960001BE71BE71BE71CE71BE71BE71BE71BE756
:102970001BE71BE71BE71BE71BE71BE71BE71BE747
:102980001BE71BE71BE71BE71CE71BE71BE71BE736
:102990001BE71BE71BE71BE71BE71BE71BE71BE727
:1029A0001BE71BE71BE71BE71BE71BE71BE71BE717
:1029B0001BE71BE71BE71BE71BE71BE71BE71BE707
:1029C0001BE71BE71BE71BE71BE71BE71BE71BE7F7
:1029D0001BE71BE71BE71BE71BE71BE71BE71BE7E7
:1029E0001BE71BE71BE71BE71BE71BE71BE71BE7D7
:1029F0001BE71BE71BE71BE71BE71BE71BE71BE7C7
:102A00001BE71BE71BE71BE71BE71BE71BE71BE7B6
:102A10001BE71BE71BE71BE71BE71BE71BE71BE7A6
:102A20001BE71BE71BE71BE71BE71BE71BE71BE796
:102A30001BE71BE71BE71BE71BE71BE71BE71BE786
:102A40001BE71BE71BE71BE71BE71BE71BE71BE776
:102A50001BE71BE71BE71BE71BE71BE71BE71BE766
:102A60001BE71BE71BE71BE71BE71BE71BE71BE756
:102A70001BE71BE71BE71BE71BE71BE71BE71BE746
:102A80001BE71BE71BE71BE71BE71BE71BE71BE736
:102A90001BE71BE71BE71BE71BE71BE71BE71BE726
:102AA0001BE71BE71BE71BE71BE71BE71BE71BE716
:102AB0001BE71BE71BE71BE71BE71BE71BE71BE706
:102AC0001BE71BE71BE71BE71BE71BE71BE71BE7F6
:102AD0001BE71BE71BE71BE71BE71BE71BE71BE7E6
:102AE0001BE71BE71BE71BE71BE71BE71BE71BE7D6
:102AF0001BE71BE71BE71BE71BE71BE71BE71BE7C6
:102B00001BE71BE71BE71BE71BE71BE71BE71BE7B5
:102B10001BE71BE71BE71BE71BE71BE71BE71BE7A5
:102B20001BE71BE71BE7FBDE1BE71BE71BE71BE7BE
:102B30001BE71BE71BE71BE71BE71BE71BE71BE785
:102B40001BE71BE71BE71BE71BE71BE71BE71BE775
:102B50001BE71BE71BE71BE71BE71BE71BE71BE765
:102B60001BE71BE71BE71BE71BE71BE71BE71BE755
:102B70001BE71BE71BE71BE71BE71BE71BE71BE745
:102B80001BE71BE71BE71BE71BE71BE71BE71BE735
:102B90001BE71BE71BE71BE71BE71BE71BE71BE725
:102BA0001BE71BE71BE71BE71BE71CE71BE71BE714
:102BB0001BE71BE71BE71BE71BE71BE71BE71BE705
:102BC0001BE71BE71BE71BE71BE71BE71BE71BE7F5
:102BD0001BE71BE71BE71CE71BE71BE7FBDE1BE70D
:102BE000FBDEFBDE1BE7FBDE1BE71BE71BE71BE750
:102BF0001BE71BE7FBDE1BE71BE71BE71BE71BE7EE
:102C00001BE71BE71BE71BE71BE71BE71BE71BE7B4
:102C10001BE71BE71BE71BE71BE71BE71BE71BE7A4
:102C20001BE71BE71BE71BE71BE71BE71BE71BE794
:102C30001BE71BE71BE71BE71BE71CE71BE71BE783
:102C40001BE71BE71BE71BE71BE71BE71BE71BE774
:102C50001BE71BE71BE71BE71BE71BE71BE71BE764
:102C60001BE71BE71BE71BE71BE71BE71BE71BE754
:102C70001BE71BE71BE71BE71BE71BE71BE71BE744
:102C80001BE71BE71BE71BE71BE71BE71BE71BE734
:102C90001BE71BE71BE71BE71BE71CE71BE71BE723
:102CA0001BE71BE71BE71BE71BE71BE71BE71BE714
:102CB0001BE71BE71BE71BE71BE71BE71BE71BE704
:102CC0001BE71BE71BE71BE71BE71BE71BE71BE7F4
:102CD000FBDE1BE758C699D61BE7DADE7DEF5DEF1A
:102CE000DFFFBEF79DF7DFFF18C6FBDE929454A509
:102CF00038C675ADFBDE9AD61BE71BE71BE71BE763
:102D00001BE71BE71CE71BE71BE71BE71BE71BE7B2
:102D10001BE71BE71BE71BE71BE71BE71BE71BE7A3
:102D20001BE71BE71BE71BE71BE71BE71BE71BE793
:102D30001BE71BE71BE71BE71BE71BE71BE71BE783
:102D40001BE71BE71BE71BE71BE71BE71BE71BE773
:102D50001BE71BE71BE71BE71BE71BE71BE71BE763
:102D60001BE71BE71BE71BE71BE71BE71BE71BE753
:102D70001BE71BE71BE71BE71BE71BE71BE71BE743
:102D80001BE71BE71BE71BE71BE71BE71BE71BE733
:102D90001BE71BE71BE71BE71BE71BE71BE71BE723
:102DA0001BE71BE71BE71BE71BE71BE71BE71BE713
:102DB0001BE71BE71BE71BE71BE71BE71BE71BE703
:102DC0001BE71BE71BE71BE71BE71BE71BE71BE7F3
:102DD000BAD61BE7718C34A5DEFF38C6BEF7BEF746
:102DE0001CE7BEF7F7BD99D6308414A5894A0C5B61
:102DF000918C8E6B99D696B51BE73CE71CE71BE7D9
:102E00001BE71BE71CE71BE71BE71BE71BE71BE7B1
:102E10001BE71BE71BE71BE71BE71BE71BE71BE7A2
:102E20001BE71BE71BE71BE71BE71BE71BE71BE792
:102E30001BE71BE71CE71CE71BE71BE71BE71BE780
:102E40001BE71BE71BE71BE71BE71BE71BE71BE772
:102E50001BE71BE71BE71BE71BE71BE71BE71BE762
:102E60001BE71BE71BE71BE71BE71BE71BE71BE752
:102E70001BE71BE71BE71BE71BE71BE71BE71BE742
:102E80001BE71BE71BE71BE71BE71BE71BE71BE732
:102E90001BE71BE71BE71BE71BE71BE71BE71BE722
:102EA0001BE71BE71BE71BE71BE71BE71BE71BE712
:102EB0001BE71BE71BE71BE71BE71BE71BE71BE702
:102EC0001BE71BE71BE71BE71BE71BE71BE71BE7F2
:102ED000DAD61CE7929475AD5DEF38C6BEF77DEF8C
:102EE0003CE79EEF17C6DAD6518455A58A4A6E6B29
:102EF000D29CCF739AD6D6BD1BE73CE71BE71BE7F6
:102F00001BE71BE71BE7FBE61BE71BE71BE71BE7D2
:102F10001BE71BE71BE71BE71BE71BE71BE71BE7A1
:102F20001BE71BE71BE71BE71BE71BE71BE71BE791
:102F30001BE71BE71BE71BE71BE71BE71BE71BE781
:102F40001BE71BE71BE71BE71BE71CE71BE71BE770
:102F50001BE71BE71BE71BE71BE71BE71BE71BE761
:102F60001BE71BE71BE71BE71BE71BE71BE71BE751
:102F70001BE71BE71BE71BE71BE71BE71BE71BE741
:102F80001BE71BE71BE71BE71BE71BE71BE71BE731
:102F90001BE71BE71BE71BE71BE71BE71BE71BE721
:102FA0001BE71BE71BE71BE71BE71BE71BE71BE711
:102FB0001BE71BE71BE71BE71BE71BE71BE71BE701
:102FC0001BE71BE71BE71BE71BE71BE71BE71BE7F1
:102FD000DBDE1BE7B29495ADFCDE18BE5DEF3CE78F
:102FE0003CE77DEF17C6DAD6518455A5AA4A4D6352
:102FF000B294CF739AD6D6BD1BE73CE7FBDE1BE746
:103000001BE71BE71BE71BE71BE71BE71BE71BE7B0
:103010001BE71BE71BE71BE71BE71BE71BE71BE7A0
:103020001BE71BE71BE71BE71BE71BE71BE71BE790
:103030001BE71BE71BE71BE71BE71BE71BE71BE780
:103040001BE71CE71BE71BE71BE71BE71BE71BE76F
:103050001BE71BE71CE71BE71BE71CE71BE71BE75E
:103060001BE71BE71BE71BE71BE71BE71BE71BE750
:103070001BE71BE71BE71BE71BE71BE71BE71BE740
:103080001BE71BE71BE71BE71BE71BE71BE71BE730
:103090001BE71CE71BE71BE71BE71BE71BE71BE71F
:1030A0001BE71BE71BE71BE71BE71BE71BE71BE710
:1030B0001BE71BE71BE71BE71BE71BE71BE71BE700
:1030C0001BE71BE71BE71BE71BE71BE71BE71BE7F0
:1030D000DBDE1BE7B29495ADBAD6B7B53CE7FBDEB5
:1030E0003CE75DEF17C6DAD6518455A5AA4A4D6371
:1030F000B294CF739AD6D6BDFBE63CE7FBDEFBE687
:103100001BE71BE71BE71BE71BE71BE71BE71BE7AF
:103110001BE71BE71BE71BE71BE71BE71BE71BE79F
:103120001BE71BE71BE71BE71CE71CE71BE71BE78D
:103130001BE71BE71BE71BE71BE71BE71BE71BE77F
:103140001BE71CE71CE71CE71BE71BE71BE71BE76C
:103150001BE71BE71CE71BE71BE71CE71BE71BE75D
:103160001BE71BE71BE71BE71BE71BE71BE71BE74F
:103170001BE71BE71BE71BE71BE71BE71BE71BE73F
:103180001BE71BE71BE71BE71BE71BE71BE71BE72F
:103190001BE71BE71BE71BE71BE71BE71BE71BE71F
:1031A0001BE71BE71BE71BE71BE71BE71BE71BE70F
:1031B0001BE71BE71BE71BE71BE71BE71BE71BE7FF
:1031C0001BE71BE71BE71BE71BE71BE71BE71BE7EF
:1031D000DBD61BE7B39475AD59CE96ADDBDEBAD620
:1031E0003CE73DE717C6DADE518455A5AA4A6E636F
:1031F000D39CCF739AD6D6BDFBDE3CE7FBDE1BE744
:103200001BE7FBDE1BE71BE71BE71BE71BE71BE7D7
:103210001BE71BE71BE71BE71BE71BE71BE71BE79E
:103220001BE71BE71BE71BE71CE71CE71BE71BE78C
:103230001BE71BE71BE71BE71BE71BE71BE71BE77E
:103240001CE71BE71CE71CE71BE71BE71BE71BE76B
:103250001BE71BE71BE71BE71BE71BE71BE71BE75E
:103260001BE71BE71BE71BE71BE71BE71BE71BE74E
:103270001BE71BE71CE71BE71BE71BE71BE71BE73D
:103280001BE71BE71BE71BE71BE71BE71BE71BE72E
:103290001BE71BE71BE71BE71BE71BE71BE71BE71E
:1032A0001BE71BE71BE71BE71BE71BE71BE71BE70E
:1032B0001BE71BE71BE71BE71BE71BE71BE71BE7FE
:1032C0001BE71BE71BE71BE71BE71BE71BE71BE7EE
:1032D000BAD61BDFB29475ADD7BDB394DAD659CE4A
:1032E0001BE7FBDE17BEBAD6518455A56A4A0C5BB4
:1032F000B394CF739AD6D7BD1BE73CE7FBDEFBDE6A
:103300001BDF1BDFFBDEFBDE1BE7FBDE1BE71BE738
:103310001BE71BE71BE71BE71BE71BE71BE71BE79D
:103320001BE71BE71BE71BE71BE71BE71BE71BE78D
:103330001BE71BE71BE71BE71BE71BE71BE71BE77D
:103340001BE71BE71BE71BE71BE71BE71BE71BE76D
:103350001BE71BE71BE71BE71BE71BE71BE71BE75D
:103360001BE71BE71BE71BE71BE71BE71BE71BE74D
:103370001BE71BE71CE71BE71BE71BE71BE71BE73C
:103380001BE71BE71BE71BE71BE71BE71BE71BE72D
:103390001BE71BE71BE71BE71BE71BE71BE71BE71D
:1033A0001BE71BE71BE71BE71BE71CE71BE71BE70C
:1033B0001BE71BE71CE71BE71CE71BE7BAD61BE76D
:1033C00099D659CEBAD6BAD61CE7DBDE7DEF3CE7FC
:1033D000FFFFBEF77DEF9EEF9DEF9DEFDFFFBEF796
:1033E000DEFFDFFF9DF7DEF77DEF5DE79ACEFCDEC7
:1033F00059C6BBD6D7B518BEB29476ADB294518C2F
:10340000F7BD34A559CE17C6DBDEBAD61BE7FBDE07
:103410001BE7FBDE3CE73CE71BE71BE71BE71BE783
:103420001BE71BE71BE71BE71BE71BE71BE71BE78C
:103430001BE71BE71BE71BE71BE71BE71BE71CE77B
:103440001BE71BE71BE71BE71BE71BE71BE71BE76C
:103450001BE71BE71BE71BE71BE71BE71BE71BE75C
:103460001BE71BE71CE71CE71BE7FBDE1BE71BE773
:103470001BE71BE71BE71BE71BE71BE71BE71BE73C
:103480001BE71BE71BE71BE71BE71BE71BE71BE72C
:103490001BE71BE71BE71BE71BE71BE71BE71BE71C
:1034A0001BE71BE71BE71BE71BE71BE71BE71BE70C
:1034B0001BE71BE738C69AD6B6B5D7BD59CE34A59B
:1034C000DFFFDFFFDFFFDFFFDFFFDEFFDFFFBEF736
:1034D00079CE59CEBAD67ACEFBDEDBD61CE71CDF1E
:1034E000DAD61CDF38C679CE96AD18BEF39C35A56A
:1034F0003184928C8E6BCF73AA520C5BAA52694AAC
:103500006D6B0C633084EF7B79CE75ADDADE9AD6C5
:1035100079CE99D61CE79AD61BE71BE71BE71BE77A
:103520001BE71BE71BE71BE71BE71BE71BE71BE78B
:103530001BE71BE71BE71BE71BE71BE71BE71CE77A
:10354000FBE61BE71BE71BE71BE71BE71BE71BE78C
:103550001BE71BE71BE71BE71BE71BE71CE71BE75A
:103560001BE71BE71BE71BE71CE71BE71BE71BE74A
:103570001BE71CE71BE71BE71BE71BE71BE71BE73A
:103580001BE71BE71BE71BE71CE71CE71BE71BE729
:103590001BE71BE71BE71BE71BE71BE71BE71BE71B
:1035A0001BE71BE71BE71BE71BE71BE71BE71BE70B
:1035B0001BE71BE799CEDBDEF7BD38C638C6D6B5AC
:1035C0007DEF3CE79DF79DF7BEF75DEFDFFF5CEF1A
:1035D00079CE38C6DBDE9AD63CE71CDF3CE73DE718
:1035E000FBDE1CE779CEBAD6D7B538C6349D75ADAB
:1035F000718CD394CF733184EB5A6E6BEB5A8A4A39
:10360000AE736D6B718C508459CED7BDDBDE9AD60C
:10361000B9D679CE5CEFDADE1BE71CE71BE71BE7C8
:103620001BE71BE71BE71BE71BE71BE71BE71BE78A
:103630001BE71BE71BE71BE71BE71BE71BE71BE77A
:103640001BE71BE71BE71BE71BE71BE71BE71BE76A
:103650001BE71BE71BE71BE71BE71BE71CE7FBDE82
:103660001BE71BE71BE71BE71BE71BE71BE71BE74A
:103670001BE71CE71BE71BE71BE71BE71BE71BE739
:103680001BE71BE71BE71BE71CE71CE71BE71BE728
:103690001BE71BE71BE71BE71BE71BE71BE71BE71A
:1036A0001BE71BE71BE71BE71BE71BE71BE71BE70A
:1036B0001BE71BE779CEBAD6D7BD38C6F7BD96ADA6
:1036C0001CE71CDF3DE71CE75DE75DE79DEF7DEF55
:1036D0009AD659C6DBDEBAD61CE7FBDE3CE75CE7D0
:1036E000FBDE1CE759CE9AD6D7BD18C614A575AD1A
:1036F000918CD39CCF733084EB5A6D6BEB5AAA52EA
:10370000CF736D6B928C308438C696AD99D659CEF6
:1037100099D679CE5CEFDADE1BE71CE71BE71BE7E7
:103720001BE71BE71BE71BE71BE71BE71BE71BE789
:103730001BE71BE71CE71CE71BE71BE71BE71BE777
:103740001BE71BE71CE71CE71BE71BE71BE71BE767
:103750001BE71BE71BE71BE71BE71BE71CE71BE758
:103760001BE71BE71BE71BE71BE71BE71BE71BE749
:103770001BE71BE71BE71BE71BE71BE71BE71BE739
:103780001BE71BE71BE71BE71BE71BE71BE71BE729
:103790001BE71BE71BE71BE71BE71BE71BE71BE719
:1037A0001BE71BE71BE71BE71BE71BE71BE71BE709
:1037B0001BE71BE779CEDADED7BD38C6F7BD96AD7D
:1037C000FBDEDBD6FCDEFBDE1CDF1CE75DEF3CE74F
:1037D00099D658C6DBDEBAD61CE7FBDE3CE73CE7F1
:1037E000DBDE1CE779CE9AD6D6BD17C634A575ADFB
:1037F000928CD39CCF733084EB5A4D6BEB5AAA5208
:10380000CF736D6B9294308417C695AD79CE38C660
:1038100099D679CE5CE7DADE1BE71BE71BE71BE7EF
:10382000FBE61BE71BE7FBE61BE71BE71BE71BE7CA
:103830001BE71BE71BE71BE71BE71BE71BE71BE778
:103840001BE71BE71CE71CE71BE71BE71BE71BE766
:103850001BE71BE71BE71CE71BE71BE71BE71BE757
:103860001BE71BE71BE71BE71BE71BE7FBDE1BE771
:103870001BE71BE71BE71BE71BE71BE71BE71BE738
:103880001BE71BE71BE71BE71BE71BE71BE71BE728
:103890001BE71BE71BE71BE71BE71BE71BE71BE718
:1038A0001BE71BE71BE71BE71BE71BE71BE71BE708
:1038B0001BE71BE779CEBAD6D7BD38C6D7B596ADCC
:1038C0009AD67ACEDBDEBAD6DBDEDBDE3CE71BDF68
:1038D00079CE59C6DBDEBAD61BE7FBDE3CE73CE718
:1038E000DBDE1CE779CE9AD6D6BD18C634A575ADF9
:1038F000928CD39CCF733084EB5A4D6BEB5AAA5207
:10390000CF736D6B928C3084F7BD75AD79CE18C6D0
:1039100099D679CE3CE7DADE1BE71BE71BE71BE70E
:103920001BE71BE7FBE6FBE61BE71BE71BE71BE7C9
:103930001BE71BE71BE71BE71BE71BE71BE71BE777
:103940001BE71BE71BE71CE71BE71BE71BE71BE766
:103950001BE71BE71BE71BE71BE71BE71BE71BE757
:103960001BE71BE71BE71BE71BE71CE71BE71CE745
:103970001BE7FBDE1BE71BE71BE71BE71BE71BE760
:103980001BE71BE71BE71BE71BE71BE71BE71BE727
:103990001BE71BE71BE71BE71BE71BE71BE71BE717
:1039A000FBDE1BE71BE7FBDE1BE71BE71BE71BE759
:1039B0001BE71BE779CEBAD6D7BD18C6B7B596AD0B
:1039C00038C638C69AD659CE9AD69AD61CDFDBD6D8
:1039D00079CE59CEDBDEBAD61BE7FBDE3CE73CE70F
:1039E000DBDE1CE759CEBAD6D6BD18C634A595ADD8
:1039F000928CD39CCF733084EB5A6D6BEB5AAA52E6
:103A0000CF736D6B928C107CB6B554A559CEF7BDB3
:103A1000B9D658CE3CE7DADE1BE71BE71BE71BE70E
:103A20001BE71BE7FBE61BE71BE71BE71BE71BE7A7
:103A30001BE71BE71BE71BE71BE71BE71BE71BE776
:103A40001BE71BE71BE71BE71BE71BE71BE71BE766
:103A50001BE71BE71BE71BE71BE71BE71CE71CE754
:103A60001BE71BE71BE71BE71BE71BE71BE71BE746
:103A70001BE7FBDE1BE71BE71BE71BE71BE71BE75F
:103A80001BE71BE71BE71BE71BE71BE71BE71BE726
:103A90001BE71BE71BE71BE71BE71BE71BE71BE716
:103AA0001BE71BE71BE71BE71BE71BE71BE71BE706
:103AB0001BE71BE779CEDADEF7BD18C696AD75AD0C
:103AC000D7BD18BE59CE18C69AD679CEBAD69AD6D0
:103AD00079CE59CEDADEBAD61CE7FBDE3CE75CE7EE
:103AE000DBDE1BDF79CEBAD6D7BD38C634A595AD9F
:103AF000728CD39CAE733084EB5A4D63EC5AAA524D
:103B0000CF738E6B718C3084B6B5139D18C6F7BD1C
:103B100099CE58C61BE7DAD6FBDE1BE71BE71BE78F
:103B20001BE71BE71BE71BE71BE71BE71BE71BE785
:103B30001BE71BE7FBDE1BE71BE71BE71BE71BE79E
:103B40001BE71BE71BE71BE71BE71BE71BE71BE765
:103B50001BE71BE71BE71BE71BE71BE71BE71BE755
:103B60001BE71BE71BE71BE71BE71BE71BE71BE745
:103B70001BE71BE71BE71BE71BE71BE71BE71BE735
:103B80001BE71BE71BE71BE71BE71BE71BE71BE725
:103B90001BE71BE71BE71BE71BE71BE71BE71BE715
:103BA0001BE71BE71BE71BE71BE71BE71BE71BE705
:103BB0001BE71BE779CE9AD6F8BD38C675AD76AD52
:103BC00096B596AD18C6D7BD18C618C69AD659CEA2
:103BD00099CE58C69AD69AD61BE7BAD61BDF3CE7D1
:103BE000FBDEFBDE58CEBAD6D6B5F7BD34A575AD33
:103BF000518CD294CF73107CEC5A4D63EC5A8A529C
:103C0000AE736D6B928C107C75AD34A5F7BDB6B5F7
:103C100078CE38C63CE7B9D6FBDEFBDE1BE71BE7F8
:103C20001BE71BE71BE71BE71BE71BE71BE71BE784
:103C30001BE71BE71BE71BE71BE71BE71BE71BE774
:103C40001BE71BE71BE71BE71BE71BE71BE71BE764
:103C50001BE71BE71BE71BE71BE71BE71BE71BE754
:103C60001BE71CE71BE71BE71BE71BE71BE71BE743
:103C70001BE71BE71BE71BE71BE71BE71BE71BE734
:103C80001BE71BE71BE71BE71BE71BE71BE71BE724
:103C90001BE71BE71BE71BE71BE71BE71BE71BE714
:103CA0001BE71BE71BE71BE71BE71BE71BE71BE704
:103CB000FBDE1BE7D7BD59CE75AD55AD308434A5BD
:103CC000CF7BCF7B8E73CF736E6B8E734D6B4D63DB
:103CD000CE736E6B918C3084F39CF39CB6B575AD4E
:103CE000D6B5D7BD95B5B6B595AD75ADF39C34A534
:103CF000107C92940C5B8E6B694AAB52494A284205
:103D0000EB5AAB524D630C638D6BAE739294EF7BA9
:103D1000B6B554A5B9D6F6BDFBDE1BDFFBE6FBDE70
:103D20001BE71BE71BE71BE71BE71BE71BE71BE783
:103D30001BE71BE71BE71BE71BE7FBDE1BE71BE79C
:103D40001BE71BE71CE71BE71BE71BE71BE71BE762
:103D50001BE7FBDE1BE71BE71BE71BE71BE71BE77C
:103D60001BE71BE71BE71BE71BE71BE71BE71BE743
:103D70001BE71BE71BE71BE71BE71BE71BE71BE733
:103D80001BE71BE71BE71BE71BE71BE71BE71BE723
:103D90001BE71BE71BE71BE71BE71CE71BE71BE712
:103DA0001BE71BE71BE71BE71BE71BE71BE71BE703
:103DB0001BE71BE75DEF7DEF5DEF3CE79EF79EF7AE
:103DC0009DEF9DEF9DEF9DF79EF79DEF7DEF7DEFC2
:103DD0009DEF9DEF9DF79DEF9DF79DEFBEF7BEF721
:103DE000BEF7BEF7BEF79EF7BEF79EF7BEF7BEF76B
:103DF0009EF79EF79EEF9EEF7DEF7DEF9EEF7DEFAE
:103E00007DEF7DEF9DF79EEF9DEF9DF79EF79DEF78
:103E10007DEFBDF7BDF77DEFFBDE1CE7FBDEFBDED4
:103E20001BE71BE71BE71BE71BE71BE71CE71BE781
:103E30001BE71CE71BE71BE71BE71BE71BE71BE771
:103E40001BE71BE71BE71BE71BE71BE71BE71BE762
:103E50001BE71BE71BE71BE71CE71CE71BE71BE750
:103E60001BE71BE71BE71BE71BE71BE71BE71BE742
:103E70001BE71BE71BE71BE71BE71BE71BE71BE732
:103E80001BE71BE71BE71BE71BE71BE71BE71BE722
:103E90001BE71BE71BE71BE71BE71CE71BE71BE711
:103EA0001BE71BE71BE71BE71BE71BE71BE71BE702
:103EB0001BE71BE7FEFFBEF7DEF7FEFFDFFFDEFFBF
:103EC000DFFFDFFFDFFFDFFFFFFFFFFFDFFFFFFFA2
:103ED000DEF7DEF7DEF7DEF7DEF7BEF7DEF7DEFF52
:103EE0005CEFBEF7BEF7DFFFBEF7DEFFDEF7DEF703
:103EF000DEF7DEF7DEF7DEF7DEF7DEF7DEF7DEF71A
:103F0000DEF7DEF7BEF7DFF7DFFFDFFFFFFFFFFFC4
:103F1000DEF7DEF7DEFFBEF7FBDE1CE71BE71BE785
:103F20001BE71BE71BE71BE71BE71BE71CE71BE780
:103F30001BE71CE71BE71BE71BE71BE71BE71BE770
:103F40001BE71BE71BE71BE71BE71BE71BE71BE761
:103F50001BE71BE71BE71BE71CE71CE71BE71BE74F
:103F60001BE71BE71BE71BE71BE71BE71BE71BE741
:103F70001BE71BE71BE71BE71BE71BE71BE71BE731
:103F80001BE71BE71BE71BE71BE71BE71BE7FBDE4A
:103F90001BE71BE71BE71BE71BE71BE71BE71BE711
:103FA0001BE71BE71BE71BE71BE71BE71BE71BE701
:103FB0001BE71BE7DEF7DEF7DEF7DEF7DFF7DEF7FE
:103FC000DFFFDFFFFFFFFFFFDFFFFFFFDFFFFFFF81
:103FD000DEF7BEF7DEF7DEF7DEF7DEF7DEF7DEF759
:103FE000BEF7BEF7BEF77DEFBEF75CEFDEF7BEF7BC
:103FF000DEF7DEF7DEF7DEF7DEF7DEF7BEF7DEF739
:10400000DEF7DEF7BEF7DEF7DFFFDEFFFFFFFFFFC5
:10401000DEF7DEF7FEFFDEF71BE73CE71BE71BE7FB
:104020001BE71BE71BE71BE71BE71BE71BE71BE780
:104030001BE71BE71BE71BE71BE71BE71BE71BE770
:104040001BE71BE71BE71BE71BE71BE71BE71BE760
:104050001BE71BE71BE7FBDE1BE71BE7FBDE1BE7A2
:104060001BE71BE71BE71BE71BE71BE71BE71BE740
:104070001BE71BE71BE71BE71BE71BE71BE71BE730
:104080001BE71BE71BE71BE71BE71BE71BE71BE720
:104090001BE71BE71BE71BE71BE71BE71BE71BE710
:1040A0001BE71BDF1BE71BE71CE71BE71BE71BE707
:1040B0001BE71BE7DEFFDEF7DEF7DEF7DFF7DEF7F5
:1040C000DFFFDFF7FFFFFFFFDFFFFFFFFFFFDFFF88
:1040D000DEF7DEF7DEF7DEF7DEEFDEF7DEEFDEEF50
:1040E000FBDEDEF7CE7B718CBEF7BEF7DEEFDEF7D0
:1040F000DEF7DEEFBEF7DEF7DEEFDEF7DEEFDEEF58
:10410000DEEFDEEFBEF7DEEFFFFFDEFFDFFFFFFFDC
:10411000DEF7DEF7DEFFBEF71BE73CE71BE71BE73A
:104120001BE71BE71BE71BE71BE71BE71BE71CE77E
:104130001BE71BE71BE71BE71BE71BE71BE71BE76F
:104140001BE71BE71BE71BE71BE71BE71BE71BE75F
:104150001BE71BE7FCE61BE71BE7FCE61CE71BE78E
:104160001BE71BE71BE71BE71BE71BE71BE71BE73F
:104170001BE71BE71BE71BE71BE71BE71BE71BE72F
:104180001BE71BE71BE71BE71BE71BE71BE71BE71F
:104190001BE71BE71BE71BE71BE71BE71BE71BE70F
:1041A0001BE71BDF1BE71BE71CE71BE71BE71BE706
:1041B0001BE71BE7DDF7BEF7DEEFDDEFDEEFBDEF60
:1041C000DEFFDFFFFFFFDFFFDFFFFFFFDFFFDFFFC0
:1041D000BDF7BEF7BDEFBDF7DDEFDDEFDDEFDDEFE6
:1041E00099CEBDEF8529AA52BEEF7DEFDEEFBDEF80
:1041F000DDEFDDEFBDEFBDEFBDEFBDEFBDEFBDEF1F
:10420000DEEFBDEFBDF7DDEFDEFFBEF7DFFFDFFF67
:10421000BDEFDEF7DEF7BDEF1BE71CE71BE71BE793
:104220001BE71BE71BE71BE71BE71BE71BE71CE77D
:104230001BE71BE71BE71BE71BE71BE71BE71BE76E
:104240001BE71BE71BE71BE71BE71BE71BE71BE75E
:104250001CE71BE71BE71BE71BE71BE71CE71BE74C
:104260001BE71BE71BE71BE71BE71BE71BE71BE73E
:104270001BE71BE71BE71BE71BE71BE71BE71BE72E
:104280001BE71BE71BE71BE71BE71BE71BE71BE71E
:104290001BE71BE71BE71BE71BE71BE71BE71BE70E
:1042A0001BE71BE71BE71BE71BE71BE71BE71BE7FE
:1042B0001BE71BE7DDEFBDF7DDEFDDEFDEF7DDEF41
:1042C000FFFFFFFFDFFFDEFFFFFFDFFFFFFFDFFF7F
:1042D000DDEFBDF7BDEFBDEFDDEFBDEFDEEFDDEFF5
:1042E000DAD6DEEFA631694A9DEF5DE77CE7FEF79F
:1042F000BDEFBDEFBDEFBDEFBDEFBDEFBDEFBDEF5E
:10430000BDEFDDEF9DEFBDEFDEFFDEF7FFF7DEFF78
:10431000DDEFBEF7BEF7BDEF1BE73CE71BE71BE792
:104320001CE71BE71CE71BE71CE71CE71BE71BE779
:104330001CE71BE71BE71BE71BE71BE71BE71BE76C
:104340001BE71BE71BE71BE71BE71BE71BE71BE75D
:104350001BE71BE71BE71BE71BE71BE71BE71BE74D
:104360001BE71CE71BE71BE71BE71BE71BE71BE73C
:104370001BE71BE71BE71BE71BE71BE71BE71BE72D
:104380001BE71BE71BE71BE71BE71BE71BE71BE71D
:104390001BE71BE71BE71BE71BE71BE71BE71BE70D
:1043A0001BE71BE71BE71BE71BE71BE71BE71BE7FD
:1043B0001CE71CE7DDEFDDEFDDEFDDEFDEF7DDEF26
:1043C000DFFFDFFFDFFFDFFFFFFFDEFFFFFFDFFFBE
:1043D000BDEF9DEFBDEFBDEF9DE7BDE77CE7BDEF16
:1043E00037C6BDEF8529AA529DE77DE7BEEF7CE782
:1043F000BDEF5CDFBDEFBDEFBDEFBDEFBDEFBDEFCE
:10440000BDEFBDEF9DEFBDEFDEFFBDF7FFF7FEF7A0
:10441000DDE7BEEFDEF7BDEF1BE73CE71BE71BE781
:104420001BE71BE71BE71BE71BE71BE71BE71BE77C
:104430001BE71BE71BE71BE71BE71BE71BE71BE76C
:104440001BE71BE71BE71BE71BE71BE71BE71BE75C
:104450001BE71BE71BE71BE71BE71BE71BE71BE74C
:104460001BE71CE71BE71BE71BE71BE71BE71BE73B
:104470001BE71BE71BE71BE71BE71BE71BE71BE72C
:104480001BE71BE71BE71BE71BE71BE71BE71BE71C
:104490001BE71BE71BE71BE71BE71BE71BE71BE70C
:1044A0001BE71BE71BE71BE71BE71BE71BE71BE7FC
:1044B0001CE71CE7DCE7BDEFDCE7DCE7DDEFBDE791
:1044C000DFFFDFFFDFFFFFFFFFFFDEFFFFFFDEFF9E
:1044D000BDE79DEFBDEFBDE71BDFBDEFF7BD78C6C4
:1044E00033A595B5E7394842D294F39C918C50841A
:1044F0009DE73BDFBDE7BDE7BDE7BDE7BDE7BDE746
:10450000BCE7BDE79DE79DE7DEFFBDF7DEF7DEF721
:10451000BDE7BDEFDEEF9DE71BE73CE71BE71BE7D1
:104520001BE71BE71BE71BE71BE71BE71BE71BE77B
:104530001BE71BE71BE71BE71BE71BE71BE71BE76B
:104540001BE71BE71BE71BE71BE71BE71BE71BE75B
:104550001BE71BE71BE71BE71BE71BE71BE71BE74B
:104560001BE71BE71BE71BE71BE71BE71BE71BE73B
:104570001BE71BE71BE71BE71BE71BE71BE71BE72B
:104580001BE71BE71BE71BE71BE71BE71BE71CE71A
:104590001BE71BE71BE71BE71BE71BE71BE71BE70B
:1045A0001BE71BE71BE71BE71BE71BE71BE71BE7FB
:1045B0001BE71BE7DCE79DE7DCE7DCE7BDEFBDE7DA
:1045C000DFFFFFF7DFFFDFFFFFFFDFFFFFFFDEFFA4
:1045D000BDE79DEFBDE7BDE738C69DEF8D73EF7B6F
:1045E0000B634D732842694AE3186529410881101D
:1045F0009CE758C6BCE7BCE7BCE7BCE7BCE7BCE748
:104600009CE7BCE79CE79CE7DEF7BDEFDEF7DEF753
:10461000BCDFBDEFBDEFBDE71BE73CE71BE71BE7DA
:104620001BE71BE71BE71BE71BE71BE71BE71BE77A
:104630001BE71BE71BE71BE71BE71BE71BE71BE76A
:104640001BE71BE71BE71BE71BE71BE71BE71BE75A
:104650001BE71BE71BE71BE71BE71BE71CE71BE749
:104660001BE71BE71BE71BE71BE71BE71BE71BE73A
:104670001BE71BE71BE71BE71BE71BE71BE71BE72A
:104680001BE71BE71BE71BE71BE71BE71BE71BE71A
:104690001BE71BE71BE71BE71BE71BE71BE71BE70A
:1046A0001BE71BE71CE71BE71BE71BE71BE71BE7F9
:1046B0001BE71BE7BCE79CE7DCE7BCDFDDEFBCDF0B
:1046C000DEF7DEF7BEF7DEF7DFFFDEF7DEF7BEF779
:1046D000BCE79CE7BCE7BCDF16B6BCDF4C63AD6B48
:1046E000CA5ACA52073A8A526108032120000000C0
:1046F0009CDF18BEBCDFBCDFBCE7BCDFBCDF9CDFDF
:10470000BCE7BCDF9CDFBDE7DEF7BDEFFFF7DEF700
:10471000BCDFBDEFBDEF9CE71BE73CE71BE71BE7FA
:104720001BE71BE71BE71BE71BE71BE71BE71BE779
:104730001BE71BE71BE71BE71BE71BE71BE71BE769
:104740001BE71BE71BE71BE71BE71BE71BE71BE759
:104750001BE71CE71BE71BE71BE71BE71BE71BE748
:104760001BE71BE71BE71BE71BE71BE71BE71BE739
:104770001BE71BE71BE71BE71BE71BE71BE71BE729
:104780001BE71BE71BE71BE71BE71BE71BE71BE719
:104790001BE71BE71BE71BE71BE71BE71BE71BE709
:1047A0001BE71BE71CE71BE71BE71BE71BE71BE7F8
:1047B0001BE71BE7BCE79DE7BCDFBCDFBDEFBCDF51
:1047C000DEF7DEF7DEFFDEFFDEFFDEFFDEF7DEF721
:1047D000BCDF7CDFBCDF9CDF7BD7BCDF7BDF7BDF2C
:1047E00017C65BDFE63928423BDFDBD65CDF1BD731
:1047F0009CDFBEEFBCDFBCDF9CDFBCDF9CDF9CDF4F
:10480000BCDF9CDF9CDFBDDFDEF7BDEFFFF7DEF72F
:10481000BCDF9DE7BDEF9CE71BE73CE71BE71BE721
:104820001BE71BE71BE71BE71BE71BE71BE71BE778
:104830001BE71BE71BE71BE71BE71BE71BE71BE768
:104840001BE71BE71BE71BE71CE71BE71BE71CE756
:104850001BE71CE71BE71BE71BE71BE71BE71BE747
:104860001BE71BE71BE71BE71BE71BE71BE71BE738
:104870001BE71BE71BE71BE71BE71BE71BE71BE728
:104880001BE71BE71BE71BE71CE71CE71BE71CE715
:104890001BE71BE71BE71BE71BE71BE71BE71BE708
:1048A0001CE71BE71BE71BE71BE71BE71BE71BE7F7
:1048B0001CE71BE7BCDF9CE7BCDFBCDFBDE79CDF80
:1048C000DEF7DEF7DEFFDEFFFEF7DEFFDEF7DEF708
:1048D0009CDF7CDF9CDF9CDF9CDF9CDF7BD7BCDF29
:1048E00079CE7CDFE631494A7CDF7DE75BD77CDF30
:1048F0009CDF9CDF9CDF9BDF9BDF9CDF9BDF9BDFE4
:104900009CDF9BDF9CD7BCDFBEF7DDEFDEF7BEF799
:104910009BDFBDE79DE79CDF1BE73CE71BE71BE751
:104920001BE71BE71BE71BE71BE71BE71BE71BE777
:104930001BE71BE71BE71BE71BE7FBE61BE71BE788
:104940001BE71BE71BE71BE71BE71BE71BE71BE757
:104950001BE71BE71BE71BE71BE71BE71BE71BE747
:104960001BE71BE71BE71BE71BE71BE71BE71BE737
:104970001BE71BE71BE71BE71BE71BE71BE71BE727
:104980001BE71BE71BE71BE71BE71BE71BE71BE717
:104990001BE71BE71BE71BE71BE71BE7FBDE1BE730
:1049A0001BE71BE71BE71BE71BE71BE71CE71BE7F6
:1049B0001BE71BE7BCDF9CE7BBDFBBD7BCE79CDF8B
:1049C000DEF7DEF7DEF7DEF7DEF7DEFFDEF7DEEF3F
:1049D0009BD79CDF9BD79BD77BD7BCDFDCDFBCDFC3
:1049E000BACE7CDFE631483ABCDF7DEFBCDF7BD757
:1049F0009BDF7ACF9BD79BD77BD79BD79BD79BD768
:104A00009BD79BD79CD79CD7BDEFDDE7DEF7BDF7E3
:104A10009BD79DE79DE79BDFFBDE3CE71BE71BE7A2
:104A20001BE71BE71BE71BE71BE71BE71BE71BE776
:104A30001BE71BE71BE71BE71BE71BE71BE71BE766
:104A40001BE71BE71BE71BE71BE71BE71BE71BE756
:104A50001BE71BE71BE71BE71BE71BE71BE71BE746
:104A60001BE71BE71BE71BE71BE71BE71BE71BE736
:104A70001BE71BE71BE71BE71BE71BE71BE71BE726
:104A80001BE71BE71BE71BE71BE71BE71BE71BE716
:104A90001BE71BE71BE71BE71CE71BE71BE71CE704
:104AA0001BE71BE71BE71BE71BE71BE71CE71BE7F5
:104AB0001CE71BE7BCD79CE7DBD7BBD79CE79BDF9A
:104AC000DEEFDEF7DEF7DEF7DEF7DEF7DEEFDEEF56
:104AD000BBD79CDF9BD79BD7BBD7BBD79BD7BBD7BD
:104AE00017B69CDF031107327ACF5CDFBAD7DBDF62
:104AF0009BD7BBD79BD79BD79BD79BD79BD79BD706
:104B00007BD79BD79BCF9BD7DEEFBCE7DEEFBDF714
:104B10009BD79CDF9CE77BD7FBDE3CE71BE71BE7D3
:104B20001BE71BE71BE71BE71BE71BE71BE71BE775
:104B30001BE71BE71BE71BE71BE71BE71BE71BE765
:104B40001BE71BE71BE71BE71BE71BE71BE71BE755
:104B50001BE71BE71BE71BE71BE71BE71BE71BE745
:104B60001BE71BE71BE71BE71BE71BE71CE71CE733
:104B70001BE71CE71BE71BE71BE71BE71BE71BE724
:104B80001BE71BE71BE71BE71BE71BE71BE71BE715
:104B90001BE71BE71BE71BE71BE71BE71CE71CE703
:104BA0001BE71BE71BE71BE71BE71BE71BE71BE7F5
:104BB0001CE71BE79BCF9CDFDBCFBACF9CE79BD7E3
:104BC000DEEFDDEFDEF7DEF7DEF7DEF7FEEFDEEF3E
:104BD000BBD79CDF9BCF9BD7BBD79BCF9BCF9BD714
:104BE0009CDF9BD7B9C6DAC69BD7DDE79ACF9AD7A9
:104BF0009BD7BACF9BD79BD79BCF9BD79BD79BCF1E
:104C00009BD79BD77BCF9BD7BDEFDCE7DDEFBDF715
:104C10009BD79CDFBDE77BCFFBDE5CE71BE71BE799
:104C2000FBDE1BE71BE71BE71BE71BE71BE71BE79D
:104C30001BE71BE71BE71BE71BE71BE71BE71BE764
:104C40001BE71BE71BE71BE71BE71BE71BE71BE754
:104C50001BE71BE71BE71BE71BE71BE71CE71BE743
:104C60001BE71BE71BE71BE71BE71BE71CE71CE732
:104C70001BE71CE71BDF1BE71BE71BE71BE71BE72B
:104C80001BE71BE71BE71BE71BE71BE71BE71BE714
:104C90001BE71BE71BE71BE71BE71BE71CE71CE702
:104CA0001BE71BE71BE71BE71BE71BE71BE71BE7F4
:104CB0001CE71BE7BBCF9CDFDBCFDBCF9CE79BD7A1
:104CC000DEEFDDEFDEF7DEF7DEF7DEF7DEEFDEEF5D
:104CD000BBCF7BD79BCFBBCF9BCF9ACF9BCF9BCF5D
:104CE000BBD79BCF9BD77AC79BD75AC79ACF9ACFB0
:104CF0007ACFBACF7ACF7ACF7BD77ACF9BCF7BD7F9
:104D00009BD79BCF7BCF9BCFDDEFBCDFDDEFBDEF34
:104D10009ACF9CDFBDE75ACFFBDE5CE7FBDE1BE7EB
:104D20001BE71BE71BE71BE71BE71BE71BE71BE773
:104D30001BE71BE71BE71BE71BE71BE71BE71BE763
:104D40001BE71BE71BE71BE71CE71BE71BE71CE751
:104D50001CE71CE71BE71BE71BE71BE71CE71BE740
:104D60001BE71BE71BE71BE71BE71BE71BE71BE733
:104D70001BE71BE71BE71BE71BE71BE71BE71BE723
:104D80001BE71BE71BE71BE71BE71BE71BE71BE713
:104D90001BE71BE71CE71CE71BE71BE71BE71BE701
:104DA0001BE71BE71BE71BE71BE71BE71BE71BE7F3
:104DB0001CE71BE79AC79CDFDBCFBAC79BDF9AD7FC
:104DC000DEEFFDEFDEF7DEEFDEF7DEF7DEEFDEEF44
:104DD0009ACF7BD79ACF9ACF9ACF9ACF9ACF9BCFA1
:104DE0007AC79ACF7AC7BACF9ACFBBCF7ACF9ACFAA
:104DF0007ACF9ACF7ACF7ACF9ACF7ACF9ACF9ACFEB
:104E00007ACF9ACF7ACF9ACFDDE7BBDFBDE7BDEF90
:104E10009ACF9CD7DDE75ACF1BE73CE71BE71BE7A0
:104E20001BE71BE71BE71BE71BE71BE71BE71BE772
:104E30001CE71BE71BE71BE71BE71BE71BE71BE761
:104E40001BE71BE71BE71BE71BE71BE71BE71BE752
:104E50001BE71BE71BE71BE7FBDE1BE71BE7FBDE94
:104E60001BE71BE71BE71BE71BE71BE71CE71CE730
:104E70001BE71BE71BE71BE71BE71BE71BE71BE722
:104E80001BE71BE71BE71BE71BE71BE71BE71BE712
:104E90001BE71BE71BE71BE71BE71BE71BE71BE702
:104EA0001BE71BE71BE71BE71BE71BE71BE71BE7F2
:104EB0001CE71BE7BAC79CDFBACFDAC7BBDF9BCFC3
:104EC000DEEFDEF7DEEFDEEFDEEFDEF7DEEFDEEF6A
:104ED0009AC77ACF9AC79AC79ACF9AC79AC79AC7DA
:104EE000BACF9AC77AC759BF7ACF9ACF9ACF9ACFFB
:104EF0007ACF7ACF7ACF7ACF9ACF7ACF7ACF9ACF2A
:104F00007ACF7AC77AC79ACFBDE7BCD7BCE79CE710
:104F10009AC77BD7BDE75ACF1BE73CE71BE71BE7E8
:104F20001BE71BE71BE71BE71BE71BE71BE71BE771
:104F30001BE71BE71BE71BE71BE71CE7FBDE1BE789
:104F40001BE71BE71BE71BE71BE71BE71BE71BE751
:104F50001BE71BE71BE71BE71BE71BE71BE71BE741
:104F60001BE71BE71BE71BE71BE71BE71CE71CE72F
:104F70001BE71BE71BE71BE71CE71CE71BE71BE71F
:104F80001BE71BE71BE71BE71BE71BE71BE71BE711
:104F90001BE71BE71BE71BE71BE71BE71BE71BE701
:104FA0001BE71BE71BE71BE71BE71BE71BE71BE7F1
:104FB0001CE71BE7BABF9CDFBAC7DABFBCDFBAC7C2
:104FC000DEEFDEF7DEEFDEEFBDF7DEEFDEEFDDF783
:104FD0009AC75AC79AC79AC79AC79AC79AC79AC709
:104FE0009AC79AC79ACF9ACF9ACF9ACF7ACF7AC7D1
:104FF0007AC77AC77AC77AC77AC79AC77AC77AC789
:1050000079C77AC759C79AC7BDE79CD7DDE79CE740
:1050100079C79ACF9CDF39C71BE73CE71BE71BE743
:105020001BE71BE71BE71BE71BE71BE71BE71BE770
:105030001BE71BE71BE71BE71BE71CE71BE71BE75F
:105040001CE71BE71BE71BE71BE71BE71BE71BE74F
:105050001BE71BE71BE71BE71BE71BE71BE71BE740
:105060001BE71BE71BE71BE71BE71BE71BE71BE730
:105070001BE71BE71BE71BE71CE71CE71BE71BE71E
:105080001BE71BE71BE71BE71BE71BE71BE71BE710
:105090001BE71BE71BE71BE71BE71BE71BE71BE700
:1050A0001BE71BE71BE71BE71BE71BE71BE71BE7F0
:1050B0001BE71BE7BABF9BDFBAC7D9BFBCD79AC7EC
:1050C000DEEFDEEFDDE7DEEF9DEFDEF7DDEFBDEFDC
:1050D0009AC75AC799C79AC79AC799C79AC79AC70A
:1050E0009ABF9AC79ACF9AC77AC79ACF79C779C712
:1050F0007AC79AC779C77AC77AC77AC779C77AC78A
:1051000079C77AC759BF79C7BDE79BD7BCE79CE78A
:1051100079C77ACF9CE739C7FBDE5CE7FBE6FBE6A5
:105120001BE71BE71BE71BE71BE71BE71BE71CE76E
:105130001BE71BE71BE71BE71BE71BE71BE71BE75F
:105140001CE71BE71BE71BE71BE71BE71BE71BE74E
:105150001BE71BE71BE71BE71BE71BE71BE71BE73F
:105160001BE71BE71BE71BE71BE71BE71BE71BE72F
:105170001BE71BE71BE71BE71BE71BE71BE71BE71F
:105180001BE71BE71BE71BE71CE71CE71BE71BE70D
:105190001BE71BE71BE71BE71BE71BE71BE71BE7FF
:1051A0001BE71BE71BE71BE71BE71BE71BE71BE7EF
:1051B0001BE71BE7BABF7BD7BAC7DABFBBD7BABFFB
:1051C000BDEFDDEFDDE7DDE7BDEFDDEFDDE7DDEFD7
:1051D00099C759C799C799C799C799C799C799C70F
:1051E0009AC799C779C779C779C779C779C779C77E
:1051F00079C779C779C779C779C779C779C779C7AF
:1052000079C779C759BF7AC79CDF9BCFBCDF7BDFEB
:1052100079BF7ACF9CDF39C7FBDE3CE7FBE6FBE6D4
:105220001BE71BE71BE71BE71CE71CE71BE71BE76C
:105230001BE71BE71BE71BE71BE71BE71BE71BE75E
:105240001BE71BE71BE71BE71BE71BE71BE71BE74E
:105250001BE71BE71BE71BE71BE71BE71BE71BE73E
:105260001BE71BE71BE71BE71BE71BE71BE71BE72E
:105270001BE71BE71BE71BE71BE71BE71BE71BE71E
:105280001BE71BE71BE71BE71CE71CE71BE71BE70C
:105290001BE71BE71BE71BE71BE71BE71BE71BE7FE
:1052A0001BE71BE71BE71BE71BE71BE71BE71BE7EE
:1052B0001BE71BE7B9B77BD799C7D9B7BBD79ABF4D
:1052C000DDEFDDEFDDE7DDE7BDEFDDEFDDE7DCEFB7
:1052D00099BF59C799BF99BF99BF99BF99BF99BF46
:1052E00099C799BF79C779C779C759BF79BF79C7B6
:1052F00079BF79BF79BF79BF79BF79BF79BF79BFEE
:1053000079BF79BF59BF79BF9CDF9BCFBCDF7BDF03
:1053100079BF7AC79CDF39BFFBDE3CE71BE71BE7A1
:10532000FBDE1BE71BE71BE71CE71CE71BE71BE794
:105330001BE71BE71BE71BE71BE71BE71BE71BE75D
:105340001BE71BE71BE71BE71BE7FBDE1BE71BE776
:105350001BE71BE71BE71BE71BE71BE71BE71BE73D
:105360001BE71BE71BE71BE71CE71BE71BE71BE72C
:105370001BE71BE71BE71BE71BE71BE71BE71BE71D
:105380001BE71BE71CE71CE71BE71BE71BE71BE70B
:105390001BE71BE71BE71BE71BE71BE71CE71BE7FC
:1053A0001BE71CE71BE71BE71BE71BE71BE71BE7EC
:1053B0001BE71BE7B9B79BD799BFD9B7BBD7BABF14
:1053C000DDE7DDEFDDE7DDE7DDEFDDEFFCE7BCE7A7
:1053D00099BF59BF99BF99BF99BF99BF99BF99BF4D
:1053E00099BF99BF79C779BF79BF79C779BF79BFAD
:1053F00079BF79BF79BF79BF79BF79BF79BF79BFED
:1054000078BF79BF59B779BF9BDF9BCFBBD77BDF15
:1054100079BF79C79CDF39BFFBDE3BE71BE71BE7A2
:105420001BE71BE71BE71BE71BE71BE71BE71BE76C
:105430001BE71BE71BE71BE71BE71BE71BE71BE75C
:105440001BE71BE71BE71BE71BE71BE71BE71BE74C
:105450001BE71BE71BE71BE71BE71BE71CE71BE73B
:105460001BE71CE71BE71BE71BE71BE71BE71BE72B
:105470001BE71BE71BE71BE71BE71BE71BE71BE71C
:105480001BE71BE71BE71BE71BE71BE71BE71BE70C
:105490001BE71BE71BE71BE71BE71BE71BE71BE7FC
:1054A0001BE71BE71BE71BE71BE71BE71BE71BE7EC
:1054B0001BE71BE7B9B79BD798BFD9B7BBCFB9B725
:1054C000DDE7DDE7DDDFDDE7BCE7DDE7DDDFDCE7EE
:1054D00078BF59BF99BF79BF99BF99BF99BF99BF8D
:1054E00079BF99BF79BF78BF78BF79BF79B778BFE7
:1054F00078BF78BF78BF78BF58BF78BF78BF58BF34
:1055000078BF78BF59B779B79BD79AC7BBD77BD736
:1055100058B759C77BD739BFFBDE3BE71BE71BE713
:105520001BE71BE71BE71BE71BE71BE71BE71BE76B
:105530001BE71BE71BE71BE71BE71BE71BE71BE75B
:105540001BE71BE71BE71BE71BE71BE71BE71BE74B
:105550001BE71BE71BE71BE71BE71BE71BE71BE73B
:105560001BE71CE71BE71BE71BE71BE71BE71BE72A
:105570001BE71BE71BE71BE71BE71BE71BE71BE71B
:105580001BE71BE71BE71BE71BE71BE71BE71BE70B
:105590001BE71BE71BE71BE71BE71BE71BE71BE7FB
:1055A0001BE71BE71BE71BE71BE71BE71BE71BE7EB
:1055B0001BE71BE7B8AF9AD778B7D8AFBACF99B780
:1055C000BDE7BCE7DDDFDDDFBCE7BCE7DDDFBCE777
:1055D00078B759BF98B778B778BF78BF79BF78BF29
:1055E00099BF79BF78BF78B778BF78BF78B778BFF1
:1055F00078B778B778B778B778B778BF78B778B72B
:1056000058B778B758B778B79BD79AC7BBD77BD767
:1056100058B759BF9CDF39B7FBDE3BE71BE71BE7F9
:105620001BE71BE71BE71BE71BE71BE71BE71BE76A
:105630001BE71BE71BE7FBDE1BE71BE71BE71BE783
:105640001BE71BE71BE71BE71BE71BE71BE71BE74A
:105650001BE71BE71BE71BE71BE71BE71BE71BE73A
:105660001BE71CE71BE71BE71BE71BE71BE71BE729
:105670001BE71BE71BE71BE71BE71BE71BE71BE71A
:105680001BE71BE71BE71BE71BE71BE71BE71BE70A
:105690001BE71BE71BE71BE71BE71BE71BE71BE7FA
:1056A0001BE71BE71BE71BE71BE71BE71BE71BE7EA
:1056B0001BDF1BE7B8AF9BCF98B7D8B7BBCFB8AF4E
:1056C000DDE7BCE7DCDFDDDFBCE7DCE7DCDFDCE718
:1056D00078B758BF78B778B798B798B798B798B7EA
:1056E00078BF98B778B798B778BF78B778B778B7F2
:1056F00078B778B778B778B778B778B778B778B732
:1057000078B778B738B778B79BCF7AC79ACF7ACFC0
:1057100058AF59BF7BD738BFFBDE3BE71BE71BE722
:105720001BE71BE71BE71BE71BE71BE71BE71BE769
:105730001BE71BE71BE71BE71BE71BE71BE71BE759
:105740001BE71BE71BE71BE71BE71BE71BE71BE749
:105750001BE71BE71BE71BE71BE71BE71BE71BE739
:105760001BE71BE71BE71BE71BE71BE71BE71BE729
:105770001BE71BE71BE71BE71BE71BE71BE71BE719
:105780001BE71BE71BE71BE71BE71BE71BE71BE709
:105790001BE71BE71BE71BE71BE71BE71BE71BE7F9
:1057A0001BE71BE71BE71BE71BE71BE71BE71BE7E9
:1057B0003CDFFCE6B8AF9AC797AFB7B7BBCFD8A767
:1057C000BCE7BCEFDCDFDCDF9CE7BCE7DCDFBBDF9A
:1057D00078B738B798B798B778B778B778B778B751
:1057E00078B778B778B778B758B778B758AF78B789
:1057F00058B798AF78B778B758B758B758B758B7B9
:1058000058B758B738B758B79ACF79C79BCF7ACF20
:1058100057B759BF9CDF18BFFBDE3BE71BE71BE711
:105820001BE7FBE61BE71BE71BE71BE71BE71BE789
:105830001BE71BE71BE71BE71BE71BE71BE71BE758
:105840001BE71BE71BE71BE71BE71BE71BE71BE748
:105850001BE71BE71BE71BE71BE71BE71BDF1BDF48
:105860001BE71BE71BE71BE71BE71BE71BE71BE728
:105870001BE71BE71BE71BE71BE71BE71BE71BE718
:105880001BE71BE71BE71BE71BE71BE71BE71BE708
:105890001BE71BE71BE71BE71BE71BE71BE71BE7F8
:1058A0001BE71BE71BE71BE71BE71BE71BE71BE7E8
:1058B0003CDFFBE6B8A7BAC797AF97AFBAC7B8A7A0
:1058C000BCDF9CEFDCDFBCDF9BDFBCDFDCD7BBDFFA
:1058D00078AF38B778B798AF78AF78AF78AF78AFA0
:1058E00078B778B798A778AF58B778AF58B738AFC8
:1058F00078AF37AF58AF58AF58AF58AF78AF58AF51
:1059000058AF58AF38B758AF9AC779C79ACF7ACF40
:1059100037B739BF9CDF18B7FBDE3CE71BE71BE757
:105920001BE71BE71BE71BE71BE71BE71BE71BE767
:105930001BE71BE71BE71BE71BE71BE71BE71BE757
:105940001BE71BE71BE71BE71BE71BE71BE71BE747
:105950001BE71BE71BE71BE71BE71BE71BE71BE737
:105960001BE71CE71BE71BE71BE71BE71BE71BE726
:105970001BE71BE71BE71BE71BE71BE71BE71BE717
:105980001BE71BE71BE71BE71BE71BE71BE71BE707
:105990001BE71BE71BE71BE71BE71CE71BE71BE7F6
:1059A0001BE71BE71BE71BE71BE71BE7FBE6FBE629
:1059B0001CE7FBDEB8A7BAC797AF97AFBAC7B79FC8
:1059C000BCDF9CE7DCD7BCD79BDFBCDFDCD7BBDF11
:1059D00078AF38AF77AF77AF77AF77AF77AF77AFD5
:1059E00057B777AF98A777A778AF78AF99BF58B771
:1059F00057AF37B757AF57AF57AF57AF57AF57AF8F
:105A000057AF57AF37AF57AF79C779BF7AC779C7A5
:105A100037AF38BF9CDF18B7FBDE3CE7FBDEFBE6A9
:105A20001BE71BE71BE71BE71BE71BE71BE71BE766
:105A30001BE71BE71BE71BE71CE71BE71BE71BE755
:105A40001BE71BE71BE71BE71BE71BE71BE71BE746
:105A50001BE71BE71BE71BE71BE71BE71BE71BE736
:105A60001BE71BE71BE71BE71BE71BE71BE71BE726
:105A70001BE71BE71BE71BE71BE71BE71BE71BE716
:105A80001BE71BE71BE71BE71BE71CE71BE71BE705
:105A90001BE71BE71CE71CE71BE71BE71BE71BE7F4
:105AA0001BE71CE71BE71BE71BE71BE7FBDE1BE70E
:105AB0003CDFFBDEB8A79AC797AFB7A7B9C7D79F98
:105AC000BCDF9BE7DBD7BBD79BD7BBDFDBD7BBD725
:105AD00077AF37AF77AF77AF77AF77AF77AF77AFD6
:105AE00077AF77AF98A777A7F7A657A779BFBCCFAF
:105AF00057AF58B757AF57AF57AF57AF57AF57AF6D
:105B000057A757AF37AF57AF79BF58B779BF59BF0E
:105B100036A738B77BD738B7FBDE3CE71BE71BE778
:105B20001BE71BE71BE71BE71BE71BE71BE71BE765
:105B30001BE71BE71BE71BE71BE71BE71BE71BE755
:105B40001BE71BE71BE71BE71BE71BE71BE71BE745
:105B50001BE71BE71BE71BE71BE71BE71BE71BE735
:105B60001BE71BE71BE71BE71BE71BE71BE71BE725
:105B70001BE71BE71BE71BE71BE71BE71BE71BE715
:105B80001BE71BE71BE71BE71BE71BE71BE71BE705
:105B90001BE71BE71BE71BE71BE71BE71BE71BE7F5
:105BA0001BE71BE71BE71BE71BE71BE71BE71BE7E5
:105BB0003CDFFBDEB7A79AC796A7B7A7B9BFB79FC9
:105BC000BCDFBBDFDBD7BBD7BBDFDCDFDBD7BBD7C3
:105BD00077AF37AF77AF77AF77AF77A777AF77AFDD
:105BE00076AF77A778AF77A79AC717A717AFDCDF8D
:105BF00057A777AF57A757A757A757A757A757A78D
:105C000057A757A717A757A779BF58B779BF59BF45
:105C100056A738B79BD717AFFBDE3CE71BE71BE760
:105C20001BE71BE71BE71BE71BE71BE71BE71BE764
:105C30001BE71BE71BE71BE71BE71BE71BE71BE754
:105C40001BE71BE71BE71BE71BE71BE71BE71BE744
:105C50001BE71BE71BE71BE71BE71BE71BE71BE734
:105C60001BE71BE71BE71BE71BE71BE71BE71CE723
:105C70001BE71BE71BE71BE71BE71BE71BE71BE714
:105C80001BE71BE71BE71BE71BE71BE71BE71BE704
:105C90001BE71BE71BE71BE71CE71BE71BE71CE7F2
:105CA0001BE71BE71BE71BE71BE71BE71BE71BE7E4
:105CB0003CDF1BE7B79F9ABF96A796A7B9B7B797E0
:105CC000BBD7BBDFDBD7DBD7BBD7BBD7DBCFBBD7E4
:105CD00076A737A776A776A756A776A776A777A73A
:105CE000769F76A7F7A677AFDEE77AC737A79ACF72
:105CF00036A7569F36A736A736A736A756A756A764
:105D0000579F56A716A757A778B758AF78B758B771
:105D100036A737AF9CD7F6A6FBDE3CE71BE71BE7B1
:105D20001BE71BE71BE71BE71CE71CE71BE71BE761
:105D30001BE71BE71BE71BE71BE71BE71BE71BE753
:105D40001BE71BE71BE71BE71BE71BE71BE71BE743
:105D50001BE71BE71BE71BE71BE71BE71BE71BE733
:105D60001BE71BE71BE71BE71CE71BE7FBDE1BE74B
:105D70001BE71BE71BE71BE71BE71BE71BE71BE713
:105D80001BE71BE71BE71BE71BE71BE71BE71BE703
:105D90001BE71BE71BE71BE71BE71BE71BE71BE7F3
:105DA0001BE71BE71BE71BE71BE71BE71BE71BE7E3
:105DB0003CDFFBDEB79F99BF969F96A7B9B7B69712
:105DC000BBD7BBDFBBCFBBD79BD7BBD7DBCFBAD74C
:105DD00076A737A776A776A756A776A776A776A73A
:105DE000769F76A758BF57A7DDEFDEEF76A7F7B609
:105DF00036A7969736A736A736A736A736A736A76B
:105E0000569F56A7169F36A778B758AF58B758B7BA
:105E1000369F17AF7BCF16A7FBDE3CE71BE7FBDE09
:105E20001BE71BE71BE71BE71BE71CE71BE71BE761
:105E30001BE71BE7FBDE1BE71BE71BE71BE71BE77B
:105E40001BE71BE71BE71BE71BE71BE71BE71BE742
:105E50001BE71BE71BE71BE71BE71BE71BE71BE732
:105E60001BE71BE71BE71BE71BE71BE71BE71BE722
:105E70001BE71BE71BE71BE71BE71BE71BE71BE712
:105E80001BE71BE71BE71BE71BE71BE71BE71BE702
:105E90001BE71BE71CE71CE71BE71BE71BE71BE7F0
:105EA0001BE71BE71BE71BE71BE71BE71BE71BE7E2
:105EB0001BDF1CE7B69799B7759FB69FB9B7B69722
:105EC000BBD79AD7DBCFDBCF9BD7BBD7DBCFBACF44
:105ED000769F36A776A7769F769F76A7769F96A71A
:105EE00077A7769FDDEF57B7DCE7BDEF76A7B6AEB5
:105EF00036A7769756A756A7569F369F369F569F2A
:105F0000569F569F369F569F58AF57AF78B758AF9A
:105F1000359F17A77ACF16A7FBE63CE71BE7FBE602
:105F20001BE71BE71BE71BE71BE71BE71BE71CE760
:105F30001BE71BE71BE71BE71BE71BE71BE71BE751
:105F40001BE71BE71BE71BE71BE71BE71BE71BE741
:105F50001BE71BE71BE71BE71BE71BE71BE71BE731
:105F60001BE71CE71BE71BE71BE71BE71BE71BE720
:105F70001BE71BE71BE71BE71BE71BE71BE71BE711
:105F80001BE71BE71CE71BE71BE71BE71BE71BE700
:105F90001BE71BE71BE71BE71BE71BE71BE71BE7F1
:105FA0001BE71BE71BE71BE71BE71BE71BE71BE7E1
:105FB0001CE71BE7B697B9B7759F959FB9B7969F32
:105FC000BACF9AD7BBCFBBCF9BCF9BD7DAC79ACFDD
:105FD0007697369F759F7597959F759F969F559756
:105FE00018AF7797DEFFDDE77AC7DEF756A7369F53
:105FF000359F559F569F359F369F579F559F369F7C
:10600000559F559F369F359F57A737A778AF58A7FD
:10601000359716A75AD7F6A6FBDE3CE71BE71BE72A
:106020001BE71BE71BE71BE71BE71BE71BE71BE760
:106030001BE71BE71BE71BE71BE71BE71BE71BE750
:106040001BE71BE71BE71BE71BE71BE71BE71BE740
:106050001BE71BE71BE71BE71BE71BE71BE71BE730
:106060001BE71CE71BE71BE71BE71BE71BE71BE71F
:106070001BE71BE71BE71BE71BE71BE71BE71BE710
:106080001BE71BE71CE71BE71BE71BE71BE71BE7FF
:106090001BE71BE71BE71BE71BE71BE71BE71BE7F0
:1060A0001BE71BE71BE71BE71BE71BE71BE71BE7E0
:1060B0001CE71BE7B69799B7759F959F98B796977A
:1060C000BACF9AD7BBC7BAC79ACF9BCFDAC79ACFF6
:1060D0007697169F75977597759F7597779F769F9B
:1060E000DDDFF69EDEF7DFF718AFDEF7359F579F4F
:1060F000559755A7359F5597369F369F3597359FAE
:10610000559F5597D59E359F79BF37AF37AF17AF9E
:10611000359716A75ACFD5A6FBDE3CE71BE71BE752
:106120001BE71BE71BE71BE71BE71BE71BE71BE75F
:106130001BE71BE71BE71BE71BE71BE71BE71BE74F
:106140001BE71BE71BE71BE71BE71BE71BE71BE73F
:106150001BE71BE71BE71BE71BE71BE71BE71BE72F
:106160001BE71BE71BE71BE71BE71BE71BE71BE71F
:106170001BE71BE71BE71BE71BE71BE71BE71BE70F
:106180001BE71BE71BE71BE71BE71BE71BE71BE7FF
:106190001BE71BE71BE71BE71BE71BE71BE71BE7EF
:1061A0001BE71BE71BE71BE71BE71BE71BE71BE7DF
:1061B0001CE71BE7B69799B7759F9597B8AF95976A
:1061C000BAC79AD7BAC7BAC79ACF9BCFDAC79ACFFE
:1061D000759F159F7597759756979597D69E37A774
:1061E000DFFFDCD7FFF79EF7179FBCD75597569771
:1061F000758F359F3597558F359F359F55973597B7
:10620000358F558FD59E159FDACFBAC736A758B7A9
:106210003597159F5ACFD59EFBDE3CE71BE71BE762
:106220001BE71BE71BE71BE71BE71BE71BE71BE75E
:106230001BE71BE71BE71BE71BE71BE71BE71BE74E
:10624000FBE61BE71BE71BE71BE71BE71BE71BE75F
:106250001BE71BE71BE71BE71BE71BE71BE71BE72E
:106260001BE71CE71BE71BE71BE71BE71BE71BE71D
:106270001CE71BE71BE71BE71BE71BE71BE71BE70D
:106280001BE71BE71BE71BE71BE71BE71BE71BE7FE
:106290001BE71BE71BE71BE71BE71BE71BE71BE7EE
:1062A0001BE71BE71BE71BE71BE71BE71CE71BE7DD
:1062B0001BE71BE7B68F78AF75979497B8AF968FAB
:1062C000BAC79ACFBAC7BAC77ACF9ACFDAC79ACF26
:1062D0005597159F958F7597569F7697BBCFD69EEE
:1062E000DFFFDEEFFEEFDEF77697D7A6758F758FAF
:1062F000758F34973597558F159F3597548F3597F0
:1063000035875487D496559778B799BF369F36A767
:10631000358F15975ACFD59EFBDE3CE71BE71BE771
:106320001BE71BE71BE71BE71BE71BE71BE71BE75D
:106330001BE71BE71BE71BE71BE71BE71BE71BE74D
:106340001CE71BE71BE71BE71BE71BE71BE71BE73C
:106350001BE71BE71BE71BE71BE71BE71BE71BE72D
:106360001BE71CE71BE71BE71BE71BE71BE71BE71C
:106370001CE71BE71BE71BE71BE71BE71BE71BE70C
:106380001BE71BE71BE71BE71BE71BE71BE71BE7FD
:106390001BE71BE71BE71BE71BE71BE71BE71BE7ED
:1063A0001BE71BE71BE71BE71BE71BE71CE71BE7DC
:1063B0001BE71BE7B68F98AF74979497B8A7958F94
:1063C000BAC799CFBAC799BF9ACF9AC7DAC79AC73F
:1063D00055971597758F758FF5967697DEEF59B7A8
:1063E000DEFFDFFF9BD7DEFF558FD59E548F958F45
:1063F000148F148F1597348F14971597548F148F0B
:106400003587548FF58E158F359F369F358F1597AD
:106410001487358F5ACFF596FBDE3CE71BE71BE769
:106420001BE71BE71BE71BE71BE71BE71BE71BE75C
:106430001BE71BE71BE71BE71BE71BE71BE71BE74C
:106440001BE71BE71BE71BE71BE71BE71BE71BE73C
:106450001BE71BE71BE71BE71BE71BE71BE71BE72C
:106460001BE71BE71CE71BE71CE71BE71BE71BE71A
:106470001BE71BE71BE71BE71BE71BE71BE71BE70C
:106480001BE71BE71BE71BE71BE71BE71BE71BE7FC
:106490001BE71BE71BE71BE71BE71BE71BE71BE7EC
:1064A0001BE71BE71BE71BE71BE71BE71BE71BE7DC
:1064B0001BE71BE7B58F98AF748F9497B8A7958F9C
:1064C000BAC7BACFB9BFB9BF99C79AC7DABF99C718
:1064D000548F15975597558F59BFF596DFF7FEEFF7
:1064E000DFFFDFFF39C7DEF7159FD6A6F59EF59EC5
:1064F00016A7169FD596F69E148F35971597148F6D
:10650000F596F59615971597148FB386348F148FDB
:10651000147F348F7ACFD4961BE73CE71BE71BE749
:106520001BE71BE71BE71BE71BE71BE71BE71BE75B
:106530001BE71BE71BE71BE71BE71BE71BE71BE74B
:106540001BE71BE71BE71BE71BE71BE71BE71BE73B
:106550001BE71BE71BE71CE71BE71BE71BE71BE72A
:106560001BE71BE71BE71BE71CE71BE71BE71BE71A
:106570001BE71BE71BE71BE71BE7FBDE1BE71BE734
:106580001BE71BE71BE71BE71CE71CE71BE71BE7F9
:106590001BE71BE71BE71BE71BE71BE71BE71BE7EB
:1065A0001BE71BE71BE71BE71BE71BE71BE71BE7DB
:1065B0001CE71BE7B58F98AF74979497979F9587C3
:1065C000B9BF99C7B9BF99BF99C799C7D9BF99C76B
:1065D000748F1597369F558FDEEFF6AEDFFFDFF72E
:1065E000DFFFDFFFDDEFDEEFFDE7DDE7DDE7FDEFFE
:1065F000DDE7BCDFDBCFDCE7148FF596B496158FB3
:10660000B9BF16A7D48EF69E138F3597F48E1387D5
:106610003487148F5AC7B48E1BE73CE71BE71BE790
:106620001BE71BE71BE71BE71BE71BE71CE71BE759
:106630001BE71CE71BE71BE71BE71BE71BE71BE749
:106640001BE71BE71BE71BE71BE71BE71BE71BE73A
:106650001BE71BE71BE71BE71BE71BE71BE71BE72A
:106660001BE71BE71BE71BE71BE71BE71BE71BE71A
:106670001BE71BE71BE71BE71BE71BE71BE71BE70A
:106680001BE71BE71BE71BE71CE71CE71BE71BE7F8
:106690001BE71BE71BE71BE71BE71BE71BE71BE7EA
:1066A0001BE71BE71BE71BE71BE71BE71BE71BE7DA
:1066B0001CE71BE7B58798AF548F9597979F9487F2
:1066C000B9BF98BFB9BFB9BF99C799BFD9B799BF6B
:1066D000958F158F17AF3597DFF7FEEFDFFFDFFFE1
:1066E000DFFFDFFFDFFFDEF7DFFFDEF7DFFFDFFFCC
:1066F000FEF79EEF33869CDF3487358FF69EF48E4F
:10670000B9CFFCD7D49677B7138FF48EF48E138756
:10671000137FF48E5AC7D5961BE73CE71BE71BE7B0
:106720001BE71BE71BE71BE71BE71BE71CE71BE758
:106730001BE71CE71BE71BE71BE71BE71BE71BE748
:106740001BE71BE71BE71BE71BE71BE71BE71BE739
:106750001BE71BE71BE71BE71BE71BE71BE71BE729
:106760001CE71BE71BE71BE71BE71BE71BE71BE718
:106770001BE71BE71BE71BE71CE71CE71BE71BE707
:106780001BE71BE71BE71BE71BE71BE71BE71BE7F9
:106790001BE71BE71BE71BE71BE71BE71BE71BE7E9
:1067A0001BE71BE71BE71BE71BE71BE71BE71BE7D9
:1067B0003CE71BE7B58797A7548F7497969F74871C
:1067C000B9BF98B799B799B799BF99BFD9B799BFCA
:1067D000358F148FFEE716A7DFFFDEF7DEFFDEFF43
:1067E000BEFFDEF7DFFFDFFFDFFFFFFFDFFFFFFFA3
:1067F000DCE7DFF7938EF7AE34873487F69E148F8D
:1068000077B7DBC7F48E159F14871487F386138739
:10681000F37E137F5AC7B48EFBDE3CE71BE71BE712
:106820001BE71BE71BE71BE71BE71BE71BE71BE758
:106830001BE71CE71BE71BE71BE71BE71BE71BE747
:106840001BE71BE71BE71BE71BE71BE71BE71BE738
:106850001BE71BE71BE71BE71BE71BE71BE71BE728
:106860001BE71BE71BE71BE71BE71BE71CE71CE716
:106870001BE71CE71BE71CE71BE71BE71BE71BE706
:106880001BE71BE71BE71BE71BE71BE71BE71BE7F8
:106890001BE71BE71BE71BE71BE71BE71BE71BE7E8
:1068A0001BE71BE71BE71BE71BE71BE71BE71BE7D8
:1068B0001CE71BE7B58797A7548F7497969F74873B
:1068C00098BF97B799B7B8B799BF99BFB8B798B7F6
:1068D0007697358FDBD7D9B7BBDFBBD7BBD79BDF6D
:1068E000DCDFBAD7DEEFDCDFFFFFDFFFFEFFDFFF1D
:1068F00057AFDEEFF386D496327F337FB48EF486C3
:106900003597369FF37E1487F3861387F386F386D5
:106910001487F3867ACFD496FBDE3CE71BE71BE7B0
:106920001BE71BE71BE71BE71BE71BE71BE71BE757
:106930001BE71BE71BE71BE71BE71BE71BE71BE747
:106940001BE71BE71BE71BE71BE71BE71BE71BE737
:106950001BE71BE71BE71BE71BE71BE71CE71BE726
:106960001BE71BE71BE71BE71BE71BE71CE71CE715
:106970001BE71CE71BE71CE71BE71BE71BE71BE705
:106980001BE71BE71BE71BE71BE71BE71BE71BE7F7
:106990001BE71BE71BE71BE71BE71BE71BE71BE7E7
:1069A0001BE71BE71BE71BE71BE71BE71BE71BE7D7
:1069B0001CE71BE7D58777A7759753977697B68F10
:1069C00097B7B8B7B8AF98AF98BF98B797AF78B741
:1069D0003377348F147F337F1587147F1487F486C1
:1069E000D5861487DFF79AB7DFFFDFFFFDEFDEFF05
:1069F000F48679BF337F1387337F337FF37E337F12
:106A0000147FF47EF37EF37EF386F386F38ED386D3
:106A10001487D38E5ACF938EFBDE3CE71BE71BE730
:106A20001BE71BE71BE71BE71BE71BE71BE71BE756
:106A30001BE71BE71BE71BE71BE71BE71BE71BE746
:106A40001BE71BE71BE71BE71BE71BE71BE71BE736
:106A50001BE71BE71BE71BE71BE71BE71CE71BE725
:106A60001BE71BE71BE71BE71BE71BE71CE71CE714
:106A70001BE71BE71BE71BE71BE71BE71BE71BE706
:106A80001BE71BE71BE71BE71BE71BE71BE71BE7F6
:106A90001BE71BE71BE71BE71BE71BE71BE71BE7E6
:106AA0001BE71BE71BE71BE71BE71BE71BE71BE7D6
:106AB0001BE71BDFB48757A7D27EF286B69F337FD2
:106AC00097AF97B798A7B8AF98B778AFD7AF57AF8A
:106AD000548FF38633871387137F137F338754874D
:106AE000147F5387BEEFFCD7DFF7DFFF99BFDEEFE0
:106AF000337F728612773277127F127F137F137F74
:106B0000D486137F9386D48EF386B286D286F2869D
:106B10009276F38ED8BE5386FBDE3BE71BE71BE77E
:106B20001BE71BE71BE71BE71BE71BE71BE71BE755
:106B30001BE71BE71BE71BE71BE71BE71BE71BE745
:106B40001BE71BE71BE71BE71BE71BE71BE71BE735
:106B50001BE71BE71BE71BE71BE71BE71BE71BE725
:106B60001BE71BE71BE71BE71BE71BE71BE71BE715
:106B70001BE71BE71BE71BE71BE71BE71BE71BE705
:106B80001BE71BE71BE71BE71BE71BE71BE71BE7F5
:106B90001BE71BE71BE71BE71BE71BE71BE71BE7E5
:106BA0001BE71BE71BE71BE71BE71BE71BE71BE7D5
:106BB0001CE71CE7B48776A71387F1867697947F46
:106BC00097AF77AF98A7B7A777AF98AFD7A797AF8B
:106BD000138713875377338772777277527F527791
:106BE000159F3387DEFFDDEFFFEFDFFFB386BAC708
:106BF00012771387F27E127FF27EF286127FF27E88
:106C0000B48EF27EDACF56AFB27ED8B7D276F276B5
:106C1000D37ED28639C7538EFBDE3CE71BE71BE7EA
:106C20001BE71BE71BE71BE71BE71BE71BE71BE754
:106C30001BE71BE71BE71BE71BE71BE71BE71BE744
:106C40001BE71BE71BE71BE71BE71BE71BE71BE734
:106C50001BE71BE71BE71BE71BE71BE71BE71BE724
:106C60001BE71BE71BE71BE71BE71BE71BE71BE714
:106C70001BE71BE71BE71BE71BE71BE71BE71BE704
:106C80001BE71BE71BE71BE71BE71BE71BE71BE7F4
:106C90001BE71BE71BE71BE71BE71BE71BE71BE7E4
:106CA0001BE71BE71BE71BE71BE71BE71BE71BE7D4
:106CB0001CE71CE7D47F569F337F5287758F74770C
:106CC00096A796AFB7A7B7A777AF97A7D7A797A766
:106CD000337F137F72775377526F726F526F3277B1
:106CE000BCDF13877CF7DDF7BAC7DEFF337FB37EE7
:106CF000127FF176F27E127FF27EF27EF27ED27EFB
:106D00005276F27E77B7DACFD37E56AFF27612772D
:106D1000F376B27E39C77386FBDE3CE71BE71BE7E1
:106D20001BE71BE71BE71BE71BE71BE71BE71BE753
:106D30001BE71BE71BE71BE71BE71BE71BE71BE743
:106D40001BE71BE71BE71BE71BE71BE71BE71BE733
:106D50001BE71BE71BE71BE71BE71BE71BE71BE723
:106D60001BE71BE71BE71BE71BE71BE71BE71BE713
:106D70001BE71BE71BE71BE71BE71BE71BE71BE703
:106D80001BE71BE71BE71BE71BE71BE71BE71BE7F3
:106D90001BE71BE71BE71BE71BE71BE71BE71BE7E3
:106DA0001BE71BE71BE71BE71BE71BE71BE71BE7D3
:106DB0001CE71CE79377759F537F527F7587737726
:106DC00096A796A7979FB69F76A796A7D69F76A7D2
:106DD000327F127F327F327F327F327F137F338761
:106DE000DEEFB386DDF7DDF7D386DCDF116F3277B8
:106DF000F27E317FF276F27E12771277F276F276B9
:106E0000D26EF27676AF769FD276F496F26EF26E0E
:106E1000F36ED28619C7B37EFBDE3BE71BE71BE7A9
:106E20001BE71BE71BE71BE71BE71BE71BE71BE752
:106E30001BE71BE71BE71BE71BE71BE71BE71BE742
:106E40001BE71BE71BE71BE71CE71BE71BE71CE730
:106E50001BE71BE71BE71BE71BE71BE71BE71BE722
:106E60001CE71BE71BE71BE71BE71BE71BE71BE711
:106E70001BE71BE71BE71BE71BE71BE71BE71BE702
:106E80001BE71BE71BE71BE71BE71BE71BE71BE7F2
:106E90001BE71BE71BE71BE71CE71CE71BE71BE7E0
:106EA0001BE71BE71BE71BE71BE71BE71BE71BE7D2
:106EB0001CE71BE7B36F969F5277527774877377FF
:106EC000969F95A7969F969F96A7969FB69F76A703
:106ED000726F1277526F526F526F526F5377326FD9
:106EE0009EE7F68EFDEFFEEF1277738E52775167B5
:106EF0001277F176F276F276F376F3761277126FF6
:106F00003367F276927ED26EF276B37ED276F16EEF
:106F1000D16EB27E19BFB37EFBDE3BE71BE71BE7FA
:106F20001BE71BE71BE71BE71BE71BE71BE71BE751
:106F30001BE71BE71BE71BE71BE71BE71BE71BE741
:106F40001BE71BE71BE71BE71BE71BE71BE71BE731
:106F50001BE71BE71BE71BE71BE71BE71BE71CE720
:106F60001BE71BE71BE71BE71BE71BE71BE71BE711
:106F70001BE71BE71BE71BE71BE71BE71BE71BE701
:106F80001BE71BE71BE71BE71BE71BE71BE71BE7F1
:106F90001BE71BE71BE71BE71CE71CE71BE71BE7DF
:106FA0001BE71BE71BE71BE71BE71BE71BE71BE7D1
:106FB0001CE71BE7B26F769F927751777387726FEA
:106FC000959F95A7759F959F969F959FB69F759F37
:106FD000726FF27631773277B267716F727E326F8D
:106FE000DFFFDDE7D486DDDF316F3377F1761177B0
:106FF0003167F2765386137F9ABF38AFD27E779F80
:10700000D176B16EF16EF176D176F16ED176D17E18
:10701000D16ED26E18BFB276FBDE1BE71BE7FBDE3C
:107020001BE71BE71BE71BE71BE71BE71BE71BE750
:107030001BE71BE71BE71BE71BE71BE71BE71BE740
:107040001BE71BE71BE71BE71BE71BE71BE71BE730
:107050001BE71BE71BE71BE71BE71BE71CE71CE71E
:107060001BE71CE71BE71BE71BE71BE71BE71BE70F
:107070001BE71BE71BE71BE71BE71BE71BE71BE700
:107080001BE71BE71BE71BE71BE71BE71BE71BE7F0
:107090001BE71BE71BE71BE71BE71BE71BE71BE7E0
:1070A0001BE71BE71BE71BE71BE71BE71BE71BE7D0
:1070B0001BE71BE7B26F969F926F7177737F7267C2
:1070C0009597959F75977597759F759FB6977597C7
:1070D000326FF27611771277305F516F948ED26EE5
:1070E000DDE7DDE7D376D69E31671167F16E116F6C
:1070F000336F126FDBCF51769BCFDCDFB69FD9BFEA
:10710000D16EB176F166F16ED16EF16ED16ED16E47
:10711000D076F16E19BF916EFBDE1BDF1BE7FBDE45
:107120001BE71BE71BE71BE71BE71BE71BE71BE74F
:107130001BE71BE71BE71BE71BE71BE71BE71BE73F
:107140001BE71BE71BE71BE71BE71BE71BE71BE72F
:107150001BE71BE71BE71BE71BE7FBDE1BE71BE748
:107160001BE71CE71BE71BE71BE71BE71BE71BE70E
:107170001BE71BE71BE71BE71BE71BE71BE71BE7FF
:107180001BE71BE71BE71BE71BE71BE71BE71BE7EF
:107190001BE71BE71BE71BE71BE71BE71BE71BE7DF
:1071A0001BE71BE71BE71BE71BE71BE71BE71BE7CF
:1071B0001BE71BE7B2677597716F506F737F726F34
:1071C0009597959F7597759775977597B5979597B7
:1071D000526F127711773177326F516FBABF137FC9
:1071E00077A7DDDF126F927611673167116711673C
:1071F000926E3267BDE777A75AD77BDF969F79B744
:10720000D166F37ED166F166D16ED16ED166D1665C
:10721000D06ED16619BF7166FBDE3BE71BE71BE74B
:107220001BE71BE71BE71BE71BE71BE71BE71BE74E
:107230001BE71BE71BE71BE71BE71BE71BE71BE73E
:107240001BE71BE71BE71BE71BE71BE71BE71BE72E
:107250001BE71BE71BE71BE71BE71BE71BE71BE71E
:107260001BE71BE71BE71BE71BE71BE71BE71BE70E
:107270001BE71BE71BE71BE71CE71CE71BE71CE7FB
:107280001BE71BE71BE71BE71BE71BE71BE71BE7EE
:107290001BE71BE71BE71BE71BE71BE71BE71BE7DE
:1072A0001BE71CE71BE71BE71BE71BE71BE71BE7CD
:1072B0001BE71BE7B26F769F716F506F737F71672B
:1072C000958F9597758F758F748F7497B58F948FF1
:1072D0005167F26E116F316F126F316FDCCF716ECB
:1072E000D16698AF316F326FF06E116F1167F06E2B
:1072F00051661167BBD7B8AF39C739CF358F37AFB4
:10730000D166F3769176B16EB276B276B166D16E11
:10731000B066D16618BF7166FBDE3CE71BE71BE772
:107320001BE7FBDE1BE71BE71BE71BE71BE71BE776
:107330001BE71BE71BE71BE71BE71BE71BE71BE73D
:107340001BE71BE71BE71BE71BE71BE71BE71BE72D
:107350001CE71CE71BE71CE71BE71BE71BE71BE71A
:107360001BE71BE71BE71BE71BE71BE71BE71BE70D
:107370001BE71BE71BE71BE71BE71BE71BE71BE7FD
:107380001BE71BE71BE71BE71BE71BE71BE71BE7ED
:107390001BE71BE71BE71BE71BE71BE71BE71BE7DD
:1073A0001BE71BE71BE71BE71BE71BE71BE71BE7CD
:1073B0003CDF1CE7B26775977167706F7277715F1A
:1073C000748F948F748F748F748F748F9487748775
:1073D0005167116F31673167F26E316FB9B7558FF1
:1073E0001167727E10671067D076F06EF066D07607
:1073F000B166F15EB9BF358F17AF58BFD37E159711
:10740000D166B26EB286706EB37E569FB16E9166D3
:10741000AF66B06E18B7B26EFBDE3BE71BE71BE74B
:107420001BE71BE71BE71BE71BE71BE71BE71BE74C
:107430001BE71BE71BE71BE71BE71BE71BE71BE73C
:107440001BE71BE71BE71BE71BE71BE71BE71BE72C
:107450001BE71BE71BE71BE71BE71BE71BE71BE71C
:107460001BE71BE71BE71BE71BE71BE71BE71BE70C
:107470001BE71BE71BE71BE71BE71BE71BE71BE7FC
:107480001BE71BE71BE71BE71BE71BE71BE71BE7EC
:107490001BE71BE71BE71BE71BE71BE71BE71BE7DC
:1074A0001BE71BE71BE71BE71BE71BE71BE71BE7CC
:1074B0003CDF1CE7916775977067506F5277715F7B
:1074C0007487748F748F74877487748774877487D4
:1074D0003067116F3067505FD0663067906ED69F0F
:1074E000F066F27EF0661067B076F06EF066B06E11
:1074F000F166F05E7597B16634877597D16E127735
:10750000B066D166DAC75176D89F98BFB166D16EA2
:10751000AF5E906E18B79166FBDE3BE71BE71BE79B
:107520001BE71BE71BE71BE71BE71BE71BE71BE74B
:107530001BE71BE71BE71BE71BE71BE71BE71BE73B
:107540001BE71BE71BE71BE71BE71BE71BE71BE72B
:107550001BE71BE71BE71BE71BE71BE71BE71BE71B
:107560001BE71BE71BE71BE71BE71BE71BE71BE70B
:107570001CE71BE71BE71BE71BE71BE71BE71CE7F9
:107580001BE71BE71BE71BE71BE71BE71BE71CE7EA
:107590001BE71BE71BE71BE71BE71BE71BE71BE7DB
:1075A0001BE71BE71BE71BE71BE71BE71BE71BE7CB
:1075B0003CDF1CE7916775977067506F526F71578A
:1075C000748793877487738774877487937F737FB7
:1075D0003067116F305F305FCF5E305FF06651779C
:1075E000F066CF5E105F105FF066F066F05ED0660A
:1075F000F05E1057B06ED05EF16ED16EB066D066A0
:107600001067B066DAC79176158F57A7905ED1667E
:10761000AF5EB06618BF9066FBDE1BE71BE71BE79B
:107620001BE71BE71BE71BE71BE71BE71BE71BE74A
:107630001BE71BE71BE71BE71BE71BE71BE71BE73A
:107640001BE71BE71BE71BE71BE71BE71BE71BE72A
:107650001BE71BE71BE71BE71BE71BE71CE71CE718
:107660001BE71BE71BE71BE71BE71BE71BE71BE70A
:107670001BE71BE71BE71BE71BE71BE71BE71BE7FA
:107680001BE71BE71BE7FBDE1BE71BE71BE71BE713
:107690001BE71BE71BE71BE71BE71BE71BE71BE7DA
:1076A0001BE71BE71BE71BE71BE71BE71BE71BE7CA
:1076B0003CE71CE7915F5597705F6F675167715F9B
:1076C000737F9387737F737F737F737F737F53772A
:1076D000305F1167305F305F3067305F4F5F0F5F43
:1076E000F0660F57105F105FF05E1057F05EF05EAF
:1076F000105F0F57D066F05EF05ED05EAF66CF5E73
:10770000F056AF6615979066B376369FD15E705689
:10771000D05EAF5EF7AEB066FBDE1BDF1BE7FBDEC5
:107720001BE71BE71BE71BE71BE71BE71BE71BE749
:107730001BE71BE71BE71BE71BE71BE71BE71BE739
:107740001BE71BE71BE71BE71BE71BE71CE71BE728
:107750001BE71BE71BE71BE71BE71BE71BE71BE719
:107760001BE71BE71BE71BE71BE71BE71BE71BE709
:107770001BE71BE71BE71BE71BE71BE71BE71BE7F9
:107780001BE71BE71BE71BE71BE71BE71BE71BE7E9
:107790001BE71BE71BE71BE71BE71BE71BE71BE7D9
:1077A0001BE71BE71BE71BE71BE71BE71BE71BE7C9
:1077B0003CE71CE7B15F5597705F705F7167515F81
:1077C0007377727753777377737F537F72775377BB
:1077D000305F1167305F305F105F105F105F305FA8
:1077E000105F305F1057105FF05EF05EEF5EF05E8E
:1077F000D05EEF5E9066B066CF6E8F6EEF56AE567F
:107800001157114FAE56F0568F668E5E8F5E7066C2
:107810008F56AF56F7B6705EFBDE3CE71BE7FBDE2C
:107820001BE71BE71BE71BE71BE71BE71BE71BE748
:107830001BE71BE71BE71BE71BE71BE71BE71BE738
:107840001BE71BE71BE71BE71BE71BE71BE71BE728
:107850001BE71BE71BE71BE71BE71BE71BE71BE718
:107860001BE71BE71BE71BE71BE71BE71BE71BE708
:107870001BE71BE71BE71BE71BE71BE71BE71BE7F8
:107880001BE71BE71BE71BE71BE71BE71BE71BE7E8
:107890001BE71BE71BE71BE71BE71BE71BE71BE7D8
:1078A0001BE71BE71BE71BE71BE71BE71BE71BE7C8
:1078B0003BE7FBDEB15F5597705F8F577167505F95
:1078C00072779277527772777377527773775277AE
:1078D000305F105F10573057105F105F105F105F00
:1078E000F05EF05E0F570F57EF5EEF56CF5EEF562C
:1078F000EF5ECF5EF056CF5EEE560F57B0668D4E00
:107900002F5E0F5ECF562F5ECF56EF568F56AF5677
:10791000AF568F56F7AE705EFBDE3CE71BE7FBDE33
:107920001BE71BE71BE71BE71BE71BE71BE71BE747
:107930001BE71BE71BE71BE71BE71BE71BE71BE737
:10794000FBDE1BE71BE71BE71BE71BE71BE71BE750
:107950001BE71BE71BE71BE71BE71BE71BE71BE717
:107960001BE71BE71BE71BE71CE71BE71BE71BE706
:107970001BE71BE71BE71BE71BE71BE71BE71BE7F7
:107980001BE71BE71BE71BE71BE71BE71BE71BE7E7
:107990001BE71BE71BE71BE7FBDE1BE71BE71BE700
:1079A0001BE71BE71BE71BE71BE71CE71BE71BE7C6
:1079B0003BE7FBDEB0573597505F8F57515F505F05
:1079C000726F726F526F526F5277526F526F516F68
:1079D0003057105F0F572F570F570F5710570F572C
:1079E000EF560F57EF56EF56EF56EF56CF56EF566E
:1079F000CF56EE56F04ECF562F472F47306ECF560C
:107A0000D8BF57AF6F5EF38E0F47CE468F56CF4627
:107A10008F568F5EF7B6705EFBDE3CE71BE71BE719
:107A20001BE71BE71BE71BE71BE71BE71BE71CE745
:107A30001BE71BE71BE71BE71BE71BE71BE71BE736
:107A40001BE71BE71BE71BE71BE71BE71BE71BE726
:107A50001BE71BE71BE71BE71BE71BE71BE71BE716
:107A60001BE71BE71BE71BE71CE71BE71BE71BE705
:107A70001BE71BE71BE71BE71BE71BE71BE71BE7F6
:107A80001BE71BE71BE71BE71BE71BE71BE71BE7E6
:107A90001BE71BE71BE71BE71BE71BE71BE71BE7D6
:107AA0001BE71BE71BE71BE71BE71CE71BE71BE7C5
:107AB0003BE7FBDE9157348F4F578F4F715F305745
:107AC00071679167516F716F516F526F7267716714
:107AD000105710570F570F570F570F57EF560F5795
:107AE0000F57EF56EF56EF56EF56EF56CE56CE568F
:107AF000CF56CE56D156CF56AE3EF04E516EF05EBA
:107B000075A7DAC7516EF38ED04E905E8F56AF4E8A
:107B10008E566F56F7AE705EFBDE3CE71BE71BE749
:107B20001BE71BE71BE71BE71BE71BE71BE71CE744
:107B30001BE71BE71BE71BE71BE71BE71BE71BE735
:107B40001BE71BE71BE71BE71BE71BE71BE71BE725
:107B50001BE71BE71BE71BE71BE71BE71BE71BE715
:107B60001BE71BE71BE71BE71CE71BE71BE71BE704
:107B70001BE71BE71BE71BE71BE71BE71BE71BE7F5
:107B80001BE71BE71BE71BE71BE71BE71BE71BE7E5
:107B90001BE71BE71BE71BE71BE71BE71BE71BE7D5
:107BA0001BE71BE71BE71BE71BE71BE71BE71BE7C5
:107BB0003BE7FBE68F4F348F4F578F4F70572F5750
:107BC0007167915F51677167516F51675167516775
:107BD0000F4F10570F4F0F4F0F57EE4EEE56EF56F9
:107BE000EF4EEE56EF56EE56CE4ECF56CE4ECE4E12
:107BF000105FEE56506E4F5E8F5E906E905E8F56A9
:107C0000547FB797F06D716E5066727E8F564F56E7
:107C10008E4E6E56D6AE6F56FBDE1BE71BE71BE79C
:107C20001BE71BE71BE71BE71BE71BE71BE71BE744
:107C30001BE71BE71BE71BE71BE71BE71BE71BE734
:107C40001BE71BE71BE71BE71BE71BE71BE71BE724
:107C50001BE71BE71BE71BE71BE71BE71BE71BE714
:107C60001BE71BE71BE71BE71BE71BE71BE71BE704
:107C70001BE71BE71BE71BE71BE71BE71BE71BE7F4
:107C80001BE71BE71BE71BE71BE71BE71BE71BE7E4
:107C90001BE71BE71BE71BE71BE71BE71BE71BE7D4
:107CA0001BE71BE71BE71BE71BE71BE71CE71BE7C3
:107CB0003CE71BE7904F548F4E4F8E4F70574F4FFE
:107CC000705F905F705F705F5067505F705F505F74
:107CD0000F4F0F570E4F0F4FEF4EEF4EEE4EEF4E32
:107CE000EE4EEE4EEE4EEE4ECE4ECE4ECE4ECE4E34
:107CF000CE56CE4EF9C733878F66F7B78E4E8E4E6F
:107D00008F4E6F4EDBCFD376B9B7DBCF6E56916E09
:107D10008E4E8D4ED7AE4E4EFBDE3BE71BE71BE78C
:107D20001BE71BE71BE71BE71BE71BE71BE71BE743
:107D30001BE71BE71BE71BE71BE71BE71BE71BE733
:107D40001BE71BE71BE71BE71BE71BE71BE71BE723
:107D50001BE71BE71BE71BE71BE71BE71BE71BE713
:107D60001BE71BE71BE71BE71BE71BE71BE71BE703
:107D70001BE71BE71BE71BE71BE71BE71BE71BE7F3
:107D80001BE71BE71BE71BE71BE71BE71BE71BE7E3
:107D90001BE71BE71BE71BE71BE71BE71BE71BE7D3
:107DA0001BE71BE71BE71BE71BE71BE71CE71BE7C2
:107DB0003CE71BE78F4F348F4E4F8E4F6F4F4F4F27
:107DC000505F705F505F505F305F505F505F305F5B
:107DD0000E4F0F4F0E4F0E4FEF4EEE4EEE4EEE4E3D
:107DE000EE4EEE4EEE4EEE4ECE4ECE4ECE4ECE4E33
:107DF0008E46CE4E76A7958FCF5EF386CE4EAC3EA6
:107E00002F4E6E4E99C7B9AF569F38BF6D4E537700
:107E10008D466C46D7AE2F4EFBDE1BE71BE71BE7FC
:107E20001BE71BE71BE71BE71BE71BE71BE71BE742
:107E30001BE71BE71BE71BE71BE71BE71BE71BE732
:107E40001BE71BE71BE71BE71BE71BE71BE71BE722
:107E50001BE71BE71BE71BE71BE7FBE61BE71BE733
:107E60001BE71BE71BE71BE71BE71BE71BE71BE702
:107E70001BE71BE71BE71BE71BE71BE71BE71BE7F2
:107E80001BE71BE71BE71BE71BE71BE71BE71BE7E2
:107E90001BE71BE71BE71BE71BE71BE71BE71BE7D2
:107EA0001BE71BE71BE71BE71BE71BE71BE71BE7C2
:107EB0003CE71BE76F47548F4E4F6E474F4F4F4F76
:107EC000505770574F5F50572F5F505F505F2F5F75
:107ED0000E470E4FEE460E47EE4EEE46EE4EEE4E7F
:107EE000CE4EEE4ECD4EEE4EAD4ECE4ECE46CD4E9D
:107EF0000F4FCD46F37E705EAD46B066AD46CC3ECC
:107F0000AE4D6E5617B7DBC7F48638B78E4E326764
:107F10006D466D4ED7AE4F4EFBDE3CE71BE7FBDEFA
:107F20001BE71BE71BE71BE71BE71BE71BE71BE741
:107F30001BE71BE71BE71BE71BE71BE71BE71BE731
:107F40001BE71BE71BE71BE71BE71BE71BE71BE721
:107F50001BE71BE71BE71BE71BE71BE71BE71BE711
:107F60001BE71BE71BE71BE71BE71BE71BE71BE701
:107F70001BE71BE71BE71BE71BE71BE71BE71BE7F1
:107F80001BE71BE71BE71BE71BE71BE71BE71BE7E1
:107F90001BE71BDF1BE71BE71BE71BE71BE71BE7D9
:107FA0001BE71BE71BE71BE71BE71BE71BE71BE7C1
:107FB0003CE71BE76F47548F6E478D3F6F4F6E470F
:107FC0006F4F6F4F504F504F2F574F572F572F57BF
:107FD0000E470E4FEE460E47EE46EE46EE46EE4696
:107FE000EE46EE46CF5E8D468E4E2D46CE46CE46B2
:107FF000AF4EAE46CE3EEE3E6D4E8D4ECE3EED4683
:108000006D3E8E46B6AF1287F266F37E4D464F56F2
:108010006C468D3EF6A64E46FBDE3CE71BE7FBDEDC
:108020001BE71BE71BE71BE71BE71BE71BE71BE740
:108030001BE71BE71BE71BE71BE71BE71BE71CE72F
:108040001BE71BE71BE71BE71BE71BE71BE71BE720
:108050001BE71BE71BE71BE71BE71BE71CE71BE70F
:108060001BE71BE71BE71BE71BE71BE71BE71BE700
:108070001BE71BE71BE71BE71BE71BE71BE71BE7F0
:108080001BE71BE71BE71BE71BE71BE71BE71BE7E0
:108090001BE71BE71BE71BE71BE71BE71BE71BE7D0
:1080A0001BE71BE71BE71BE71BE71BE71BE71BE7C0
:1080B0003CE71BE76E47548F4E478D3F4E474E4778
:1080C0006F4F6F4F4F4F4F4F2F4F4F4F2E4F2F4FE1
:1080D0000E470E470E3F0E47EE46ED46ED46EE4686
:1080E000CE46EE46AF5EAE4EAE4E6E4EAD3ECE4688
:1080F0008D4EAE46CC2ECD368D468C3E8D3EAD3669
:10810000AD3E2D469076ED558F4ED0662D464D46B0
:108110004C466D3EF6A62D3EFBDE3BE71BE71BE71C
:108120001BE71BE71BE71BE71BE71BE71BE71BE73F
:108130001BE71BE71BE71BE71BE71BE71BE71CE72E
:108140001BE71BE71BE71BE71BE71BE71BE71BE71F
:108150001BE71BE71BE71BE71BE71BE71CE71BE70E
:108160001BE71BE71BE71BE71BE71BE71BE71BE7FF
:108170001BE71BE71BE71BE71BE71BE71BE71BE7EF
:108180001BE71BE71BE71BE71BE71BE71BE71BE7DF
:108190001BE71BE71BE71BE71BE71BE71BE71BE7CF
:1081A0001BE71BE71BE71BE71BE71BE71BE71BE7BF
:1081B0003BE71CE76E3F548F4E3F6D3F4E474E47A7
:1081C0004E4F4E472E474E472E472E472E4F2E4F8F
:1081D0000E3F0E47ED3E0E3FED3EED3EED3EED3ED9
:1081E000CD3EED3E105FCE4EAE46CF56AD3EAD3EDF
:1081F000CC46AD3EAD3E0D3F2D464D468D3E4D3EEF
:108200008D3E8E4E0C4E6D4E8C366C3E4C464C3E2A
:108210004C464D4617A72D3EFBDE3CE71BE71BE710
:108220001BE7FBDE1BE71BE71BE71BE71BE71BE767
:108230001BE71BE71BE71BE71BE71BE71BE71BE72E
:108240001BE71BE71BE71BE71BE71BE71BE71BE71E
:108250001BE71BE71BE71CE71BE71BE71BE71BE70D
:108260001BE71BE71BE71BE71BE71BE71BE71BE7FE
:108270001BE71BE71BE71BE71BE71BE71BE71BE7EE
:108280001BE71BE71BE71BE71BE71BE71BE71BE7DE
:108290001BE71BE71BE71BE71BE71BE71BE71BE7CE
:1082A0001BE71BE71BE71BE71BE71BE71BE71BE7BE
:1082B0003BE71CE76E3F34874D3F6D3F4D3F4D3FE1
:1082C0002E474E472E472E470E472E470E470E4746
:1082D0000D3F0D3FED3EED3EED3EED3ECD3EED3E24
:1082E000CD3ECD3EEE568D3EAD3E6D3EAD3EAD3EFD
:1082F000EB2ECD3E2F666C3E36AFF6AE6E46358F1A
:108300006D3E4C3E6B368C3EAB2EAB2E4C466C36E7
:108310006C3E2C46D69E4D3EFBDE1BE71BE71BE763
:108320001BE7FBDE1BE71BE71BE71BE71BE71BE766
:108330001BE71BE71BE71BE71BE71BE71BE71BE72D
:108340001BE71BE71BE71BE71BE71BE71BE71BE71D
:108350001CE71BE71BE71CE71BE71BE71BE71BE70B
:108360001BE71BE71BE71BE71BE71BE71BE71BE7FD
:108370001CE71CE71BE71CE71BE71BE7FBE61BE70B
:108380001BE71BE71BE71BE71BE71BE71BE71BE7DD
:108390001BE71BE71BE71BE71BE71BE71BE71BE7CD
:1083A0001BE71BE71BE71BE71BE71BE71BE71BE7BD
:1083B0005BE71CE76E3F33874D376D374D374D37E1
:1083C0004D3F4D3F2D3F2D3F0D3F2D3F0D3F0D3F6D
:1083D0000D3F0D3FED3EED36ED3EED3EED3EED3E0B
:1083E000CD36CC368D46AD3ECD36AD3E8C3ECD360F
:1083F0000F47CD3EFDE751667ACF9BD7F79F58AF29
:108400006D464E4EAC366C36AC3E6A2E4C3E6C3EE3
:108410004B3E4D46D5964D3EFBDE3BE7FBDEFBDE9D
:108420001BE71BE71BE71BE71BE71BE71BE71BE73C
:108430001BE71BE71BE71BE71BE71BE71BE71BE72C
:108440001BE71BE71BE71BE71BE71BE71BE71BE71C
:108450001BE71BE71BE71CE71BE71BE71CE71CE709
:108460001BE71BE71BE71BE71BE71BE71BE71BE7FC
:108470001BE71BE71BE71BE71BE71BE71BE71BE7EC
:108480001BE71BE71BE71BE71BE71BE71BE71BE7DC
:108490001BE71BE71BE71BE71BE71BE71BE71BE7CC
:1084A0001BE71BE71BE71BE71BE71BE71BE71BE7BC
:1084B0005BE71CE76E3F13874C378C374D374D37E2
:1084C0002D374D372D374D3F0D372D370C370C3F9E
:1084D000EC36EC36ED36EC36EC36EC36EC36EC368B
:1084E000EC36CC36AD3ECD36AC36AC36AC3ECC36CA
:1084F000AD458D3E9BD7FCD75ABF7BCF159F18AF9C
:108500006C46548F8C366C368B3D0C3E8D462C3E23
:108510004B3E0B36D6962C3EFBDE3BE7FBDEFBDE0E
:108520001BE71BE71BE71BE71BE71BE71BE71BE73B
:108530001BE71BE71BE71BE71BE71BE71BE71BE72B
:108540001CE71BE71BE71BE71BE71BE71BE71BE71A
:108550001BE71BE71BE71BE71BE71BE71BE71BE70B
:108560001BE71BE71BE71BE71BE71BE71BE71BE7FB
:108570001BE71BE71BE71BE71BE71BE71BE71BE7EB
:108580001BE71BE71BE71BE71BE71BE71BE71BE7DB
:108590001BE71BE71BE71BE71BE71BE71BE71BE7CB
:1085A0001BE71BE71BE71BE71BE71BE71BE71BE7BB
:1085B0005BE71CE76D3FF37E6C376C374D2F4D3713
:1085C0002D374C372D374D370C370C370C370C37D0
:1085D000EC36EC36EC36EC36EC36EC36CC36EC36AB
:1085E000EC2ECC36AC36CC36CC2EAC36AC36CC36CB
:1085F000D47E8D467AD7DCD7979798A7D38E158FE0
:108600008C46B17ECC2D6C36769FB27EEA2D4E56CE
:108610002B366C3EF69E2C36FBDE3BE7FBDEFBDEAC
:108620001BE71BE71BE71BE71BE71BE71BE71BE73A
:108630001BE71BE71BE71BE71BE71BE71BE71BE72A
:108640001CE71BE71BE71BE71BE71BE71BE71BE719
:108650001BE71BE71BE71BE71BE71BE71BE71BE70A
:108660001BE71BE71BE71BE71BE71BE71BE71BE7FA
:108670001BE71BE71BE71BE71BE71BE71BE71BE7EA
:108680001BE71BE71BE71BE71BE71BE71BE71BE7DA
:108690001BE71BE71BE71BE71BE71BE71BE71BE7CA
:1086A0001BE71BE71BE71BE71BE71BE71BE71BE7BA
:1086B0005BE71CE76D37337F4C2F6C2F4D2F4C2F12
:1086C0002C2F4C2F2C2F2C2F0C2F2C2F0C2F0C2F12
:1086D000EC36EC2EEC2EEC36CC2EEC36CC36CC3602
:1086E000CB2ECC2EAC36CC2ECC2ECC2EAC36CC2EEB
:1086F000557FAD4637C7DAC77587369FF16E337F32
:108700008C46CF5EB15E6C3658B7DBC78D3E547F6A
:108710002B362A26D5962C36FBDE1BE71BE71BE7FC
:108720001BE7FBE61BE71BE71BE71BE71BE71BE75A
:108730001BE71BE71BE71BE71BE71BE71BE71BE729
:108740001BE71BE71CE71CE71BE71BE71BE71BE717
:108750001BE71BE71BE71BE71BE71BE71BE71BE709
:108760001BE71BE71BE71BE71BE71BE71BE71BE7F9
:108770001BE71BE71BE71BE71BE71BE71BE71BE7E9
:108780001BE71BE71BE71BE71BE71BE71BE71BE7D9
:108790001BE71BE71BE71BE71BE71BE71BE71BE7C9
:1087A0001BE71BE71BE71BE71BE71BE71BE71BE7B9
:1087B0005CE71CE78C2F327F6C2F6C2F4D274C2FE2
:1087C0004C2F4B2F2C2F2C2F0C2F0C2F0C2F0C2F12
:1087D000EC36EC2ECC2EEC2ECC2ECC2ECB2ECC2E62
:1087E000CC2ECB2ECC2ECB2EAC2EAC2EAB2EAC2E3C
:1087F000705E8C3635A7D7A7F37E359FCF56F166CE
:108800006C36AD4EB05E6C3E338FB79F2C3E6F5EC4
:108810004A2E4B2EB5962C2EFBDE1BE71BE71BE7E3
:108820001BE71BE71BE71BE71BE71BE71BE71BE738
:108830001BE71BE71BE71BE71BE71BE71BE71BE728
:108840001CE71BE71BE71BE71BE71BE71BE71BE717
:108850001BE71BE71BE71BE71BE71BE71BE71BE708
:108860001BE71BE71BE71BE71BE71BE71BE71BE7F8
:108870001BE71BE71BE71BE71BE71BE71BE71BE7E8
:108880001BE71BE71BE71BE71BE71BE71BE71BE7D8
:108890001BE71BE71BE71BE71BE71BE71BE71BE7C8
:1088A0001BE71BE71BE71BE71BE71BE71BE71BE7B8
:1088B0005CE71CE78C2F327F4C274C274D274D2F30
:1088C0002B2F4B2F2C2F2B2F0C2F0C2F0C270C2743
:1088D000EC2EEC2EEB2ECC2ECB2ECB2ECB2ECB2E6D
:1088E000AB2ECB2EAB2EAB2EAB2EAC2EAB2EAB2E9F
:1088F0002D3E8B3696975277F26EF37EAD46D0566C
:108900002A264B36CC358C36AF56F1662B2E2C46AC
:108910004A2E2A26D69E0B2EFBDE1BE7FBDEFBDE55
:108920001BE71BE71BE71BE71BE71BE71BE71BE737
:108930001BE71BE71BE71BE71BE7FBDE1BE71BE750
:108940001CE71BE71BE71BE71BE71BE71BE71BE716
:108950001BE71BE71BE71BE71BE71BE71BE71BE707
:108960001BE71BE71BE71BE71BE71BE71BE71BE7F7
:108970001BE71BE71BE71BE71BE71BE71BE71BE7E7
:108980001BE71BE71BE71BE71BE71BE71BE71BE7D7
:108990001BE71BE71BE71BE71BE71BE71BE71BE7C7
:1089A0001BE71BE71BE71BE71BE71BE71BE71BE7B7
:1089B0005CE71BE78C2F327F4B276B1F4C274C2724
:1089C0002B274B272B272B272B272B270B270B2737
:1089D000EB2EEB26EB2EEB2ECB26CB26CB26CB2677
:1089E000AB26AB26AB26AB26AB2EAB268B2E8B262F
:1089F0006C2E8B2ED05E0C36EF5631678C36AD3E2A
:108A00006B264B262B266B264B2E2B2E4B262B26EE
:108A100049264A26D69E0B26FBDE1CE71BE7FBDE1B
:108A20001BE71BE71BE71BE71BE71BE71BE71BE736
:108A30001BE71BE71BE71BE71BE71BE71BE71BE726
:108A40001BE71BE71BE71BE71BE71BE71BE71BE716
:108A50001BE71BE71BE71BE71BE71BE71BE71BE706
:108A60001BE71BE71BE71BE71BE71BE71BE71BE7F6
:108A70001BE71BE71BE71BE71BE71BE71BE71BE7E6
:108A80001BE71BE71BE71BE71BE71BE71BE71BE7D6
:108A90001BE71BE71BE71BE71BE71BE71BE71BE7C6
:108AA0001BE71BE7FBDE1BE71BE71BE71BE71BE7DF
:108AB0005CE71BDF8C27327F4B276B1F4C1F2C275B
:108AC0002B274B272B272B270B272B270B270B2756
:108AD000EB26EB26EB26EB26CB26EB26CB26CB266E
:108AE000CB26CB26AB26AB268B268B268A268B263F
:108AF000AB1E8A262C2E6B268C2E4C366B266B26B4
:108B00004A264A268B262A1E6A1E4B262A264A1EDB
:108B100049264A26D6960B26FBDE3CE71BE71BE7D9
:108B20001BE71BE71BE71BE71BE71BE71BE71BE735
:108B30001BE71BE71BE71BE71BE71BE71BE71BE725
:108B40001BE71BE71BE71CE71BE71BE71BE71BE714
:108B50001BE71BE71BE71BE71BE71BE71BE71BE705
:108B60001BE71BE71BE71BE71BE71BE71BE71BE7F5
:108B70001BE71BE71BE71BE71BE71BE71BE71BE7E5
:108B80001BE71BE71BE71BE71BE71BE71BE71BE7D5
:108B90001BE71BE71BE71BE71BE71BE71BE71BE7C5
:108BA0001BE71BE71BE71BE71BE71BE7FBDE1BE7DE
:108BB0005CE71BDF8B2732772B274B1F2C1F2C27C3
:108BC0002B272B272B1F2A270B270B270B1F0B1FAE
:108BD000EA26EB26CA26EA26CB26CB26AA1ECB1EE1
:108BE000CB1ECB1EAA26AB1E8A268B268A268A2659
:108BF000AA1E8A1E4B2E8A1E6A264A266A266A1ECC
:108C00004A264A26491E4A1E491E49162A262A1E57
:108C1000491E0A26B696EB1DFBDE3CE71BE71BE769
:108C20001BE71BE71BE71BE71BE71BE71BE71BE734
:108C30001BE71BE71BE71BE71BE71BE71BE71BE724
:108C40001BE71BE71BE71CE71BE71BE71BE71BE713
:108C50001BE71BE71BE71BE7FBDE1BE7FBDE1BE756
:108C60001CE71BE71BE71BE71BE71BE71BE71BE7F3
:108C70001BE71BE71BE71BE71BE71BE71BE71BE7E4
:108C80001BE71BE71BE71BE71BE71BE71BE71BE7D4
:108C90001BE71BE71BE71BE71BE71BE71BE71BE7C4
:108CA0001BE71BE71BE71BE71BE71BE7FBDEFBDE06
:108CB0005CE7FBDE8B1F32774B1F6B172B1F2B1FC5
:108CC0002A1F4A1F0B1F2A1F0A1F0A1F0B1F0B1FD9
:108CD000EA1EEA1ECA1EEA1ECA1ECA1ECA1ECA1EF4
:108CE000CA1ECA1EAA1EAA1E8A1E8A1E8A1E8A1E84
:108CF0008A1E8A1E6A266A1E6A1E4A264A266A1E1C
:108D00002A262A2E491E4A1E491E491E2926491E68
:108D100029260A26D68EEA1DFBDE3CE71BE71BE769
:108D20001BE71BE71BE71BE71BE71BE71BE71BE733
:108D30001BE71BE71BE71BE71BE71BE71BE71BE723
:108D40001CE71BE71BE71BE71BE71BE71BE71BE712
:108D50001CE71CE71BE71CE71BE71BE7FBDE1BE729
:108D60001BE71BE71BE71BE71BE71BE71BE71BE7F3
:108D70001BE71BE71CE71BE71BE71BE71BE71BE7E2
:108D80001BE71BE71BE71BE71BE71BE71BE71BE7D3
:108D90001BE71BE71BE71BE71BE71BE71BE71BE7C3
:108DA0001BE71BE71BE71BE71BE71BE71BE71BE7B3
:108DB0007CE71BE78A1F51774A1F6B174B1F2B1F3E
:108DC0002A1F4A1F0A1F2A1F0A1F0A1FEA1EEA1E1D
:108DD000EA1EEA1ECA1ECA1ECA16CA1ECA1ECA1E1B
:108DE000CA16CA1EAA1EAA1EAA16AA166A1E8A1E7B
:108DF0008A16891669266A1E8A166A1E4A1E6A1E05
:108E00004A1E2A2649164A1E291E291E291E291EC7
:108E1000491E291ED696EA15FBDE3BE71BE71BE73A
:108E20001BE71BE71BE71BE71BE71BE71BE71BE732
:108E30001CE71BE71BE71BE71BE71BE71BE71CE720
:108E40001BE71BE71BE71BE71BE71BE71BE71BE712
:108E50001BE71BE71BE71BE71BE71BE71BE71BE702
:108E60001BE71BE71BE71BE71BE71BE71BE71BE7F2
:108E70001BE71BE71BE71BE71BE71BE71BE71BE7E2
:108E80001CE71BE71BE71BE71BE71BE71BE71BE7D1
:108E90001BE71BE71BE71BE71BE71BE71BE71BE7C2
:108EA0001BE71BE71BE71BE71BE71BE71BE71BE7B2
:108EB0005CE71BE76A1F116F4A1F4A172B172B1F0E
:108EC0002A172A17EA162A17EA1EEA1EEA1EEA1EBF
:108ED000EA16EA1ECA16CA1ECB1ECA16CB1ECB261F
:108EE000EB26EB26CB26EB26AB1ECB1E8B1ECB2612
:108EF00069166A1E691E6A1E6A1669164A166A167D
:108F00004A162A1E49164A162916291E29162916F6
:108F100028162A16B68EEA15FBDE3CE71BE7FBDEB9
:108F20001BE7FBDE1BE71BE71BE71BE71BE71BE75A
:108F30001BE71BE71BE71BE71BE71BE71BE71BE721
:108F40001BE71BE71BE71BE71BE71BE71BE71BE711
:108F50001BE7FBDE1BE71BE71BE71BE71BE71BE72A
:108F60001BE71BE71BE71BE71CE71BE71CE71CE7EE
:108F70001BE71BE71BE71BE71BE71BE71BE71BE7E1
:108F80001BE71BE71BE71BE71BE71BE71BE71BE7D1
:108F90001BE71BE71BE71BE71BE71BE71BE71BE7C1
:108FA0001BE71BE71BE71BE71BE71BE71BE71BE7B1
:108FB0005CE71CE76A1F11774A174A174B172A17F5
:108FC0000B172A170A170B17EB16EB16EB16EB16F7
:108FD000A826CA1EE916A9260404EA162001E00004
:108FE0004001200160014001200141016001400178
:108FF0004A168B3D6A166A166A164A164A166A1689
:109000004A162A164A162A162A162A162A162A1620
:1090100008160916B586EA15FBDE3CE7FBDEFBDE2B
:109020001BE71BE71BE71BE71BE71BE71BE71BE730
:109030001BE71BE71BE71BE71BE71BE71BE71BE720
:109040001BE71BE71BE71BE71BE71BE71BE71BE710
:109050001BE71BE71BE71BE71BE71BE71CE71BE7FF
:109060001BE71BE71BE71BE71BE71BE71BE71BE7F0
:109070001BE71BE71BE71BE71BE71BE71BE71BE7E0
:109080001BE71BE71BE71BE71BE71BE71BE71BE7D0
:109090001BE71BE71BE71BE71CE71BE71BE71CE7BE
:1090A0001BE71BE71BE71BE71BE71BE71BE71BE7B0
:1090B0005CE7FBE68A1F31774A174A0F4B0F2A17E6
:1090C0000A17290F09170A170A170A17EA16EA0ECC
:1090D000EA0E090FEA06CA168A1CEC0EE941273A85
:1090E000084A4A3A293A2842094A29428622073A36
:1090F00069162C45690E890E690E690E490E6916AE
:10910000480E490E490E490E480E4916290E280EE2
:10911000081E0816958ECA15FBDE3BE71BE7FBDE33
:109120001BE71BE71BE71BE71BE71BE71BE71BE72F
:109130001BE71BE71BE71BE71BE71BE71BE71BE71F
:109140001BE71BE71BE71BE71BE71BE71BE71BE70F
:109150001BE71BE71BE71BE71BE71BE71BE71BE7FF
:109160001BE71BE71BE71BE71BE71BE71BE71BE7EF
:109170001BE71BE71BE71BE71BE71BE71BE71BE7DF
:109180001BE71BE71BE71BE71BE71BE71BE71BE7CF
:109190001BE71BE71BE71BE71BE71BE71BE71BE7BF
:1091A0001BE71BE71BE71BE71BE71BE71BE71BE7AF
:1091B0005CE7FBE68A17316F490F6A070A172A171F
:1091C00008170917E9160917E916E916C816E81667
:1091D000E906E90EEA0EC90EAB2DCA0E6D648C6469
:1091E0008D64AD5C8E5CAD5C6D6C8E640C556C5C9E
:1091F000481EAB45481668164816481E2816281EF5
:109200002816281628162816081628160816081EC6
:10921000E71D071E948EA91DFBDE1BE71BE7FBDE87
:109220001BE71BE71BE71BE71BE71BE71BE71BE72E
:109230001BE71BE71BE71BE71BE71BE71BE71BE71E
:109240001BE71BE71BE71BE71BE71BE71BE71BE70E
:109250001BE71BE71BE71BE71BE71BE71BE71BE7FE
:109260001BE71CE71BE71BE71BE71BE71BE71BE7ED
:109270001BE71BE71BE71BE71BE71BE71BE71BE7DE
:109280001BE71BE71BE71BE71BE71BE71BE71BE7CE
:109290001BE71BE71BE71BE71BE71BE71BE71BE7BE
:1092A0001BE71BE71BE71BE71BE71BE71BE71BE7AE
:1092B0005CE7FBE68A0F316F49076907290F290F21
:1092C000090F280F0A0F090F0A0FEA06E90EE9062F
:1092D000E90EE90EC80EC8166916E80629262936D1
:1092E000491E6A1E491E691EE91D0A266916081EC6
:1092F000690E4806690E690E690E690E490E480E20
:10930000490E490E290E290E290E290E090E290E85
:10931000070E080E948EC815FBDE3BE71BE7FBDE4D
:109320001BE71BE71BE71BE71BE71BE71BE71BE72D
:109330001BE71BE71BE71BE71BE71BE71BE71BE71D
:109340001BE71BE71BE71BE71BE71BE71BE71BE70D
:109350001BE71BE71BE71BE71BE71BE71BE71BE7FD
:109360001BE71BE71BE71BE71BE71BE71BE71BE7ED
:109370001BE71BE71BE71BE71BE71BE71CE71CE7DB
:109380001BE71CE71BE71BE71BE71BE71BE71BE7CC
:109390001BE71BE71BE71BE71BE71BE71BE71BE7BD
:1093A0001BE71BE71BE71BE71BE71BE71BE71BE7AD
:1093B0005CE7FBE6490F306F49078A0F4907290F21
:1093C0000A0F28070A070A07EA0EEA06C906E90E85
:1093D000C90EC90EC90EA916C90EE906C90EC916CD
:1093E000A90EC906AA0ECA0E690E8A0E8806690E53
:1093F000690E8806690E690E2806690E280E290E68
:10940000290E290E290E290E290E090E090E290EE4
:109410002706E90DB4860906FBDE3BDF1BE7FBDE12
:109420001BE71BE71BE71BE71BE71BE71BE71BE72C
:109430001BE71BE71BE71BE71BE71BE71BE71CE71B
:109440001BE71BE71BE71BE71BE71BE71BE71BE70C
:109450001BE71BE71BE71BE71BE71BE71BE71BE7FC
:109460001BE71BE71BE71BE71BE71BE71BE71BE7EC
:109470001BE71BE71BE71BE71BE71BE71CE71CE7DA
:109480001CE71CE71BE71CE71BE71BE71BE71BE7C9
:109490001BE71BE71BE71BE71BE71BE71BE71BE7BC
:1094A0001BE71BE71BE71BE71BE71BE71BE71BE7AC
:1094B0005BE7FBDE491F117F080F490F2907290FC2
:1094C000080F280FE80E0807E80EE80EC80EE80E91
:1094D000C906E906C90EC90EC90EC906C90EC90ECC
:1094E000C90EC90EA90EA90E690E89168916890E14
:1094F000670E880E670E470E470E470E270E270E83
:10950000270E270E070E270E070E070E280E270E12
:109510000706070ED686C905FBDE3BDF1BE7FBDE31
:109520001BE71BE71BE71BE71BE71BE71BE71BE72B
:109530001BE71BE71BE71BE71BE71BE71BE71CE71A
:109540001BE71BE71BE71BE71BE71BE71BE71BE70B
:109550001BE71BE71BE71BE71BE71BE71BE71BE7FB
:109560001BE71BE71BE71BE71BE71BE71BE71BE7EB
:109570001BE71BE71BE71BE71BE71BE71CE71BE7DA
:109580001BE71BE71CE71BE71BE71BE71BE71BE7CA
:109590001BE71BE71BE71BE71BE71BE71BE71BE7BB
:1095A0001BE71BE71BE71BE71BE71BE71BE71BE7AB
:1095B0003CE7FCE62917316F0B1F4B1F0A07EB1620
:1095C0000907280709070907E90EE906E806E90E71
:1095D000E906E806E906E906A806C906A80EA80EE7
:1095E000A806880EA806A8068806A80667068806A4
:1095F000680668064806680647064706480647069E
:10960000480E270627062706470E070E27062706B9
:10961000881DE70DB68EAA1DFBDE3CE71BE71BE7A6
:109620001BE71BE71BE71BE7FBDE1BE71BE71BE753
:109630001BE71BE71BE71BE71CE71CE71BE71BE718
:109640001BE71BE71BE71BE71BE71BE71BE71BE70A
:109650001BE71BE71BE71BE71BE71BE71BE71BE7FA
:109660001BE71BE71BE71BE71CE71BE71BE71BE7E9
:109670001BE71BE71BE71BE71BE71BE71CE71BE7D9
:109680001BE71BE71CE71BE71BE71BE71BE71BE7C9
:109690001BE71BE71BE71BE71BE71BE71BE71BE7BA
:1096A0001BE71BE71BE71BE71BE71BE71BE71BE7AA
:1096B0003CE7FCE6EE4EF2868E668E4E8D468E5E62
:1096C0006D464C464D464D464D4E4E4E4D4E4D4EC2
:1096D0004D4E6D4E2D564D562D462D4E0D462D465A
:1096E0000D4E0D4E0C4E0D4E0D460D4EEC45EC45FF
:1096F000CD45CC456B3DAC454B3D2B3D2B3D2B3DEE
:109700004B3D6C456C4D4C3D6B45CC4D8C458C4573
:10971000ED5D6C4DB69E2E56FBDE1BDF1BE7FBDEC0
:109720001BE71BE71BE71BE71BE71BE71BE71BE729
:109730001BE71BE71BE71BE71CE71CE71BE71BE717
:109740001BE71BE71BE71BE71BE71BE71BE71BE709
:109750001BE71BE71BE71BE71BE71BE71BE71BE7F9
:109760001BE71BE71BE71BE71BE71BE71BE71BE7E9
:109770001BE71BE71BE71BE71BE71BE71BE71BE7D9
:109780001BE71BE71BE71BE71BE71BE71BE71BE7C9
:109790001BE71BE71BE71BE71BE71BE71BE71BE7B9
:1097A0001BE71BE71BE71BE71BE71BE71BE71BE7A9
:1097B0001CE7FBDEBBD7BCE719CF3ACF5ACF3AD76D
:1097C0009BDF5ACF9BDF9BDFDDE7BCE7FDE7DDE7F3
:1097D000BDE73BD7DDEFBDE7DDE7DDEFDDE7DEE74A
:1097E000DDE7DDE7BDE7BDE79CD79CDFF9CE5BCFCA
:1097F00097B6D8BED59D36AEB07C9395B07C6F74CD
:10980000B49D339576B616AE5BD73ACFBCE77BDF17
:109810009AD77BDFBDE79BD7FBDE1BDF1BE7FBDEB9
:109820001BE71BE71BE7FBDE1BE71BE71BE71BE751
:109830001BE71BE71CE71CE71BE71BE71BE71BE716
:109840001BE71BE71BE71BE71BE71BE71BE71BE708
:109850001BE71BE71BE71BE71BE71BE71BE71BE7F8
:109860001BE71BE71BE71BE71BE71BE71BE71BE7E8
:109870001BE71CE71BE71BE71BE71BE71BE71BE7D7
:109880001BE71BE71BE71BE71BE71BE71BE71BE7C8
:109890001BE71BE71BE71BE71BE71BE71BE71BE7B8
:1098A0001CE71CE71BE71BE71BE71BE71BE71BE7A6
:1098B0001BE7FBDE58C6FBDED7B5D7B539C696AD7C
:1098C000BEF7BEF7BEF7BEF7BFF7BFF7BEF7BEF7EE
:1098D0009ACE39C6BBD69AD6FBDEFBDE1BE71BE76A
:1098E000FBDEFBDE38C699D6B6B5F7BD139D55AD88
:1098F0005184B2948E6BF07BCB524D63AB526A4A6B
:109900008E6B2D63718CF07B59CED6B5DADE99D68D
:1099100037C699D63BE758C6FBDE1BDF1BE7FBDEED
:109920001BE71BE71BE7FBDE1BE71BE71BE71BE750
:109930001BE71BE71BE71BE71BE71BE71BE71BE717
:109940001BE71BE71BE71BE71BE71BE71BE71BE707
:109950001BE71BE71BE71BE71BE71BE71BE71BE7F7
:109960001BE71BE71BE71BE71BE71BE71BE71BE7E7
:109970001BE71CE71BE71BE71BE71BE71BE71BE7D6
:109980001BE71BE71BE71BE71BE71BE71BE71BE7C7
:109990001BE71BE71BE71BE71BE71BE71BE71BE7B7
:1099A0001CE71CE71BE71BE71BE71BE71BE71BE7A5
:1099B0001CE7FBDE79CEFBDEB7B5F8BDF8BD76ADB2
:1099C0005DE75DE77DEF5DEF5DEF7DEFBEF77DEF7E
:1099D0007ACE59C6BBD69AD61CE7FBDE3CE75CE7DD
:1099E000DAD61BE758C699CEB6B517BE13A575AD26
:1099F0005184D3948E6BF07BEB5A4D63EB5A8A4AB9
:109A0000CF734D63718C108459C695B5BAD679CE93
:109A100099CE79CE7CEF79CEFBDE1BDF1BE7FBDE38
:109A20001BE71BE7FBDEFBDE1BE71BE71BE71BE778
:109A30001BE71BE71BE71BE71BE71BE71BE71BE716
:109A40001BE71BE71BE71BE71BE71BE71BE71BE706
:109A50001BE71BE71BE71BE71BDF1BE71BE71BE7FE
:109A60001BE71CE71BE71BE71BE71BE71BE71BE7E5
:109A70001BE71BE71BE71BE71BE71BE71BE71BE7D6
:109A80001BE71BE71BE71BE71BE71BE71BE71CE7C5
:109A90001BE71BE71BE71BE71BE71BE71BE71BE7B6
:109AA0001CE71CE71BE71BE71BE71BE71BE71BE7A4
:109AB0001CE71BE799CE1BDFB7B518C6F8BDB7B5D5
:109AC0001CE7DBDE3DE73CE73CE73CE77EEF3DE7BC
:109AD0007ACE38C6DBD6BAD61CE7FBDE5CE75CE79D
:109AE000FBDE1BE738C69AD6D6B5F7BD14A575AD13
:109AF0007184B3948E6BF07BEC5A4D63EC5AAA528E
:109B0000AF734D63718C308438C696B5BAD659CED2
:109B100099D679CE7CEFDADEFBDE1BE71BE7FBDEB6
:109B20001BE71BE71BE7FBDE1BE71BE71BE71BE74E
:109B30001BE71BE71BE71BE71BE71BE71BE71BE715
:109B40001BE71BE71BE71BE71BE71BE71BE71BE705
:109B50001BE71BE71BE71BE71BE71BE71BE71BE7F5
:109B60001BE71CE71BE71BE71BE71BE71BE71BE7E4
:109B70001BE71BE71BE71BE71BE71BE71BE71BE7D5
:109B80001BE71BE71BE71BE71BE71BE71BE71CE7C4
:109B90001BE71BE71BE71BE71BE71CE71BE71BE7B4
:109BA0001CE71CE71BE71BE71BE71BE71BE71CE7A2
:109BB0001CE71BE79ACEFBDEF7BD38C6B7B596ADFE
:109BC0009AD69AD6FBDEBBD61CDFFBDE5DE71CDF38
:109BD0009ACE59CEDBDEBAD61CE7FBDE5CE75CE74B
:109BE000FBDE1BE779CE9AD6D7BD18C634A595B54E
:109BF000928CD394CF733084EC5A4D63EC5AAA52B2
:109C0000CF736E6B728C3084F7BD75AD79CE38C66C
:109C1000B9D678CE5CE7FADEFBDE1BE71BE7FBDE9E
:109C20001BE71BE71BE7FBDE1BE71BE71BE71BE74D
:109C30001BE71BE71BE71BE71BE71BE71BE71BE714
:109C40001BE71BE71CE71CE71BE71BE71BE71BE702
:109C50001BE71BE71BE71BE71BE71BE71BE71BE7F4
:109C60001BE71CE71BE71BE71BE71BE71BE71BE7E3
:109C70001BE71BE71CE71BE71BE71BE71BE71BE7D3
:109C80001BE71BE71BE71BE71BE71BE71BE71CE7C3
:109C90001BE71BE71BE71BE71BE71CE71BE71BE7B3
:109CA0001CE71CE71BE71BE71BE71BE71BE71CE7A1
:109CB0001CE71BE79ACE1BDFD7BD18C6B7B596AD1C
:109CC00079CE59CEBAD67ACEFBDEBAD61CE7DBDE29
:109CD0009AD659CEDBDEBAD61BE7FBDE3CE73CE783
:109CE000FBDE1BDF59CEBAD6D7BD18C634A595AD5D
:109CF000928CD39CCF733084CB524D63EB5A8A4AFB
:109D0000CF736E6B928C3084D7BD55AD59CE18C6CB
:109D100099D678CE5CE7FADEFBDE1BE71BE7FBDEBD
:109D20001BE71BE71BE7FBDE1BE71BE71BE71BE74C
:109D30001BE71BE71BE71BE71BE71BE71BE71BE713
:109D40001BE71BE71BE71BE71BE71BE71BE71BE703
:109D50001BE71BE71BE71BE71BE71BE71BE71BE7F3
:109D60001BE71BE71BE71BE71BE71BE71BE71BE7E3
:109D70001BE71BE71BE71BE71BE71BE71BE71BE7D3
:109D80001BE71BE71BE71BE71CE71CE71BE71CE7C0
:109D90001BE71BE71BE71BE71BE71BE71BE71BE7B3
:109DA0001BE71BE71BE71BE71BE71BE71BE71BE7A3
:109DB0001CE71BE799CEFBDED7BD18C696B596B556
:109DC00018C6F8BD79CE59C6BBD67ACEFCDEBBD656
:109DD0009AD659CEFBDEBBD61BE7FBDE5CE75CE721
:109DE000DBDE3BE779CEBAD6D7BD38C634A575AD34
:109DF000928CD39CCF73307C0C5B4D630C5BAA526E
:109E0000CF736E6B928C3084B6B534A558CEF7BD47
:109E1000B9D658CE5CEFFADEFBDE1BE71BE71BE78B
:109E20001BE71BE71BE7FBDE1BE7FBDE1BE71BE774
:109E30001BE71BE71BE71BE71BE71BE71BE71BE712
:109E40001BE71BE71BE71BE71BE71BE71BE71BE702
:109E50001BE71BE71BE71BE71BE71BE71BE71CE7F1
:109E60001BE71BE71BE71BE71BE71BE71BE71BE7E2
:109E70001BE71BE71BE71BE71BE71BE71BE71BE7D2
:109E80001BE71BE71BE71BE71BE71BE71CE71BE7C1
:109E90001BE71CE71BE71BE71BE71BE71BE71BE7B1
:109EA0001BE71BE71BE71BE71BE71BE71BE71BE7A2
:109EB0001CE71BE799CEFBDED7BD18C676AD96B57D
:109EC000D6B596B518C6F7BD79CE38C6BBD679CE0D
:109ED0007ACE59C6DBD6BAD61BE7FBDE3CE73CE7B9
:109EE000DBDE1BDF79CEBAD6D6BD38C634A595AD3C
:109EF000928CD394CF733084CB526D63EB528A4AE9
:109F0000CF734D63B294308496B535A538C6F6BD8F
:109F100099D678CE5CEFFADEFBDE1BE7FBDEFBDEDC
:109F20001BE71BE7FBDEFBDE1BE71BE71BE71BE773
:109F30001BE71BE71BE71BE71BE71BE71BE71BE711
:109F40001BE71BE71BE71BE71BE71BE71BE71BE701
:109F50001BE71BE71BE71BE71BE71BE71BE71CE7F0
:109F60001BE71BE71BE71BE71BE71BE71BE71BE7E1
:109F70001BE71BE71BE71BE71BE71BE71BE71BE7D1
:109F80001BE71BE71BE71BE71BE71BE71BE71BE7C1
:109F90001BE71BE71BE71BE71BE71BE71BE71BE7B1
:109FA0001BE71BE71BE71BE71BE71BE71BE71BE7A1
:109FB0001CE71BE79ACE1CE7F7BD59C675ADB6B5D1
:109FC000D6B576ADF8BDB6B559CEF7BD79CE38C6A3
:109FD00079CE99CEFBDEBAD61CE71BDF5CEF5CE7DF
:109FE000FBDE3CE799CEBAD6D7BD59C655AD96B57E
:109FF000B294149DCF7B518C2C636D6B2C63CB5230
:10A00000F07B8E6BB294518C75AD14A517C6B6B5A6
:10A0100099D658CE5CE7DADEFBDEFBDE1BE7FBDE23
:10A020001BE71BE7FBDEFBDE1BE71BE71BE71BE772
:10A030001BE71BE71BE71BE71BE71BE71BE71BE710
:10A040001BE71BE71BE71BE71CE71BE71BE71CE7FE
:10A050001BE71BE71BE71BE71BE71BE71BE71CE7EF
:10A060001BE71BE71BE71BE71BE71BE71BE71BE7E0
:10A070001CE71BE71BE71CE71BE71BE71CE71BE7CD
:10A080001CE71CE71CE71CE71BE71BE71BE71BE7BC
:10A090001BE71BE71BE71BE71BE71BE71BE71BE7B0
:10A0A0001BE71BE71BE71BE71BE71BE71BE71BE7A0
:10A0B0001BE71BE738C6BAD6B6B5D7BDF39C54AD7F
:10A0C000B294D29C718C718CEF7B0F848E73AE73C3
:10A0D0000F7CAE73D294718C34A5F39CB6B575AD7C
:10A0E00017BED6BD18C617C617BE38C6B6B5F7BD5B
:10A0F00034A575AD928C149DEF7B518C0F7CCE7383
:10A100003084EF7B718C508CB294B29434A5F39C64
:10A11000B6B575ADDADE17BE1BE71BE71BE71BE71D
:10A120001BE71BE7FBDEFBDE1BE71BE71BE71BE771
:10A130001BE71BE71BE71BE71BE71BE71BE71BE70F
:10A140001BE71BE71BE71BE71CE71BE71BE71CE7FD
:10A150001BE71BE71BE71BE71BE71BE71BE71BE7EF
:10A160001BE71CE71BE71BE71BE71BE71BE71BE7DE
:10A170001BE71CE71BE71BE71BE71BE71BE71BE7CE
:10A180001BE71BE71CE71BE71BE71BE71BE71BE7BE
:10A190001BE71BE71BE71BE71BE71BE71BE71BE7AF
:10A1A0001BE71BE71BE71BE71BE71BE7FBDE1CE7C7
:10A1B0001BE71BE7FBDEFBDEFBDEFBDEFBDEFBDE85
:10A1C000FBDEFBDEFBDEFBDEFBDEFBDEFBDEFBDEC7
:10A1D000FBDEFBDEFBDEFBDEFBDEFBDEFBDEFBDEB7
:10A1E0001BE7FBDEFBDEFBDEFBDE1BE7FBDEFBDE55
:10A1F000FBDEFBDE1BE71BE7FBDE1BE71BE71BE7CA
:10A200001BE71BE7FBDE1BE7FBDEFBDEFBDEFBDE0B
:10A21000FBDEFBDE1BE7FBDE1BE71BE71BE71BE7A9
:10A220001BE71BE71BE7FBDEFBE6FBE61BE71BE789
:10A230001BE71BE71BE71BE71BE71BE71BE71BE70E
:10A240001BE71BE71BE71BE71BE71BE71CE71BE7FD
:10A250001BE71BE71BE71BE71BE71BE71BE71BE7EE
:10A260001BE71CE71BE71BE71BE71BE71BE71BE7DD
:10A270001BE71BE71BE71BE71BE71BE71BE71BE7CE
:10A280001BE71BE71CE71BE71BE71BE71BE71BE7BD
:10A290001BE71BE71BE71BE71BE71BE71BE71BE7AE
:10A2A0001BE71BE71BE71BE71BE71BE71BE71CE79D
:10A2B0001BE71BE71BE71BE71BE71BE71BE71BE78E
:10A2C0001BE71CE71BE71BE71BE71CE71BE71BE77C
:10A2D0001BE71BE71BE71BE71BE71BE71BE71BE76E
:10A2E0001BE71BE71BE71BE71BE71BE71BE71BE75E
:10A2F0001BE71BE71BE71BE71BE71BE71BE71BE74E
:10A300001BE71BE71BE71BE71BE71BE71BE71BE73D
:10A310001BE71BE71BE71BE71BE71BE71BE71BE72D
:10A320001BE71BE71BE7FBDE1BE71BE71BE71BE746
:10A330001BE71BE71BE71BE71BE71BE71BE71BE70D
:10A340001BE71BE71BE71BE71CE71BE71BE71CE7FB
:10A350001BE71BE71BE71BE71BE71BE71BE71BE7ED
:10A360001BE71BE71BE71BE71BE71BE71BE71BE7DD
:10A370001BE71BE71BE71BE71BE71BE71BE71BE7CD
:10A380001BE71BE71BE71BE71BE71BE71BE71BE7BD
:10A390001BE71BE71BE71BE71BE71BE71BE71BE7AD
:10A3A0001BE71BE71BE71BE71BE71BE71BE71BE79D
:10A3B0001BE71BE71BE71BE71BE71BE71BE71BE78D
:10A3C0001BE71BE71BE71BE71BE71BE71BE71BE77D
:10A3D0001BE71BE71BE71BE71BE71BE71BE71BE76D
:10A3E0001BE71BE71BE71BE71BE71BE71BE71BE75D
:10A3F0001BE71BE71BE71BE71BE71BE71BE71BE74D
:10A400001BE71BE71BE71BE71BE71BE71BE71BE73C
:10A410001BE71BE71BE71BE71BE71BE71BE71BE72C
:10A420001BE71BE7FBDEFBDE1BE71BE71BE71BE76E
:10A430001BE71BE71BE71BE71BE71BE71BE71BE70C
:10A440001BE71BE71BE71BE71CE71BE71BE71CE7FA
:10A450001BE71BE71BE71BE71BE71BE71BE71BE7EC
:10A460001BE71BE71BE71CE71BE71BE71BE71BE7DB
:10A470001BE71BE71BE71BE71BE71BE71BE71BE7CC
:10A480001BE71BE71BE71BE71BE71BE71BE71BE7BC
:10A490001BE71BE71BE71BE71BE7FBDE1BE71BE7D5
:10A4A0001BE71BE71BE71BE71BE71BE71BE71BE79C
:10A4B0001BE71BE71BE71BE71BE71BE71BE71BE78C
:10A4C0001BE71BE71BE71BE71BE71BE71BE71BE77C
:10A4D0001BE71BE71BE71BE71BE71BE71BE71BE76C
:10A4E0001BE71BE71BE71BE71BE71BE71BE71BE75C
:10A4F0001BE71BE71BE71BE71BE71BE71BE71BE74C
:10A500001BE71BE71BE71BE71BE71BE71BE71BE73B
:10A510001BE71BE71BE71BE71BE71BE71BE71BE72B
:10A520001BE71BE71CE71BE71BE71BE71CE71BE719
:10A530001BE71CE71BE71BE71BE71BE71BE71BE70A
:10A540001BE71BE71BE71BE71BE71BE71BE71BE7FB
:10A550001BE71BE71BE71BE71BE71BE71BE71BE7EB
:10A560001BE71BE71BE71CE71BE71BE71BE71BE7DA
:10A570001CE71BE71BE71CE71BE71BE71BE71BE7C9
:10A580001BE71BE71BE71BE71BE71BE71BE71BE7BB
:10A590001BE71BE71BE71CE71BE71BE71BE71BE7AA
:10A5A0001BE71BE71BE71BE71BE71BE71BE71BE79B
:10A5B0001BE71BE71BE71BE71BE71BE71BE71BE78B
:10A5C0001BE71BE71BE71BE71BE71BE71BE71BE77B
:10A5D0001BE71BE71BE71BE71BE71BE71BE71CE76A
:10A5E0001BE71BE71BE71BE71BE71CE71BE71BE75A
:10A5F0001BE71BE7FBDE1BE71BE71BE71BE71BE774
:10A60000FBDEFBDE1BE7FBDE1BE71BE71BE71BE7B5
:10A610001BE71CE71BE71BE71BE71BE71BE71BE729
:10A620001CE71BE71CE71CE71BE71BE71BE71BE717
:10A630001BE71BE71BE71BE71CE71BE71CE71CE707
:10A640001CE71CE71CE71CE71BE71BE71BE71BE7F6
:10A650001CE71CE71BE71BE71BE71BE71BE71BE7E8
:10A6600000000000000000000000000000000000EA
:10A6700000000000000000000000000000000000DA
:10A6800000000000000000000000000000000000CA
:10A6900000000000000000000000000000000000BA
:10A6A00000000000000000000000000000000000AA
:10A6B000000000000000000000000000000000009A
:10A6C000000000000000000000000000000000008A
:10A6D000000000000000000000000000000000007A
:10A6E000000000000000000000000000000000006A
:10A6F000000000000000000000000000000000005A
:10A700000000000000000000000000000000000049
:10A710000000000000000000000000000000000039
:10A720000000000000000000000000000000000029
:10A730000000000000000000000000000000000019
:10A740000000000000000000000000000000000009
:10A7500000000000000000000000000000000000F9
:10A7600000000000000000000000000000000000E9
:10A770000000000000000000000008600880108059
:10A7800010A0422073E49D68ADEABE6BB64BA5AA4B
:10A790008CE85B4429A008A0088008800000000025
:10A7A00000000000000000000000000000000000A9
:10A7B0000000000000000000000000000000000099
:10A7C0000000000000000000000000000000000089
:10A7D0000000000000000000000000000000000079
:10A7E0000000000000000000000000000000000069
:10A7F0000000000000000000000000000000000059
:10A800000000000000000000000000000000000048
:10A810000000000000000000000000000000000038
:10A820000000000000000000000000000000000028
:10A8300000000000000000000000086018E08C45E7
:10A84000D6C3EFA3EFA3E7A3E783DF83DF63D76478
:10A85000CF44CF45C725C725BF06BF06B6E7AEE73D
:10A86000AEC8AEA9A68985484B05088008600000DF
:10A8700000000000000000000000000000000000D8
:10A8800000000000000000000000000000000000C8
:10A8900000000000000000000000000000000000B8
:10A8A00000000000000000000000000000000000A8
:10A8B0000000000000000000000000000000000098
:10A8C0000000000000000000000000000000000088
:10A8D0000000000000000000000000000000000078
:10A8E0000000000000000000000000000000000068
:10A8F000000000000000000000000000108062E284
:10A90000FFA5FFC2FFE0FFE0F7C1F7C1EFA1EFA293
:10A91000E782DF83DF63D763D744CF44CF25C725E2
:10A92000BF06BF06B6E6B6E7AEC7AEC8A6A89EA8E5
:10A930009EA99689966B85AB21C20000000000009D
:10A940000000000000000000000000000000000007
:10A9500000000000000000000000000000000000F7
:10A9600000000000000000000000000000000000E7
:10A9700000000000000000000000000000000000D7
:10A9800000000000000000000000000000000000C7
:10A9900000000000000000000000000000000000B7
:10A9A00000000000000000000000000000000000A7
:10A9B000000000000000000000000000000008602F
:10A9C0005240EF24FFA1FFA0FFC0FFE0FFE0FFE047
:10A9D000F7C0F7C1EFC1EFA2E7A2E784DF66D7298E
:10A9E000D70ACF0BCEEBC6EAC6EABEE8BEE7B6E6AC
:10A9F000AEE7AEC7A6C8A6A89EA99E89968A8E6A0B
:10AA0000864B860C7D6C08E0000000000000000012
:10AA10000000000000000000000000000000000036
:10AA20000000000000000000000000000000000026
:10AA30000000000000000000000000000000000016
:10AA40000000000000000000000000000000000006
:10AA500000000000000000000000000000000000F6
:10AA600000000000000000000000000000000000E6
:10AA700000000000000000000000000000000000D6
:10AA800000001060A4C3FF41FF60FF80FFA0FFA093
:10AA9000FFC0FFE0FFE0FFC4C62573A3298010803C
:10AAA000086000000000000000000000000000003E
:10AAB0000000000000000860088029C15BA595CA5D
:10AAC0009E8A9E899689968A8E4A862B7E0C75EC84
:10AAD00075AE32C7088100000000000000000000D1
:10AAE0000000000000000000000000000000000066
:10AAF0000000000000000000000000000000000056
:10AB00000000000000000000000000000000000045
:10AB10000000000000000000000000000000000035
:10AB20000000000000000000000000000000000025
:10AB30000000000000000000000000000000000015
:10AB40000000000000001880BD44FF20FF40FF40CF
:10AB5000FF60FF80FF80FF82E6E55AA010800000C2
:10AB600000000000000000000000000000000000E5
:10AB700000000000000000000000000000000000D5
:10AB80000000000000000000000008804B65960BEC
:10AB90008E4A864B862B760C75CD6DAD658E32C890
:10ABA0000081000000000000000000000000000024
:10ABB0000000000000000000000000000000000095
:10ABC0000000000000000000000000000000000085
:10ABD0000000000000000000000000000000000075
:10ABE0000000000000000000000000000000000065
:10ABF0000000000000000000000000000000000055
:10AC0000000000000000000000001060CDA6FEE083
:10AC1000FF00FF20FF40FF40FF61F74539A1000022
:10AC20000000000000000000000000000000000024
:10AC30000000000000000000000000000000000014
:10AC40000000000000000000000000000000000004
:10AC5000000000000000000008812A638E0C7E0CBA
:10AC600075EC6DCD6DAE658E5D4F32C80000000095
:10AC700000000000000000000000000000000000D4
:10AC800000000000000000000000000000000000C4
:10AC900000000000000000000000000000000000B4
:10ACA00000000000000000000000000000000000A4
:10ACB0000000000000000000000000000000000094
:10ACC0000000000000000000000000000000000084
:10ACD0005242FEC2FEE0FEE0FF00FF00FF21B5434E
:10ACE00010800000000000000000000000000000D4
:10ACF0000000000000000000000000000000000054
:10AD00000000000000000000000000000000000043
:10AD10000000000000000000000000000000000033
:10AD200000000000000008C16D2C75CD6DAD658E72
:10AD30005D6F554F55100903000000000000000032
:10AD40000000000000000000000000000000000003
:10AD500000000000000000000000000000000000F3
:10AD600000000000000000000000000000000000E3
:10AD700000000000000000000000000000000000D3
:10AD800000000000000000000000000000000000C3
:10AD9000000000001880F684FEA0FEC0FEE0FEE089
:10ADA000FF00BD4510600000000000000000000032
:10ADB0000000000000000000000000000000000093
:10ADC0000000000000000000000000000000000083
:10ADD0000000000000000000000000000000000073
:10ADE0000000000000000000000000000000000063
:10ADF00000000080752E6D8E5D8E5D4F55304D10BC
:10AE00004C6F0881000000000000000000000000FE
:10AE10000000000000000000000000000000000032
:10AE20000000000000000000000000000000000022
:10AE30000000000000000000000000000000000012
:10AE40000000000000000000000000000000000002
:10AE5000000000000000000000005A40FE81FE805B
:10AE6000FEA0FEC0FEC0C56410600000000000002F
:10AE700000000000000000000000000000000000D2
:10AE800000000000000000000000000000000000C2
:10AE900000000000000000000000000000000000B2
:10AEA00000000000000000000000000000000000A2
:10AEB000000000000000000000000000000008C1C9
:10AEC0006D2E5D6F554F4D304D114CB100E30000BC
:10AED0000000000000000000000000000000000072
:10AEE0000000000000000000000000000000000062
:10AEF0000000000000000000000000000000000052
:10AF00000000000000000000000000000000000041
:10AF100000000000000000000000000000001060C1
:10AF2000BCE3FE60FE80FE80FEA0EE6420A0000078
:10AF30000000000000000000000000000000000011
:10AF40000000000000000000000000000000000001
:10AF500000000000000000000000000000000000F1
:10AF600000000000000000000000000000000000E1
:10AF700000000000000000000000000000000000D1
:10AF80000000000000000000000019E55D2F5530B2
:10AF90004D1144F13CD21A6900000000000000008D
:10AFA00000000000000000000000000000000000A1
:10AFB0000000000000000000000000000000000091
:10AFC0000000000000000000000000000000000081
:10AFD0000000000000000000000000000000000071
:10AFE000000000001060FE23FE40FE60FE60FE8058
:10AFF0007B210000000000000000000000000000B5
:10B000000000000000000000000000000000000040
:10B010000000000000000000000000000000000030
:10B020000000000000000000000000000000000020
:10B030000000000000000000000000000000000010
:10B040000000000000000000000000000000000000
:10B050000000000000004C2D4D3044F144D13CB2C2
:10B0600044310882000000000000000000000000E1
:10B0700000000000000000000000000000000000D0
:10B0800000000000000000000000000000000000C0
:10B0900000000000000000000000000000000000B0
:10B0A0000000000000000000000020A0FE01FE20C3
:10B0B000FE20FE40FE6229000000000000000000AB
:10B0C0000000000000000000000000000000000080
:10B0D0000000000000000000000000000000000070
:10B0E0000000000000000000000000000000000060
:10B0F0000000000000000000000000000000000050
:10B10000000000000000000000000000000000003F
:10B11000000000000000000000000000000000002F
:10B1200019A54CF044F13CD234923C52006200002C
:10B13000000000000000000000000000000000000F
:10B1400000000000000000000000000000000000FF
:10B1500000000000000000000000000000000000EF
:10B1600000000000000000000000000000000000DF
:10B1700030E0FDE1FE00FE20FE20D58410600000DE
:10B1800000000000000000000000000000000000BF
:10B1900000000000000000000000000000000000AF
:10B1A000000000000000000000000000000000009F
:10B1B000000000000000000000000000000000008F
:10B1C000000000000000000000000000000000007F
:10B1D000000000000000000000000000000000006F
:10B1E0000000000000000000000000814CD03CD1B5
:10B1F0003CB23493345200A3000000000000000071
:10B20000000000000000000000000000000000003E
:10B21000000000000000000000000000000000002E
:10B22000000000000000000000000000000000001E
:10B230000000000000004120FDA1FDC0FE00FE0056
:10B24000A4440860000000000000000000000000AE
:10B2500000000000000000000000000000000000EE
:10B2600000000000000000000000000000000000DE
:10B2700000000000000000000000000000000000CE
:10B2800000000000000000000000000000000000BE
:10B2900000000000000000000000000000000000AE
:10B2A000000000000000000000000000000000009E
:10B2B00000000000000054703CD234932C732C53D7
:10B2C00000830000000000000000000000000000FB
:10B2D000000000000000000000000000000000006E
:10B2E000000000000000000000000000000000005E
:10B2F00000000000000000000000000030C0FD4021
:10B30000FD80FDC0FDE083010000000000000000A2
:10B31000000000000000000000000000000000002D
:10B32000000000000000000000000000000000001D
:10B33000000000000000000000000000000000000D
:10B3400000000000000000000000000000000000FD
:10B3500000000000000000000000000000000000ED
:10B3600000000000000000000000000000000000DD
:10B3700000000000000000000000000000000000CD
:10B380003BCE3CB234932C532C330082000000009F
:10B3900000000000000000000000000000000000AD
:10B3A000000000000000000000000000000000009D
:10B3B000000000000000000000000000000000008D
:10B3C00000002880FD01FD20FD60FDA159E0000086
:10B3D000000000000000000000000000000000006D
:10B3E000000000000000000000000000000000005D
:10B3F000000000000000000000000000000000004D
:10B40000000000000000000000000000000000003C
:10B41000000000000000000000000000000000002C
:10B42000000000000000000000000000000000001C
:10B43000000000000000000000000000000000000C
:10B4400000000000000000000000332C34922C7338
:10B4500024542C13008200000000000000000000B3
:10B4600000000000000000000000000000000000DC
:10B4700000000000000000000000000000000000CC
:10B4800000000000000000001840FCA1FCE0FD00EE
:10B49000FD4059E000000000000000000000000036
:10B4A000000000000000000000000000000000009C
:10B4B000000000000000000000000000000000008C
:10B4C000000000000000000000000000000000007C
:10B4D000000000000000000000000000000000006C
:10B4E000000000000000000000000000000000005C
:10B4F000000000000000000000000000000000004C
:10B50000000000000000000000000000000000003B
:10B5100000000000334D34932C7324342BD3086285
:10B52000000000000000000000000000000000001B
:10B53000000000000000000000000000000000000B
:10B54000000000000000000000000000000010608B
:10B55000F462FC80FCC0FD0082A10000000000003D
:10B5600000000000000000000000000000000000DB
:10B5700000000000000000000000000000000000CB
:10B5800000000000000000000000000000000000BB
:10B5900000000000000000000000000000000000AB
:10B5A000000000000000000000000000000000009B
:10B5B000000000000000000000000000000000008B
:10B5C000000000000000000000000000000000007B
:10B5D000000000000000000000000000000033AF89
:10B5E0002C73245424352B7100000000000000004F
:10B5F000000000000000000000000000000000004B
:10B60000000000000000000000000000000000003A
:10B61000000000000000BB43FC20FC60FCA0A36411
:10B62000000000000000000000000000000000001A
:10B63000000000000000000000000000000000000A
:10B6400000000000000000000000000000000000FA
:10B6500000000000000000000000000000000000EA
:10B6600000000000000000000000000000000000DA
:10B6700000000000000000000000000000000000CA
:10B6800000000000000000000000000000000000BA
:10B6900000000000000000000000000000000000AA
:10B6A00000000000000008623C312C5424341C359A
:10B6B00009A90000000000000000000000000000D8
:10B6C000000000000000000000000000000000007A
:10B6D0000000000000000000000000006160FBE0CE
:10B6E000FC20FC40D423106100000000000000009A
:10B6F000000000000000000000000000000000004A
:10B700000000000000000000000000000000000039
:10B710000000000000000000000000000000000029
:10B720000000000000000000000000000000000019
:10B730000000000000000000000000000000000009
:10B7400000000000000000000000000000000000F9
:10B7500000000000000000000000000000000000E9
:10B7600000000000000000000000000000000000D9
:10B7700008823453245424351BF500830000000054
:10B7800000000000000000000000000000000000B9
:10B7900000000000000000000000000000000000A9
:10B7A00000002040FBA1FBC0FC00F4421060000040
:10B7B0000000000000000000000000000000000089
:10B7C0000000000000000000000000000000000079
:10B7D0000000000000000000000000000000000069
:10B7E0000000000000000000000000000000000059
:10B7F0000000000000000000000000000000000049
:10B800000000000000000000000000000000000038
:10B810000000000000000000000000000000000028
:10B820000000000000000000000000000000000018
:10B830000000000000000000000000A22C5424348E
:10B840001C1523D408620000000000000000000066
:10B8500000000000000000000000000000000000E8
:10B8600000000000000000001061EB63FB60FBA023
:10B87000FBE0288000000000000000000000000045
:10B8800000000000000000000000000000000000B8
:10B8900000000000000000000000000000000000A8
:10B8A0000000000000000000000000000000000098
:10B8B0000000000000000000000000000000000088
:10B8C0000000000000000000000000000000000078
:10B8D0000000000000000000000000000000000068
:10B8E0000000000000000000000000000000000058
:10B8F0000000000000000000000000000000000048
:10B900000000000011C824341C351C1512CF0000A3
:10B910000000000000000000000000000000000027
:10B920000000000000000000000000000000000017
:10B930006101FB20FB60FB8081C100000000000072
:10B9400000000000000000000000000000000000F7
:10B9500000000000000000000000000000000000E7
:10B9600000000000000000000000000000000000D7
:10B9700000000000000000000000000000000000C7
:10B9800000000000000000000000000000000000B7
:10B9900000000000000000000000000000000000A7
:10B9A0000000000000000000000000000000000097
:10B9B0000000000000000000000000000000000087
:10B9C000000000000000000000000000000033D173
:10B9D00024341C1513F500A4000000000000000032
:10B9E0000000000000000000000000000000000057
:10B9F0000000000000001840F2E1FB00FB40E38380
:10BA00000000000000000000000000000000000036
:10BA10000000000000000000000000000000000026
:10BA20000000000000000000000000000000000016
:10BA30000000000000000000000000000000000006
:10BA400000000000000000000000000000000000F6
:10BA500000000000000000000000000000000000E6
:10BA600000000000000000000000000000000000D6
:10BA700000000000000000000000000000000000C6
:10BA800000000000000000000000000000000000B6
:10BA900000000000000000622C341C351C151B93B4
:10BAA000086200000000000000000000000000002C
:10BAB0000000000000000000000000000000BA6369
:10BAC000FAA0FAE0FB20282000000000000000009F
:10BAD0000000000000000000000000000000000066
:10BAE0000000000000000000000000000000000056
:10BAF0000000000000000000000000000000000046
:10BB00000000000000000000000000000000000035
:10BB10000000000000000000000000000000000025
:10BB20000000000000000000000000000000000015
:10BB30000000000000000000000000000000000005
:10BB400000000000000000000000000000000000F5
:10BB500000000000000000000000000000000000E5
:10BB60001A2A24541C1513F609880000000000004E
:10BB700000000000000000000000000000000000C5
:10BB8000000000002040FA60FAA0FAC0B2A3000052
:10BB900000000000000000000000000000000000A5
:10BBA0000000000000000000000000000000000095
:10BBB0000000000000000000000000000000000085
:10BBC0000000000000000000000000000000000075
:10BBD0000000000000000000000000000000000065
:10BBE0000000000000000000000000000000000055
:10BBF0000000000000000000000000000000000045
:10BC00000000000000000000000000000000000034
:10BC10000000000000000000000000000000000024
:10BC20000000000000000000000034331C35141533
:10BC30001BD50862000000000000000000000000AA
:10BC4000000000000000000000000000A9E2FA402F
:10BC5000FA80FAC018400000000000000000000058
:10BC600000000000000000000000000000000000D4
:10BC700000000000000000000000000000000000C4
:10BC800000000000000000000000000000000000B4
:10BC900000000000000000000000000000000000A4
:10BCA0000000000000000000000000000000000094
:10BCB0000000000000000000000000000000000084
:10BCC0000000000000000000000000000000000074
:10BCD0000000000000000000000000000000000064
:10BCE0000000000000000000000000000000000054
:10BCF000000000E424341C1513F601470000000086
:10BD00000000000000000000000000000000000033
:10BD100000002020F9E0FA20FA60A22300000000D1
:10BD20000000000000000000000000000000000013
:10BD30000000000000000000000000000000000003
:10BD400000000000000000000000000000000000F3
:10BD500000000000000000000000000000000000E3
:10BD600000000000000000000000000000000000D3
:10BD700000000000000000000000000000000000C3
:10BD800000000000000000000000000000000000B3
:10BD900000000000000000000000000000000000A3
:10BDA0000000000000000000000000000000000093
:10BDB0000000000000000000000000002C131C1513
:10BDC00013F51BD508620000000000000000000011
:10BDD00000000000000000000000A161F9C0FA00AE
:10BDE000FA601840000000000000000000000000A1
:10BDF0000000000000000000000000000000000043
:10BE00000000000000000000000000000000000032
:10BE10000000000000000000000000000000000022
:10BE20000000000000000000000000000000000012
:10BE30000000000000000000000000000000000002
:10BE400000000000000000000000000000000000F2
:10BE500000000000000000000000000000000000E2
:10BE600000000000000000000000000000000000D2
:10BE700000000000000000000000000000000000C2
:10BE80000000000000C424341C1513F601680000F3
:10BE900000000000000000000000000000000000A2
:10BEA0001041F1A0F9C0F9E0A9C2000000000000B3
:10BEB0000000000000000000000000000000000082
:10BEC0000000000000000000000000000000000072
:10BED0000000000000000000000000000000000062
:10BEE0000000000000000000000000000000000052
:10BEF0000000000000000000000000000000000042
:10BF00000000000000000000000000000000000031
:10BF10000000000000000000000000000000000021
:10BF20000000000000000000000000000000000011
:10BF30000000000000000000000000000000000001
:10BF400000000000000000000000000000002C13B2
:10BF50001C3413F523B400000000000000000000B2
:10BF600000000000000000006860F960F9A0F9E03E
:10BF70002020000000000000000000000000000081
:10BF800000000000000000000000000000000000B1
:10BF900000000000000000000000000000000000A1
:10BFA0000000000000000000000000000000000091
:10BFB0000000000000000000000000000000000081
:10BFC0000000000000000000000000000000000071
:10BFD0000000000000000000000000000000000061
:10BFE0000000000000000000000000000000000051
:10BFF0000000000000000000000000000000000041
:10C000000000000000000000000000000000000030
:10C01000000000000000094624341C1513F60083BC
:10C02000000000000000000000000000000010619F
:10C03000D962F940F980DA021061000000000000C6
:10C0400000000000000000000000000000000000F0
:10C0500000000000000000000000000000000000E0
:10C0600000000000000000000000000000000000D0
:10C0700000000000000000000000000000000000C0
:10C0800000000000000000000000000000000000B0
:10C0900000000000000000000000000000000000A0
:10C0A0000000000000000000000000000000000090
:10C0B0000000000000000000000000000000000080
:10C0C0000000000000000000000000000000000070
:10C0D00000000000000000000000000000000862F6
:10C0E0002C341C1513F51AF00000000000000000AD
:10C0F0000000000000001841F900F920F9605040EC
:10C10000000000000000000000000000000000002F
:10C11000000000000000000000000000000000001F
:10C12000000000000000000000000000000000000F
:10C1300000000000000000000000000000000000FF
:10C1400000000000000000000000000000000000EF
:10C1500000000000000000000000000000000000DF
:10C1600000000000000000000000000000000000CF
:10C1700000000000000000000000000000000000BF
:10C1800000000000000000000000000000000000AF
:10C19000000000000000000000000000000000009F
:10C1A00000000000000000001AED24341C151BD410
:10C1B000086200000000000000000000000078405D
:10C1C000F8E0F920F16110410000000000000000DB
:10C1D000000000000000000000000000000000005F
:10C1E000000000000000000000000000000000004F
:10C1F000000000000000000000000000000000003F
:10C20000000000000000000000000000000000002E
:10C21000000000000000000000000000000000001E
:10C22000000000000000000000000000000000000E
:10C2300000000000000000000000000000000000FE
:10C2400000000000000000000000000000000000EE
:10C2500000000000000000000000000000000000DE
:10C2600000000000000000000000000000000000CE
:10C2700000C324341C1513F500C4000000000000A6
:10C28000000000001061E0E2F8C0F900C96200009F
:10C29000000000000000000000000000000000009E
:10C2A000000000000000000000000000000000008E
:10C2B000000000000000000000000000000000007E
:10C2C000000000000000000000000000000000006E
:10C2D000000000000000000000000000000000005E
:10C2E000000000000000000000000000000000004E
:10C2F000000000000000000000000000000000003E
:10C30000000000000000000000000000000000002D
:10C31000000000000000000000000000000000001D
:10C32000000000000000000000000000000000000D
:10C330000000000000000000000034331C351C1514
:10C340000A6D000000000000000000001820F0A0AE
:10C35000F8A0F8E0602000000000000000000000ED
:10C3600000000000000000000000000000000000CD
:10C3700000000000000000000000000000000000BD
:10C3800000000000000000000000000000000000AD
:10C39000000000000000000000000000000000009D
:10C3A000000000000000000000000000000000008D
:10C3B000000000000000000000000000000000007D
:10C3C000000000000000000000000000000000006D
:10C3D000000000000000000000000000000000005D
:10C3E000000000000000000000000000000000004D
:10C3F000000000000000000000000000000000003D
:10C40000000033B024341C1523D4000000000000C9
:10C41000000000003020F860F880F8C0182000000C
:10C42000000000000000000000000000000000000C
:10C4300000000000000000000000000000000000FC
:10C4400000000000000000000000000000000000EC
:10C4500000000000000000000000000000000000DC
:10C4600000000000000000000000000000000000CC
:10C4700000000000000000000000000000000000BC
:10C4800000000000000000000000000000000000AC
:10C49000000000000000000000000000000000009C
:10C4A000000000000000000000000000000000008C
:10C4B000000000000000000000000000000000007C
:10C4C0000000000000000000000000E424542435B7
:10C4D0001BF5006200000000000000008881F840A9
:10C4E000F880E101000000000000000000000000F2
:10C4F000000000000000000000000000000000003C
:10C50000000000000000000000000000000000002B
:10C51000000000000000000000000000000000001B
:10C52000000000000000000000000000000000000B
:10C5300000000000000000000000000000000000FB
:10C5400000000000000000000000000000000000EB
:10C5500000000000000000000000000000000000DB
:10C5600000000000000000000000000000000000CB
:10C5700000000000000000000000000000000000BB
:10C5800000000000000000000000000000000000AB
:10C59000000008622C5424341C1500E40000000044
:10C5A00000000000D041F820F860B0C20000000098
:10C5B000000000000000000000000000000000007B
:10C5C000000000000000000000000000000000006B
:10C5D000000000000000000000000000000000005B
:10C5E000000000000000000000000000000000004B
:10C5F000000000000000000000000000000000003B
:10C60000000000000000000000000000000000002A
:10C61000000000000000000000000000000000001A
:10C62000000000000000000000000000000000000A
:10C6300000000000000000000000000000000000FA
:10C6400000000000000000000000000000000000EA
:10C650000000000000000000000000003C522454D4
:10C660001C351A6C0000000000001041E841F80081
:10C67000F8407060000000000000000000000000B2
:10C6800000000000000000000000000000000000AA
:10C69000000000000000000000000000000000009A
:10C6A000000000000000000000000000000000008A
:10C6B000000000000000000000000000000000007A
:10C6C000000000000000000000000000000000006A
:10C6D000000000000000000000000000000000005A
:10C6E000000000000000000000000000000000004A
:10C6F000000000000000000000000000000000003A
:10C700000000000000000000000000000000000029
:10C710000000000000000000000000000000000019
:10C7200000000000338F2C542435237100000000DA
:10C7300000002020E841F800F82040000000000040
:10C7400000000000000000000000000000000000E9
:10C7500000000000000000000000000000000000D9
:10C7600000000000000000000000000000000000C9
:10C7700000000000000000000000000000000000B9
:10C7800000000000000000000000000000000000A9
:10C790000000000000000000000000000000000099
:10C7A0000000000000000000000000000000000089
:10C7B0000000000000000000000000000000000079
:10C7C0000000000000000000000000000000000069
:10C7D0000000000000000000000000000000000059
:10C7E0000000000000000000000000001A4A2C7346
:10C7F000245424140000000000002800F041F80038
:10C80000F8002820000000000000000000000000E8
:10C810000000000000000000000000000000000018
:10C820000000000000000000000000000000000008
:10C8300000000000000000000000000000000000F8
:10C8400000000000000000000000000000000000E8
:10C8500000000000000000000000000000000000D8
:10C8600000000000000000000000000000000000C8
:10C8700000000000000000000000000000000000B8
:10C8800000000000000000000000000000000000A8
:10C890000000000000000000000000000000000098
:10C8A0000000000000000000000000000000000088
:10C8B00000000000094534932C5424340062000029
:10C8C00000003000F041F820F800104100000000A6
:10C8D0000000000000000000000000000000000058
:10C8E0000000000000000000000000000000000048
:10C8F0000000000000000000000000000000000038
:10C900000000000000000000000000000000000027
:10C910000000000000000000000000000000000017
:10C920000000000000000000000000000000000007
:10C9300000000000000000000000000000000000F7
:10C9400000000000000000000000000000000000E7
:10C9500000000000000000000000000000000000D7
:10C9600000000000000000000000000000000000C7
:10C9700000000000000000000000000000A234934E
:10C980002C7324340082000000005841E842F0215A
:10C99000E84100000000000000000000000000006E
:10C9A0000000000000000000000000000000000087
:10C9B0000000000000000000000000000000000077
:10C9C0000000000000000000000000000000000067
:10C9D0000000000000000000000000000000000057
:10C9E0000000000000000000000000000000000047
:10C9F0000000000000000000000000000000000037
:10CA00000000000000000000000000000000000026
:10CA10000000000000000000000000000000000016
:10CA20000000000000000000000000000000000006
:10CA300000000000000000000000000000000000F6
:10CA400000000000008234B22C732C5400830000DC
:10CA5000000078A3E862F041D882000000000000E6
:10CA600000000000000000000000000000000000C6
:10CA700000000000000000000000000000000000B6
:10CA800000000000000000000000000000000000A6
:10CA90000000000000000000000000000000000096
:10CAA0000000000000000000000000000000000086
:10CAB0000000000000000000000000000000000076
:10CAC0000000000000000000000000000000000066
:10CAD0000000000000000000000000000000000056
:10CAE0000000000000000000000000000000000046
:10CAF0000000000000000000000000000000000036
:10CB000000000000000000000000000000003CB237
:10CB100034932C530083000000009105E863E84241
:10CB2000C0C3000000000000000000000000000082
:10CB300000000000000000000000000000000000F5
:10CB400000000000000000000000000000000000E5
:10CB500000000000000000000000000000000000D5
:10CB600000000000000000000000000000000000C5
:10CB700000000000000000000000000000000000B5
:10CB800000000000000000000000000000000000A5
:10CB90000000000000000000000000000000000095
:10CBA0000000000000000000000000000000000085
:10CBB0000000000000000000000000000000000075
:10CBC0000000000000000000000000000000000065
:10CBD0000000000000003CB234932C7300E400001D
:10CBE0000000A126E083E862B8E400000000000035
:10CBF0000000000000000000000000000000000035
:10CC00000000000000000000000000000000000024
:10CC10000000000000000000000000000000000014
:10CC20000000000000000000000000000000000004
:10CC300000000000000000000000000000000000F4
:10CC400000000000000000000000000000000000E4
:10CC500000000000000000000000000000000000D4
:10CC600000000000000000000000000000000000C4
:10CC700000000000000000000000000000000000B4
:10CC800000000000000000000000000000000000A4
:10CC9000000000000000000000000000000044D27E
:10CCA0003CB23493092500000000A146E084E8630B
:10CCB000B1040000000000000000000000000000BF
:10CCC0000000000000000000000000000000000064
:10CCD0000000000000000000000000000000000054
:10CCE0000000000000000000000000000000000044
:10CCF0000000000000000000000000000000000034
:10CD00000000000000000000000000000000000023
:10CD10000000000000000000000000000000000013
:10CD20000000000000000000000000000000000003
:10CD300000000000000000000000000000000000F3
:10CD400000000000000000000000000000000000E3
:10CD500000000000000000000000000000000000D3
:10CD600000000000000044D13CB234931186000062
:10CD70000000A166E0A4E083B1050000000000000F
:10CD800000000000000000000000000000000000A3
:10CD90000000000000000000000000000000000093
:10CDA0000000000000000000000000000000000083
:10CDB0000000000000000000000000000000000073
:10CDC0000000000000000000000000000000000063
:10CDD0000000000000000000000000000000000053
:10CDE0000000000000000000000000000000000043
:10CDF0000000000000000000000000000000000033
:10CE00000000000000000000000000000000000022
:10CE10000000000000000000000000000000000012
:10CE200000000000000000000000000000004CD1E5
:10CE30003CD23CB20966000000009946D8A4E084C8
:10CE4000B905000000000000000000000000000024
:10CE500000000000000000000000000000000000D2
:10CE600000000000000000000000000000000000C2
:10CE700000000000000000000000000000000000B2
:10CE800000000000000000000000000000000000A2
:10CE90000000000000000000000000000000000092
:10CEA0000000000000000000000000000000000082
:10CEB0000000000000000000000000000000000072
:10CEC0000000000000000000000000000000000062
:10CED0000000000000000000000000000000000052
:10CEE0000000000000000000000000000000000042
:10CEF0000000000000004D1144F13CB20925000083
:10CF000000008926D8C5E0A4B90500000000000093
:10CF10000000000000000000000000000000000011
:10CF20000000000000000000000000000000000001
:10CF300000000000000000000000000000000000F1
:10CF400000000000000000000000000000000000E1
:10CF500000000000000000000000000000000000D1
:10CF600000000000000000000000000000000000C1
:10CF700000000000000000000000000000000000B1
:10CF800000000000000000000000000000000000A1
:10CF90000000000000000000000000000000000091
:10CFA0000000000000000000000000000000000081
:10CFB00000000000000000000000000000004D1014
:10CFC00044F13CD200C20000000068C4D0C5D8A41F
:10CFD000C8E50000000000000000000000000000A4
:10CFE0000000000000000000000000000000000041
:10CFF0000000000000000000000000000000000031
:10D000000000000000000000000000000000000020
:10D010000000000000000000000000000000000010
:10D020000000000000000000000000000000000000
:10D0300000000000000000000000000000000000F0
:10D0400000000000000000000000000000000000E0
:10D0500000000000000000000000000000000000D0
:10D0600000000000000000000000000000000000C0
:10D0700000000000000000000000000000000000B0
:10D080000000000000004D3044F144D10082000057
:10D0900000004862D0E6D8C5D0C4000000000000FF
:10D0A0000000000000000000000000000000000080
:10D0B0000000000000000000000000000000000070
:10D0C0000000000000000000000000000000000060
:10D0D0000000000000000000000000000000000050
:10D0E0000000000000000000000000000000000040
:10D0F0000000000000000000000000000000000030
:10D10000000000000000000000000000000000001F
:10D11000000000000000000000000000000000000F
:10D1200000000000000000000000000000000000FF
:10D1300000000000000000000000000000000000EF
:10D1400000000000000000000000000000815530D9
:10D150004D1044F10082000000002800D0E6D0C548
:10D16000D8A41041000000000000000000000000F2
:10D1700000000000000000000000000000000000AF
:10D18000000000000000000000000000000000009F
:10D19000000000000000000000000000000000008F
:10D1A000000000000000000000000000000000007F
:10D1B000000000000000000000000000000000006F
:10D1C000000000000000000000000000000000005F
:10D1D000000000000000000000000000000000004F
:10D1E000000000000000000000000000000000003F
:10D1F000000000000000000000000000000000002F
:10D20000000000000000000000000000000000001E
:10D210000000000000A155504D304CF1008100008D
:10D2200000002021C907D0E6D8A52020000000007A
:10D2300000000000000000000000000000000000EE
:10D2400000000000000000000000000000000000DE
:10D2500000000000000000000000000000000000CE
:10D2600000000000000000000000000000000000BE
:10D2700000000000000000000000000000000000AE
:10D28000000000000000000000000000000000009E
:10D29000000000000000000000000000000000008E
:10D2A000000000000000000000000000000000007E
:10D2B000000000000000000000000000000000006E
:10D2C000000000000000000000000000000000005E
:10D2D00000000000000000000000000019A45D4FE5
:10D2E00055304CF00000000000001821C127D0E6A6
:10D2F000D0C5402100000000000000000000000038
:10D30000000000000000000000000000000000001D
:10D31000000000000000000000000000000000000D
:10D3200000000000000000000000000000000000FD
:10D3300000000000000000000000000000000000ED
:10D3400000000000000000000000000000000000DD
:10D3500000000000000000000000000000000000CD
:10D3600000000000000000000000000000000000BD
:10D3700000000000000000000000000000000000AD
:10D38000000000000000000000000000000000009D
:10D39000000000000000000000000000000000008D
:10D3A000000000003B085D6F554F55100000000065
:10D3B00000001061B948C8E6D0E6688300000000AC
:10D3C000000000000000000000000000000000005D
:10D3D000000000000000000000000000000000004D
:10D3E000000000000000000000000000000000003D
:10D3F000000000000000000000000000000000002D
:10D40000000000000000000000000000000000001C
:10D41000000000000000000000000000000000000C
:10D4200000000000000000000000000000000000FC
:10D4300000000000000000000000000000000000EC
:10D4400000000000000000000000000000000000DC
:10D4500000000000000000000000000000000000CC
:10D4600000000000000000000000000064AD5D6EE0
:10D470005D4F4C2D00000000000000009927C907F7
:10D48000D0E6990500000000000000000000000048
:10D49000000000000000000000000000000000008C
:10D4A000000000000000000000000000000000007C
:10D4B000000000000000000000000000000000006C
:10D4C000000000000000000000000000000000005C
:10D4D000000000000000000000000000000000004C
:10D4E000000000000000000000000000000000003C
:10D4F000000000000000000000000000000000002C
:10D50000000000000000000000000000000000001B
:10D51000000000000000000000000000000000000B
:10D5200000000000000000000000000000000000FB
:10D53000000000006D8E658E5D6F32C80000000037
:10D540000000000060C5C127C8E6C1060000000059
:10D5500000000000000000000000000000000000CB
:10D5600000000000000000000000000000000000BB
:10D5700000000000000000000000000000000000AB
:10D58000000000000000000000000000000000009B
:10D59000000000000000000000000000000000008B
:10D5A000000000000000000000000000000000007B
:10D5B000000000000000000000000000000000006B
:10D5C000000000000000000000000000000000005B
:10D5D000000000000000000000000000000000004B
:10D5E000000000000000000000000000000000003B
:10D5F0000000000000000000000008806DAD658E96
:10D600005D6F08A100000000000000002021C1287B
:10D61000C907D0E620200000000000000000000044
:10D6200000000000000000000000000000000000FA
:10D6300000000000000000000000000000000000EA
:10D6400000000000000000000000000000000000DA
:10D6500000000000000000000000000000000000CA
:10D6600000000000000000000000000000000000BA
:10D6700000000000000000000000000000000000AA
:10D68000000000000000000000000000000000009A
:10D69000000000000000000000000000000000008A
:10D6A000000000000000000000000000000000007A
:10D6B000000000000000000000000000000000006A
:10D6C000000011A275CD6DAD656F088100000000EE
:10D6D000000000001041B948C907C8E668630000AF
:10D6E000000000000000000000000000000000003A
:10D6F000000000000000000000000000000000002A
:10D700000000000000000000000000000000000019
:10D710000000000000000000000000000000000009
:10D7200000000000000000000000000000000000F9
:10D7300000000000000000000000000000000000E9
:10D7400000000000000000000000000000000000D9
:10D7500000000000000000000000000000000000C9
:10D7600000000000000000000000000000000000B9
:10D7700000000000000000000000000000000000A9
:10D7800000000000000000000000752C75ED6DAD7C
:10D790006D6E000000000000000000000000A168A5
:10D7A000C128C907A92600000000000000000000F1
:10D7B0000000000000000000000000000000000069
:10D7C0000000000000000000000000000000000059
:10D7D0000000000000000000000000000000000049
:10D7E0000000000000000000000000000000000039
:10D7F0000000000000000000000000000000000029
:10D800000000000000000000000000000000000018
:10D810000000000000000000000000000000000008
:10D8200000000000000000000000000000000000F8
:10D8300000000000000000000000000000000000E8
:10D8400000000000000000000000000000000000D8
:10D85000000085EC75EC6DCD2AC6000000000000CC
:10D860000000000000004863C128C907C907104133
:10D8700000000000000000000000000000000000A8
:10D880000000000000000000000000000000000098
:10D890000000000000000000000000000000000088
:10D8A0000000000000000000000000000000000078
:10D8B0000000000000000000000000000000000068
:10D8C0000000000000000000000000000000000058
:10D8D0000000000000000000000000000000000048
:10D8E0000000000000000000000000000000000038
:10D8F0000000000000000000000000000000000028
:10D900000000000000000000000000000000000017
:10D9100000000000000000001121862B7DEC75CD79
:10D9200008C10000000000000000000000001041DD
:10D93000B949C128C907504200000000000000009A
:10D9400000000000000000000000000000000000D7
:10D9500000000000000000000000000000000000C7
:10D9600000000000000000000000000000000000B7
:10D9700000000000000000000000000000000000A7
:10D980000000000000000000000000000000000097
:10D990000000000000000000000000000000000087
:10D9A0000000000000000000000000000000000077
:10D9B0000000000000000000000000000000000067
:10D9C0000000000000000000000000000000000057
:10D9D0000000000000000000000000000000000047
:10D9E000750A862B7E0C7DAD000000000000000053
:10D9F0000000000000000000A189C128C907B94744
:10DA000010410000000000000000000000000000C5
:10DA10000000000000000000000000000000000006
:10DA200000000000000000000000000000000000F6
:10DA300000000000000000000000000000000000E6
:10DA400000000000000000000000000000000000D6
:10DA500000000000000000000000000000000000C6
:10DA600000000000000000000000000000000000B6
:10DA700000000000000000000000000000000000A6
:10DA80000000000000000000000000000000000096
:10DA90000000000000000000000000000000000086
:10DAA00000000000000008808E4B864B862B53C878
:10DAB0000000000000000000000000000000000066
:10DAC0003822B949C128C907202100000000000000
:10DAD0000000000000000000000000000000000046
:10DAE0000000000000000000000000000000000036
:10DAF0000000000000000000000000000000000026
:10DB00000000000000000000000000000000000015
:10DB10000000000000000000000000000000000005
:10DB200000000000000000000000000000000000F5
:10DB300000000000000000000000000000000000E5
:10DB400000000000000000000000000000000000D5
:10DB500000000000000000000000000000000000C5
:10DB600000000000000000000000000000003AA4D7
:10DB7000966A8E4A862B0880000000000000000094
:10DB800000000000000000000000B169C128C907C2
:10DB9000A1060000000000000000000000000000DE
:10DBA0000000000000000000000000000000000075
:10DBB0000000000000000000000000000000000065
:10DBC0000000000000000000000000000000000055
:10DBD0000000000000000000000000000000000045
:10DBE0000000000000000000000000000000000035
:10DBF0000000000000000000000000000000000025
:10DC00000000000000000000000000000000000014
:10DC10000000000000000000000000000000000004
:10DC200000000000000000000000000000000000F4
:10DC30000000000008609E6A96898E6A858C00004C
:10DC400000000000000000000000000000000000D4
:10DC5000000060E5C148C127C9072001000000009D
:10DC600000000000000000000000000000000000B4
:10DC700000000000000000000000000000000000A4
:10DC80000000000000000000000000000000000094
:10DC90000000000000000000000000000000000084
:10DCA0000000000000000000000000000000000074
:10DCB0000000000000000000000000000000000064
:10DCC0000000000000000000000000000000000054
:10DCD0000000000000000000000000000000000044
:10DCE0000000000000000000000000000000000034
:10DCF00000000000000000000000000021A29E893A
:10DD00009689966A114100000000000000000000A2
:10DD1000000000000000000000001041B969C128A7
:10DD2000C907A1670000000000000000000000001B
:10DD300000000000000000000000000000000000E3
:10DD400000000000000000000000000000000000D3
:10DD500000000000000000000000000000000000C3
:10DD600000000000000000000000000000000000B3
:10DD700000000000000000000000000000000000A3
:10DD80000000000000000000000000000000000093
:10DD90000000000000000000000000000000000083
:10DDA0000000000000000000000000000000000073
:10DDB0000000000000000000000000000000000063
:10DDC00000000000A68A9EA996899E4C00000000D3
:10DDD0000000000000000000000000000000000043
:10DDE000000000006106C128C128C90720210000E9
:10DDF0000000000000000000000000000000000023
:10DE00000000000000000000000000000000000012
:10DE10000000000000000000000000000000000002
:10DE200000000000000000000000000000000000F2
:10DE300000000000000000000000000000000000E2
:10DE400000000000000000000000000000000000D2
:10DE500000000000000000000000000000000000C2
:10DE600000000000000000000000000000000000B2
:10DE700000000000000000000000000000000000A2
:10DE80000000000000000000000021A1A6A89EA83C
:10DE90009E891961000000000000000000000000E1
:10DEA0000000000000000000000000001841B969F7
:10DEB000C128C907A92700000000000000000000D9
:10DEC0000000000000000000000000000000000052
:10DED0000000000000000000000000000000000042
:10DEE0000000000000000000000000000000000032
:10DEF0000000000000000000000000000000000022
:10DF00000000000000000000000000000000000011
:10DF10000000000000000000000000000000000001
:10DF200000000000000000000000000000000000F1
:10DF300000000000000000000000000000000000E1
:10DF400000000000000000000000000000000000D1
:10DF50000860AEA9A6C8A6A89E4A0000000000005E
:10DF600000000000000000000000000000000000B1
:10DF70000000000000006906C148C927C8E6484201
:10DF80000000000000000000000000000000000091
:10DF90000000000000000000000000000000000081
:10DFA0000000000000000000000000000000000071
:10DFB0000000000000000000000000000000000061
:10DFC0000000000000000000000000000000000051
:10DFD0000000000000000000000000000000000041
:10DFE0000000000000000000000000000000000031
:10DFF0000000000000000000000000000000000021
:10E000000000000000000000000000000000000010
:10E0100000000000000000007CA7AEC7A6C8A6A8AC
:10E0200010E0000000000000000000000000000000
:10E03000000000000000000000000000000010418F
:10E04000B189C128C907C1261041000000000000A5
:10E0500000000000000000000000000000000000C0
:10E0600000000000000000000000000000000000B0
:10E0700000000000000000000000000000000000A0
:10E080000000000000000000000000000000000090
:10E090000000000000000000000000000000000080
:10E0A0000000000000000000000000000000000070
:10E0B0000000000000000000000000000000000060
:10E0C0000000000000000000000000000000000050
:10E0D00000000000000000000000000000000880B8
:10E0E000B6E7AEE7AEC88D88000000000000000073
:10E0F0000000000000000000000000000000000020
:10E1000000000000000000003062B948C907C8E6FE
:10E1100090E500000000000000000000000000008A
:10E1200000000000000000000000000000000000EF
:10E1300000000000000000000000000000000000DF
:10E1400000000000000000000000000000000000CF
:10E1500000000000000000000000000000000000BF
:10E1600000000000000000000000000000000000AF
:10E17000000000000000000000000000000000009F
:10E18000000000000000000000000000000000008F
:10E19000000000000000000000000000000000007F
:10E1A000000000000000BEC9B6E6AEE7AEC80880B9
:10E1B000000000000000000000000000000000005F
:10E1C000000000000000000000000000000000004F
:10E1D0000000A1A9C128C907C8E648410000000005
:10E1E000000000000000000000000000000000002F
:10E1F000000000000000000000000000000000001F
:10E20000000000000000000000000000000000000E
:10E2100000000000000000000000000000000000FE
:10E2200000000000000000000000000000000000EE
:10E2300000000000000000000000000000000000DE
:10E2400000000000000000000000000000000000CE
:10E2500000000000000000000000000000000000BE
:10E260000000000000000000000000007C84BF06E9
:10E27000B6E6B6E7534300000000000000000000CF
:10E28000000000000000000000000000000000008E
:10E29000000000000000000000001041B968C9073C
:10E2A000C8E6C8E6202000000000000000000000D2
:10E2B000000000000000000000000000000000005E
:10E2C000000000000000000000000000000000004E
:10E2D000000000000000000000000000000000003E
:10E2E000000000000000000000000000000000002E
:10E2F000000000000000000000000000000000001E
:10E30000000000000000000000000000000000000D
:10E3100000000000000000000000000000000000FD
:10E3200000000000000000000000000000000000ED
:10E33000000029C1C726BF06BEE6AE690000000086
:10E3400000000000000000000000000000000000CD
:10E3500000000000000000000000000000000000BD
:10E36000000000003021C128C907D0E6B9051041DE
:10E37000000000000000000000000000000000009D
:10E38000000000000000000000000000000000008D
:10E39000000000000000000000000000000000007D
:10E3A000000000000000000000000000000000006D
:10E3B000000000000000000000000000000000005D
:10E3C000000000000000000000000000000000004D
:10E3D000000000000000000000000000000000003D
:10E3E000000000000000000000000000000000002D
:10E3F00000000000000000000880CF26C725C705E8
:10E40000BEE70880000000000000000000000000DF
:10E4100000000000000000000000000000000000FC
:10E42000000000000000000000000000000068E59F
:10E43000C907C8E6D0C5A9261041000000000000A9
:10E4400000000000000000000000000000000000CC
:10E4500000000000000000000000000000000000BC
:10E4600000000000000000000000000000000000AC
:10E47000000000000000000000000000000000009C
:10E48000000000000000000000000000000000008C
:10E49000000000000000000000000000000000007C
:10E4A000000000000000000000000000000000006C
:10E4B00000000000000000000000000000000880D4
:10E4C000CF27CF45C725C72629C000000000000080
:10E4D000000000000000000000000000000000003C
:10E4E000000000000000000000000000000000002C
:10E4F0000000000000001061A988C907D0E6D8C557
:10E5000090C4106100000000000000000000000046
:10E5100000000000000000000000000000000000FB
:10E5200000000000000000000000000000000000EB
:10E5300000000000000000000000000000000000DB
:10E5400000000000000000000000000000000000CB
:10E5500000000000000000000000000000000000BB
:10E5600000000000000000000000000000000000AB
:10E57000000000000000000000000000000000009B
:10E58000000000000860CEC7D744CF44C7258CE701
:10E59000000000000000000000000000000000007B
:10E5A000000000000000000000000000000000006B
:10E5B000000000000000000000000000000000005B
:10E5C0001041B147D0E6D0C5D8A480A30000000018
:10E5D000000000000000000000000000000000003B
:10E5E000000000000000000000000000000000002B
:10E5F000000000000000000000000000000000001B
:10E60000000000000000000000000000000000000A
:10E6100000000000000000000000000000000000FA
:10E6200000000000000000000000000000000000EA
:10E6300000000000000000000000000000000000DA
:10E64000000000000000000000000000CEA7D7631B
:10E65000D764CF44ADE700000000000000000000D8
:10E6600000000000000000000000000000000000AA
:10E67000000000000000000000000000000000009A
:10E68000000000000000000000001821C127D0E6B3
:10E69000D8C5D8A488A310610000000000000000C5
:10E6A000000000000000000000000000000000006A
:10E6B000000000000000000000000000000000005A
:10E6C000000000000000000000000000000000004A
:10E6D000000000000000000000000000000000003A
:10E6E000000000000000000000000000000000002A
:10E6F000000000000000000000000000000000001A
:10E700000000000000000000000000000000000009
:10E710000860CEC7DF83DF63D763CEE80860000000
:10E7200000000000000000000000000000000000E9
:10E7300000000000000000000000000000000000D9
:10E7400000000000000000000000000000000000C9
:10E75000000000002021C106D0C5D8A4E083A0A3FA
:10E760001041000000000000000000000000000058
:10E770000000000000000000000000000000000099
:10E780000000000000000000000000000000000089
:10E790000000000000000000000000000000000079
:10E7A0000000000000000000000000000000000069
:10E7B0000000000000000000000000000000000059
:10E7C0000000000000000000000000000000000049
:10E7D0000000000000000880DF06E782E783DF8397
:10E7E000D7270860000000000000000000000000C3
:10E7F0000000000000000000000000000000000019
:10E800000000000000000000000000000000000008
:10E8100000000000000000000000000000002800D0
:10E82000C906D8A5E0A4E083B8E4184100000000C0
:10E8300000000000000000000000000000000000D8
:10E8400000000000000000000000000000000000C8
:10E8500000000000000000000000000000000000B8
:10E8600000000000000000000000000000000000A8
:10E870000000000000000000000000000000000098
:10E880000000000000000000000000000000000088
:10E890000000000000000000000000001080EFA455
:10E8A000EFA1E7A2E782DF27088000000000000058
:10E8B0000000000000000000000000000000000058
:10E8C0000000000000000000000000000000000048
:10E8D0000000000000000000000000000000000038
:10E8E00000000000000000002021C106D8A4E08341
:10E8F000E863D8832800000000000000000000004A
:10E900000000000000000000000000000000000007
:10E9100000000000000000000000000000000000F7
:10E9200000000000000000000000000000000000E7
:10E9300000000000000000000000000000000000D7
:10E9400000000000000000000000000000000000C7
:10E9500000000000000000000000000000000000B7
:10E96000000039E0F7C2F7C1EFA1EFA2DF4708606E
:10E970000000000000000000000000000000000097
:10E980000000000000000000000000000000000087
:10E990000000000000000000000000000000000077
:10E9A0000000000000000000000000000000000067
:10E9B00000001821C0E5E0A4E063E842E8416020DF
:10E9C0000000000000000000000000000000000047
:10E9D0000000000000000000000000000000000037
:10E9E0000000000000000000000000000000000027
:10E9F0000000000000000000000000000000000017
:10EA00000000000000000000000000000000000006
:10EA100000000000000000000000000000000000F6
:10EA20000000000000000860A502FFE1FFE0F7C160
:10EA3000EFC1C646086000000000000000000000B2
:10EA400000000000000000000000000000000000C6
:10EA500000000000000000000000000000000000B6
:10EA600000000000000000000000000000000000A6
:10EA70000000000000000000000000001841B10587
:10EA8000E083E862F042F021B86218410000000023
:10EA90000000000000000000000000000000000076
:10EAA0000000000000000000000000000000000066
:10EAB0000000000000000000000000000000000056
:10EAC0000000000000000000000000000000000046
:10EAD0000000000000000000000000000000000036
:10EAE0000000000000000000000000001080FFA5F2
:10EAF000FFE0FFE0FFE0F7C1AD6508600000000047
:10EB00000000000000000000000000000000000005
:10EB100000000000000000000000000000000000F5
:10EB200000000000000000000000000000000000E5
:10EB300000000000000000000000000000000000D5
:10EB400000000000000010616862E083E842F021EC
:10EB5000F800F040702010410000000000000000AC
:10EB600000000000000000000000000000000000A5
:10EB70000000000000000000000000000000000095
:10EB80000000000000000000000000000000000085
:10EB90000000000000000000000000000000000075
:10EBA0000000000000000000000000000000000065
:10EBB0000860AD24FFA0FFC0FFE0FFE0FFE23A00E5
:10EBC0000000000000000000000000000000000045
:10EBD0000000000000000000000000000000000035
:10EBE0000000000000000000000000000000000025
:10EBF0000000000000000000000000000000000015
:10EC00000000000000000000000000000000000004
:10EC100000003800D0A3F041F821F800F820D8C255
:10EC200038000000000000000000000000000000AC
:10EC300000000000000000000000000000000000D4
:10EC400000000000000000000000000000000000C4
:10EC500000000000000000000000000000000000B4
:10EC600000000000000000000000000000000000A4
:10EC700000000000086039C0FF63FF80FFA0FFC0F4
:10EC8000FFC0EF4410800000000000000000000002
:10EC90000000000000000000000000000000000074
:10ECA0000000000000000000000000000000000064
:10ECB0000000000000000000000000000000000054
:10ECC0000000000000000000000000000000000044
:10ECD0000000000000000000000000001041A8A398
:10ECE000F041F800F820F840F880D9223000106197
:10ECF0000000000000000000000000000000000014
:10ED00000000000000000000000000000000000003
:10ED100000000000000000000000000000000000F3
:10ED200000000000000000000000000000000000E3
:10ED30000000000000000000086039A0F723FF6019
:10ED4000FF80FF80FFA0FFA17BC00000000000004B
:10ED500000000000000000000000000000000000B3
:10ED600000000000000000000000000000000000A3
:10ED70000000000000000000000000000000000093
:10ED80000000000000000000000000000000000083
:10ED90000000000000000000000000000000000073
:10EDA00000000000000000003020D882F800F820A9
:10EDB000F860F8A0F8E0E162486010400000000050
:10EDC0000000000000000000000000000000000043
:10EDD0000000000000000000000000000000000033
:10EDE0000000000000000000000000000000000023
:10EDF000000000000000000000000000106062C27F
:10EE0000FF02FF20FF40FF60FF60FF80D66310809D
:10EE100000000000000000000000000000000000F2
:10EE200000000000000000000000000000000000E2
:10EE300000000000000000000000000000000000D2
:10EE400000000000000000000000000000000000C2
:10EE500000000000000000000000000000000000B2
:10EE600000000000000000000000000000000000A2
:10EE7000000010416841F040F840F880F8C0F90007
:10EE8000F920E9A19900284010610000000000006D
:10EE90000000000000000000000000000000000072
:10EEA0000000000000000000000000000000000062
:10EEB0000000000000000000000000000000000052
:10EEC0002900C562FEE2FF00FF00FF20FF40FF4077
:10EED000F7232900000000000000000000000000EF
:10EEE0000000000000000000000000000000000022
:10EEF0000000000000000000000000000000000012
:10EF00000000000000000000000000000000000001
:10EF100000000000000000000000000000000000F1
:10EF200000000000000000000000000000000000E1
:10EF30000000000000000000000000000000182198
:10EF40006020E8A1F8A0F8E0F920F940F980F9C0C4
:10EF5000EA22BA0338201040000000000000000040
:10EF600000000000000000000000000000000000A1
:10EF70000000000000000000000000000000000091
:10EF800010603960D5C5FEA3FEC0FEC0FEE0FEE005
:10EF9000FF00FF20F724316008600000000000003F
:10EFA0000000000000000000000000000000000061
:10EFB0000000000000000000000000000000000051
:10EFC0000000000000000000000000000000000041
:10EFD0000000000000000000000000000000000031
:10EFE0000000000000000000000000000000000021
:10EFF0000000000000000000000000000000000011
:10F000000000000000000000000010416840D9220C
:10F01000F900F920F960F9A0F9E0FA20FA40FA8045
:10F02000E303B282718140A02020184010600000EC
:10F030000000000000000000000010601060186078
:10F0400049808342CD44F643FE60FE80FE80FEA0F0
:10F05000FEA0FEC0FEE0FEE0E665316000000000BC
:10F0600000000000000000000000000000000000A0
:10F070000000000000000000000000000000000090
:10F080000000000000000000000000000000000080
:10F090000000000000000000000000000000000070
:10F0A0000000000000000000000000000000000060
:10F0B0000000000000000000000000000000000050
:10F0C0000000000000000000000000000000000040
:10F0D00000000000000000003000B942E981F98022
:10F0E000F9C0FA00FA20FA60FAA0FAE0FB00FB404F
:10F0F000FB80FBC0FC00FC20FC81F4C2FCE2FD2193
:10F10000FD40FD80FDC0FDE0FE00FE20FE20FE4033
:10F11000FE60FE60FE80FEA0FEA0F6A4A482106049
:10F1200000000000000000000000000000000000DF
:10F1300000000000000000000000000000000000CF
:10F1400000000000000000000000000000000000BF
:10F1500000000000000000000000000000000000AF
:10F16000000000000000000000000000000000009F
:10F17000000000000000000000000000000000008F
:10F18000000000000000000000000000000000007F
:10F19000000000000000000000000000000000006F
:10F1A0000000000010413840A121EA01F220FA409D
:10F1B000FA80FAC0FB00FB40FB60FBA0FBE0FC20F8
:10F1C000FC40FC80FCC0FCE0FD20FD60FDA0FDE0FB
:10F1D000FE00FE20FE20FE40FE40FE61F6648341FC
:10F1E00018C0000000000000000000000000000047
:10F1F000000000000000000000000000000000000F
:10F2000000000000000000000000000000000000FE
:10F2100000000000000000000000000000000000EE
:10F2200000000000000000000000000000000000DE
:10F2300000000000000000000000000000000000CE
:10F2400000000000000000000000000000000000BE
:10F2500000000000000000000000000000000000AE
:10F26000000000000000000000000000000000009E
:10F27000000010411840408091C3D281F301FB216E
:10F28000FB60FB80FBC0FC00FC20FC60FCA0FCE001
:10F29000FD20FD40FD80FDC1FDE1FE02CD228B84FD
:10F2A00020C010600000000000000000000000000E
:10F2B000000000000000000000000000000000004E
:10F2C000000000000000000000000000000000003E
:10F2D000000000000000000000000000000000002E
:10F2E000000000000000000000000000000000001E
:10F2F000000000000000000000000000000000000E
:10F3000000000000000000000000000000000000FD
:10F3100000000000000000000000000000000000ED
:10F3200000000000000000000000000000000000DD
:10F3300000000000000000000000000000000000CD
:10F34000000000001061184018402020202038C024
:10F35000492061A059A0494030C018601860106071
:10F36000106000000000000000000000000000002D
:10F37000000000000000000000000000000000008D
:10F38000000000000000000000000000000000007D
:10F39000000000000000000000000000000000006D
:10F3A000000000000000000000000000000000005D
:10F3B000000000000000000000000000000000004D
:10F3C000000000000000000000000000000000003D
:10F3D000000000000000000000000000000000002D
:10F3E000000000000000000000000000000000001D
:10F3F000000000000000000000000000000000000D
:10F4000000000000000000000000000000000000FC
:10F4100000000000000000000000000000000000EC
:10F4200000000000000000000000000000000000DC
:10F4300000000000000000000000000000000000CC
:10F4400000000000000000000000000000000000BC
:10F4500000000000000000000000000000000000AC
:10F46000000000000000000000000000000000009C
:10F47000000000000000000000000000000000008C
:10F4800000000000000000000000000007FFF80F6F
:10F49000FFFC0FFFFC1FFFFE3FFFFF3E001F3E0073
:10F4A0001F3E001F3E001F3E001F3E001F3E001F6C
:10F4B0003E001F3E001F3E001F3E001F3E001F3E3D
:10F4C000001F3E001F1C000E1C000E3E001F3E00D1
:10F4D0001F3E001F3E001F3E001F3E001F3E001F3C
:10F4E0003E001F3E001F3E001F3E001F3E001F3E0D
:10F4F000001F3E001F3E001F3FFFFF1FFFFE0FFFCC
:10F50000FC07FFF800000000000000000000000001
:10F5100000000000000000000000000000000000EB
:10F520000000000000001C00003E00003E00003E05
:10F5300000003E00003E00003E00003E00003E0095
:10F54000003E00003E00003E00003E00003E000085
:10F550003E00003E00001C00001C00003E00003E7B
:10F5600000003E00003E00003E00003E00003E0065
:10F57000003E00003E00003E00003E00003E000055
:10F580003E00003E00003E00003E00001C00000067
:10F59000000000000000000000000000000000006B
:10F5A00000000000000000000000000003FFF8075A
:10F5B000FFFC07FFFC07FFFE03FFFF00001F00002A
:10F5C0001F00001F00001F00001F00001F00001F81
:10F5D00000001F00001F00001F00001F00001F0090
:10F5E00003FF07FFFF0FFFFE1FFFFC3FFFF83E007A
:10F5F000003E00003E00003E00003E00003E0000D5
:10F600003E00003E00003E00003E00003E00003E86
:10F6100000003E00003E00003FFFF81FFFFC0FFF10
:10F62000FC07FFF8000000000000000000000000E0
:10F6300000000000000000000000000003FFF807C9
:10F64000FFFC07FFFC07FFFE03FFFF00001F000099
:10F650001F00001F00001F00001F00001F00001FF0
:10F6600000001F00001F00001F00001F00001F00FF
:10F6700007FF07FFFF0FFFFF0FFFFF07FFFF000060
:10F680001F00001F00001F00001F00001F00001FC0
:10F6900000001F00001F00001F00001F00001F00CF
:10F6A000001F00001F00001F07FFFF0FFFFE0FFFDE
:10F6B000FC07FFF800000000000000000000000050
:10F6C000000000000000000000000000000000003A
:10F6D00000000000001C000E3E001F3E001F3E0008
:10F6E0001F3E001F3E001F3E001F3E001F3E001F2A
:10F6F0003E001F3E001F3E001F3E001F3E001F3EFB
:10F70000001F3FF7FF1FFFFE07FFFE07FFFF000080
:10F710001F00001F00001F00001F00001F00001F2F
:10F7200000001F00001F00001F00001F00001F003E
:10F73000001F00001F00001F00001F00000E00003F
:10F7400000000000000000000000000000000000B9
:10F7500000000000000000000000000003FFF807A8
:10F76000FFFC07FFFC1FFFFC3FFFF83E00003E00D0
:10F77000003E00003E00003E00003E00003E000053
:10F780003E00003E00003E00003E00003E00003E05
:10F7900000003FF3F81FFFFC0FFFFE07FFFF000014
:10F7A0001F00001F00001F00001F00001F00001F9F
:10F7B00000001F00001F00001F00001F00001F00AE
:10F7C000001F00001F00001F07FFFF0FFFFE0FFFBD
:10F7D000FC07FFF80000000000000000000000002F
:10F7E00000000000000000000000000003FFF80718
:10F7F000FFFC07FFFC1FFFFC3FFFF83E00003E0040
:10F80000003E00003E00003E00003E00003E0000C2
:10F810003E00003E00003E00003E00003E00003E74
:10F8200000003FF3F81FFFFC1FFFFE3FFFFF3E00FD
:10F830001F3E001F3E001F3E001F3E001F3E001FD8
:10F840003E001F3E001F3E001F3E001F3E001F3EA9
:10F85000001F3E001F3E001F3FFFFF1FFFFE0FFF68
:10F86000FC07FFF80000000000000000000000009E
:10F8700000000000000000000000000007FFF80783
:10F88000FFF807FFF807FFFE03FFFF00001F00005F
:10F890001F00001F00001F00001F00001F00001FAE
:10F8A00000001F00001F00001F00001F00001F00BD
:10F8B000001F00001F00000E00000E00001F0000CF
:10F8C0001F00001F00001F00001F00001F00001F7E
:10F8D00000001F00001F00001F00001F00001F008D
:10F8E000001F00001F00001F00001F00000E00008E
:10F8F0000000000000000000000000000000000008
:10F9000000000000000000000000000003FFF807F6
:10F91000FFFC07FFFC1FFFFE3FFFFF3E001F3E00F6
:10F920001F3E001F3E001F3E001F3E001F3E001FE7
:10F930003E001F3E001F3E001F3E001F3E001F3EB8
:10F94000001F3FF7FF1FFFFE1FFFFE3FFFFF3E00B0
:10F950001F3E001F3E001F3E001F3E001F3E001FB7
:10F960003E001F3E001F3E001F3E001F3E001F3E88
:10F97000001F3E001F3E001F3FFFFF1FFFFE0FFF47
:10F98000FC07FFF80000000000000000000000007D
:10F9900000000000000000000000000003FFF80766
:10F9A000FFFC07FFFC1FFFFE3FFFFF3E001F3E0066
:10F9B0001F3E001F3E001F3E001F3E001F3E001F57
:10F9C0003E001F3E001F3E001F3E001F3E001F3E28
:10F9D000001F3FF7FF1FFFFE0FFFFE07FFFF0000A6
:10F9E0001F00001F00001F00001F00001F00001F5D
:10F9F00000001F00001F00001F00001F00001F006C
:10FA0000001F00001F00001F07FFFF0FFFFE0FFF7A
:10FA1000FC07FFF8000000000000000000000000EC
:10FA200000000000000000000000000000000000D6
:10FA300000003252545C340B0D15152523000000D4
:10FA400000C500E700E700E700E700E700E700E7A0
:10FA500000E700E700E700E700E700E700E700E76E
:10FA600000E700E700E700E700E700E700E700E75E
:10FA700000E700E700E700E700E700E700E700E74E
:10FA800000E700E700E700E700E700E700E700E73E
:10FA900000E700E700E700E700E700E700E700E72E
:10FAA00000E700E700E700E700E700E700E700E71E
:10FAB00000E700E700E700E700E700E700E700E70E
:10FAC00000E700E700E700E700E700E700E700E7FE
:10FAD00000E700E700E700E700E700E700E700E7EE
:10FAE00000E700E700E700E700000000000000007A
:10FAF000000000001CD9051D051D051D051D051D67
:10FB0000051D051D051D051D051D051D051D051DE5
:10FB1000051D051D051D051D051D051D051D051DD5
:10FB2000051D051D051D051D051D051D051D051DC5
:10FB3000051D051D051D051D051D051D051D051DB5
:10FB4000051D051D051D051D051D051D051D051DA5
:10FB5000051D051D051D051D051D051D051D051D95
:10FB6000051D051D051D051D051D051D051D051D85
:10FB7000051D051D051D051D051D051D051D051D75
:10FB8000051D051D051D051D051D051D051D051D65
:10FB9000051D051D053D051D051D051D0000000079
:10FBA00000000000000000001CD9051D126E124D5F
:10FBB000124D124D124D124D124D124D124D124D4D
:10FBC000124D124D124D124D124D124D124D124D3D
:10FBD000124D124D124D124D124D124D124D124D2D
:10FBE000124D124D124D124D124D124D124D124D1D
:10FBF000124D124D124D124D124D124D124D124D0D
:10FC0000124D124D124D124D124D124D124D124DFC
:10FC1000124D124D124D124D124D124D124D124DEC
:10FC2000124D124D124D124D124D124D124D124DDC
:10FC3000124D124D124D124D124D124D124D124DCC
:10FC4000124D124D124D124D124D124D051C051D37
:10FC50000000000000000000000000001CD9051D8D
:10FC60000022000000000000000000000000000072
:10FC70000000000000000000000000000000000084
:10FC80000000000000000000000000000000000074
:10FC90000000000000000000000000000000000064
:10FCA0000000000000000000000000000000000054
:10FCB0000000000000000000000000000000000044
:10FCC0000000000000000000000000000000000034
:10FCD0000000000000000000000000000000000024
:10FCE0000000000000000000000000000000000014
:10FCF0000000000000000000000000000000000004
:10FD0000051C051D000000000000000000000000B0
:10FD10001CD9051D002200000000000000000000AA
:10FD200000000000000000000000000000000000D3
:10FD300000000000000000000000000000000000C3
:10FD400000000000000000000000000000000000B3
:10FD500000000000000000000000000000000000A3
:10FD60000000000000000000000000000000000093
:10FD70000000000000000000000000000000000083
:10FD80000000000000000000000000000000000073
:10FD90000000000000000000000000000000000063
:10FDA0000000000000000000000000000000000053
:10FDB00000000000051C051D000000000000000000
:10FDC000000000001CD9051D0022000000000000FA
:10FDD0000000000000000000000000000000000023
:10FDE0000000000000000000000000000000000013
:10FDF0000000000000000000000000000000000003
:10FE000000000000000000000000000000000000F2
:10FE100000000000000000000000000000000000E2
:10FE200000000000000000000000000000000000D2
:10FE300000000000000000000000000000000000C2
:10FE400000000000000000000000000000000000B2
:10FE500000000000000000000000000000000000A2
:10FE60000000000000000000051C051D000000004F
:10FE700000000000000000001CD9051D0022000049
:10FE80000000000000000000000000000000000072
:10FE90000000000000000000000000000000000062
:10FEA0000000000000000000000000000000000052
:10FEB0000000000000000000000000000000000042
:10FEC0000000000000000000000000000000000032
:10FED0000000000000000000000000000000000022
:10FEE0000000000000000000000000000000000012
:10FEF0000000000000000000000000000000000002
:10FF000000000000000000000000000000000000F1
:10FF1000000000000000000000000000051C051D9E
:10FF20000000000000000000000000001CD9051DBA
:10FF3000002200000000000000000000000000009F
:10FF400000000000000000000000000000000000B1
:10FF500000000000000000000000000000000000A1
:10FF60000000000000000000000000000000000091
:10FF70000000000000000000000000000000000081
:10FF80000000000000000000000000000000000071
:10FF90000000000000000000000000000000000061
:10FFA0000000000000000000000000000000000051
:10FFB0000000000000000000000000000000000041
:10FFC0000000000000000000000000000000000031
:10FFD000051C051D000000000000000000000000DE
:10FFE0001CD9051D002200000000000000000000D8
:10FFF0000000000000000000000000000000000001
:020000040002F8
:1000000000000000000000000000000000000000F0
:1000100000000000000000000000000000000000E0
:1000200000000000000000000000000000000000D0
:1000300000000000000000000000000000000000C0
:1000400000000000000000000000000000000000B0
:1000500000000000000000000000000000000000A0
:100060000000000000000000000000000000000090
:100070000000000000000000000000000000000080
:1000800000000000051C051D00000000000000002D
:10009000000000001CD9051D002200000000000027
:1000A0000000000000000000000000000000000050
:1000B0000000000000000000000000000000000040
:1000C0000000000000000000000000000000000030
:1000D0000000000000000000000000000000000020
:1000E0000000000000000000000000000000000010
:1000F0000000000000000000000000000000000000
:1001000000000000000000000000000000000000EF
:1001100000000000000000000000000000000000DF
:1001200000000000000000000000000000000000CF
:100130000000000000000000051C051D000000007C
:1001400000000000000000001CD9051D0022000076
:10015000000000000000000000000000000000009F
:10016000000000000000000000000000000000008F
:10017000000000000000000000000000000000007F
:10018000000000000000000000000000000000006F
:10019000000000000000000000000000000000005F
:1001A000000000000000000000000000000000004F
:1001B000000000000000000000000000000000003F
:1001C000000000000000000000000000000000002F
:1001D000000000000000000000000000000000001F
:1001E000000000000000000000000000051C051DCC
:1001F0000000000000000000000000001CD9051DE8
:1002000000220000000000000000000000000000CC
:1002100000000000000000000000000000000000DE
:1002200000000000000000000000000000000000CE
:1002300000000000000000000000000000000000BE
:1002400000000000000000000000000000000000AE
:10025000000000000000000000000000000000009E
:10026000000000000000000000000000000000008E
:10027000000000000000000000000000000000007E
:10028000000000000000000000000000000000006E
:10029000000000000000000000000000000000005E
:1002A000051C051D0000000000000000000000000B
:1002B0001CD9051D00220000000000000000000005
:1002C000000000000000000000000000000000002E
:1002D000000000000000000000000000000000001E
:1002E000000000000000000000000000000000000E
:1002F00000000000000000000000000000000000FE
:1003000000000000000000000000000000000000ED
:1003100000000000000000000000000000000000DD
:1003200000000000000000000000000000000000CD
:1003300000000000000000000000000000000000BD
:1003400000000000000000000000000000000000AD
:1003500000000000051C051D00000000000000005A
:10036000000000001CD9051D002200000000000054
:10037000000000000000000000000000000000007D
:10038000000000000000000000000000000000006D
:10039000000000000000000000000000000000005D
:1003A000000000000000000000000000000000004D
:1003B000000000000000000000000000000000003D
:1003C000000000000000000000000000000000002D
:1003D000000000000000000000000000000000001D
:1003E000000000000000000000000000000000000D
:1003F00000000000000000000000000000000000FD
:100400000000000000000000051C051D1CD91CD9BF
:100410001CD91CD91CD900001CD9051D00220000C4
:1004200000000000000000000000000000000000CC
:1004300000000000000000000000000000000000BC
:1004400000000000000000000000000000000000AC
:10045000000000000000000000000000000000009C
:10046000000000000000000000000000000000008C
:10047000000000000000000000000000000000007C
:10048000000000000000000000000000000000006C
:10049000000000000000000000000000000000005C
:1004A000000000000000000000000000000000004C
:1004B000000000000000000000000000051C051DF9
:1004C000053D051D051D051C051D00001CD9051D4C
:1004D00000220000000000000000000000000000FA
:1004E000000000000000000000000000000000000C
:1004F00000000000000000000000000000000000FC
:1005000000000000000000000000000000000000EB
:1005100000000000000000000000000000000000DB
:1005200000000000000000000000000000000000CB
:1005300000000000000000000000000000000000BB
:1005400000000000000000000000000000000000AB
:10055000000000000000000000000000000000009B
:10056000000000000000000000000000000000008B
:10057000051C051D051D051D051D051D051D00008E
:100580001CD9051D00220000000000000000000032
:10059000000000000000000000000000000000005B
:1005A000000000000000000000000000000000004B
:1005B000000000000000000000000000000000003B
:1005C000000000000000000000000000000000002B
:1005D000000000000000000000000000000000001B
:1005E000000000000000000000000000000000000B
:1005F00000000000000000000000000000000000FB
:1006000000000000000000000000000000000000EA
:1006100000000000000000000000000000000000DA
:1006200000000000051C051D051D051D051D051DFF
:10063000051D00001CD9051D00220000000000005F
:1006400000000000000000000000000000000000AA
:10065000000000000000000000000000000000009A
:10066000000000000000000000000000000000008A
:10067000000000000000000000000000000000007A
:10068000000000000000000000000000000000006A
:10069000000000000000000000000000000000005A
:1006A000000000000000000000000000000000004A
:1006B000000000000000000000000000000000003A
:1006C000000000000000000000000000000000002A
:1006D0000000000000000000051C051D051D051D93
:1006E000051D051D051D00001CD9051D002200006B
:1006F00000000000000000000000000000000000FA
:1007000000000000000000000000000000000000E9
:1007100000000000000000000000000000000000D9
:1007200000000000000000000000000000000000C9
:1007300000000000000000000000000000000000B9
:1007400000000000000000000000000000000000A9
:100750000000000000000000000000000000000099
:100760000000000000000000000000000000000089
:100770000000000000000000000000000000000079
:10078000000000000000000000000000051C051D26
:10079000051D051D051D051D051D00001CD9051D98
:1007A0000022000000000000000000000000000027
:1007B0000000000000000000000000000000000039
:1007C0000000000000000000000000000000000029
:1007D0000000000000000000000000000000000019
:1007E0000000000000000000000000000000000009
:1007F00000000000000000000000000000000000F9
:1008000000000000000000000000000000000000E8
:1008100000000000000000000000000000000000D8
:1008200000000000000000000000000000000000C8
:1008300000000000000000000000000000000000B8
:10084000051C051D051D051D051D051D051D0000BB
:100850001CD9051D0022000000000000000000005F
:100860000000000000000000000000000000000088
:100870000000000000000000000000000000000078
:100880000000000000000000000000000000000068
:100890000000000000000000000000000000000058
:1008A0000000000000000000000000000000000048
:1008B0000000000000000000000000000000000038
:1008C0000000000000000000000000000000000028
:1008D0000000000000000000000000000000000018
:1008E0000000000000000000000000000000000008
:1008F00000000000051C051D051D051D051D051D2D
:10090000051D00001CD9051D00220000000000008C
:1009100000000000000000000000000000000000D7
:1009200000000000000000000000000000000000C7
:1009300000000000000000000000000000000000B7
:1009400000000000000000000000000000000000A7
:100950000000000000000000000000000000000097
:100960000000000000000000000000000000000087
:100970000000000000000000000000000000000077
:100980000000000000000000000000000000000067
:100990000000000000000000000000000000000057
:1009A0000000000000000000051C051D051D051DC0
:1009B000051D051D051D00001CD9051D0022000098
:1009C0000000000000000000000000000000000027
:1009D0000000000000000000000000000000000017
:1009E0000000000000000000000000000000000007
:1009F00000000000000000000000000000000000F7
:100A000000000000000000000000000000000000E6
:100A100000000000000000000000000000000000D6
:100A200000000000000000000000000000000000C6
:100A300000000000000000000000000000000000B6
:100A400000000000000000000000000000000000A6
:100A5000000000000000000000000000051C051D53
:100A6000051D051D051D051D051D00001CD9051DC5
:100A70000022000000000000000000000000000054
:100A80000000000000000000000000000000000066
:100A90000000000000000000000000000000000056
:100AA0000000000000000000000000000000000046
:100AB0000000000000000000000000000000000036
:100AC0000000000000000000000000000000000026
:100AD0000000000000000000000000000000000016
:100AE0000000000000000000000000000000000006
:100AF00000000000000000000000000000000000F6
:100B000000000000000000000000000000000000E5
:100B1000051C051D051D051D051D051D051D0000E8
:100B20001CD9051D0022000000000000000000008C
:100B300000000000000000000000000000000000B5
:100B400000000000000000000000000000000000A5
:100B50000000000000000000000000000000000095
:100B60000000000000000000000000000000000085
:100B70000000000000000000000000000000000075
:100B80000000000000000000000000000000000065
:100B90000000000000000000000000000000000055
:100BA0000000000000000000000000000000000045
:100BB0000000000000000000000000000000000035
:100BC00000000000051C051D051D051D051D051D5A
:100BD000051D00001CD9051D0022000000000000BA
:100BE0000000000000000000000000000000000005
:100BF00000000000000000000000000000000000F5
:100C000000000000000000000000000000000000E4
:100C100000000000000000000000000000000000D4
:100C200000000000000000000000000000000000C4
:100C300000000000000000000000000000000000B4
:100C400000000000000000000000000000000000A4
:100C50000000000000000000000000000000000094
:100C60000000000000000000000000000000000084
:100C70000000000000000000051C051D051D051DED
:100C8000051D051D051D00001CD9051D00220000C5
:100C90000000000000000000000000000000000054
:100CA0000000000000000000000000000000000044
:100CB0000000000000000000000000000000000034
:100CC0000000000000000000000000000000000024
:100CD0000000000000000000000000000000000014
:100CE0000000000000000000000000000000000004
:100CF00000000000000000000000000000000000F4
:100D000000000000000000000000000000000000E3
:100D100000000000000000000000000000000000D3
:100D2000000000000000000000000000051C051D80
:100D3000051D051D051D051D051D00001CD9051DF2
:100D40000022000000000000000000000000000081
:100D50000000000000000000000000000000000093
:100D60000000000000000000000000000000000083
:100D70000000000000000000000000000000000073
:100D80000000000000000000000000000000000063
:100D90000000000000000000000000000000000053
:100DA0000000000000000000000000000000000043
:100DB0000000000000000000000000000000000033
:100DC0000000000000000000000000000000000023
:100DD0000000000000000000000000000000000013
:100DE000051C051D051D051D051D051D051D000016
:100DF0001CD9051D002200000000000000000000BA
:100E000000000000000000000000000000000000E2
:100E100000000000000000000000000000000000D2
:100E200000000000000000000000000000000000C2
:100E300000000000000000000000000000000000B2
:100E400000000000000000000000000000000000A2
:100E50000000000000000000000000000000000092
:100E60000000000000000000000000000000000082
:100E70000000000000000000000000000000000072
:100E80000000000000000000000000000000000062
:100E900000000000051C051D051D051D051D051D87
:100EA000051D00001CD9051D0022000000000000E7
:100EB0000000000000000000000000000000000032
:100EC0000000000000000000000000000000000022
:100ED0000000000000000000000000000000000012
:100EE0000000000000000000000000000000000002
:100EF00000000000000000000000000000000000F2
:100F000000000000000000000000000000000000E1
:100F100000000000000000000000000000000000D1
:100F200000000000000000000000000000000000C1
:100F300000000000000000000000000000000000B1
:100F40000000000000000000051C051D051D051D1A
:100F5000051D051D051D00001CD9051D00220000F2
:100F60000000000000000000000000000000000081
:100F70000000000000000000000000000000000071
:100F80000000000000000000000000000000000061
:100F90000000000000000000000000000000000051
:100FA0000000000000000000000000000000000041
:100FB0000000000000000000000000000000000031
:100FC0000000000000000000000000000000000021
:100FD0000000000000000000000000000000000011
:100FE0000000000000000000000000000000000001
:100FF000000000000000000000000000051C051DAE
:10100000051D051D051D051D051D00001CD9051D1F
:1010100000220000000000000000000000000000AE
:1010200000000000000000000000000000000000C0
:1010300000000000000000000000000000000000B0
:1010400000000000000000000000000000000000A0
:101050000000000000000000000000000000000090
:101060000000000000000000000000000000000080
:101070000000000000000000000000000000000070
:101080000000000000000000000000000000000060
:101090000000000000000000000000000000000050
:1010A0000000000000000000000000000000000040
:1010B000051C051D051D051D051D051D051D000043
:1010C0001CD9051D002200000000000000000000E7
:1010D0000000000000000000000000000000000010
:1010E0000000000000000000000000000000000000
:1010F00000000000000000000000000000000000F0
:1011000000000000000000000000000000000000DF
:1011100000000000000000000000000000000000CF
:1011200000000000000000000000000000000000BF
:1011300000000000000000000000000000000000AF
:10114000000000000000000000000000000000009F
:10115000000000000000000000000000000000008F
:1011600000000000051C051D051D051D051D051DB4
:10117000051D00001CD9051D002200000000000014
:10118000000000000000000000000000000000005F
:10119000000000000000000000000000000000004F
:1011A000000000000000000000000000000000003F
:1011B000000000000000000000000000000000002F
:1011C000000000000000000000000000000000001F
:1011D000000000000000000000000000000000000F
:1011E00000000000000000000000000000000000FF
:1011F00000000000000000000000000000000000EF
:1012000000000000000000000000000000000000DE
:101210000000000000000000051C051D14FB14FB6D
:1012200014FB14FB14FB00001CD9051D0022000058
:1012300000000000000000000000000000000000AE
:10124000000000000000000000000000000000009E
:10125000000000000000000000000000000000008E
:10126000000000000000000000000000000000007E
:10127000000000000000000000000000000000006E
:10128000000000000000000000000000000000005E
:10129000000000000000000000000000000000004E
:1012A000000000000000000000000000000000003E
:1012B000000000000000000000000000000000002E
:1012C000000000000000000000000000051C051DDB
:1012D0000000000000000000000000001CD9051DF7
:1012E00000220000000000000000000000000000DC
:1012F00000000000000000000000000000000000EE
:1013000000000000000000000000000000000000DD
:1013100000000000000000000000000000000000CD
:1013200000000000000000000000000000000000BD
:1013300000000000000000000000000000000000AD
:10134000000000000000000000000000000000009D
:10135000000000000000000000000000000000008D
:10136000000000000000000000000000000000007D
:10137000000000000000000000000000000000006D
:10138000051C051D0000000000000000000000001A
:101390001CD9051D00220000000000000000000014
:1013A000000000000000000000000000000000003D
:1013B000000000000000000000000000000000002D
:1013C000000000000000000000000000000000001D
:1013D000000000000000000000000000000000000D
:1013E00000000000000000000000000000000000FD
:1013F00000000000000000000000000000000000ED
:1014000000000000000000000000000000000000DC
:1014100000000000000000000000000000000000CC
:1014200000000000000000000000000000000000BC
:1014300000000000051C051D000000000000000069
:10144000000000001CD9051D002200000000000063
:10145000000000000000000000000000000000008C
:10146000000000000000000000000000000000007C
:10147000000000000000000000000000000000006C
:10148000000000000000000000000000000000005C
:10149000000000000000000000000000000000004C
:1014A000000000000000000000000000000000003C
:1014B000000000000000000000000000000000002C
:1014C000000000000000000000000000000000001C
:1014D000000000000000000000000000000000000C
:1014E0000000000000000000051C051D00000000B9
:1014F00000000000000000001CD9051D00220000B3
:1015000000000000000000000000000000000000DB
:1015100000000000000000000000000000000000CB
:1015200000000000000000000000000000000000BB
:1015300000000000000000000000000000000000AB
:10154000000000000000000000000000000000009B
:10155000000000000000000000000000000000008B
:10156000000000000000000000000000000000007B
:10157000000000000000000000000000000000006B
:10158000000000000000000000000000000000005B
:10159000000000000000000000000000051C051D08
:1015A0000000000000000000000000001CD9051D24
:1015B0000022000000000000000000000000000009
:1015C000000000000000000000000000000000001B
:1015D000000000000000000000000000000000000B
:1015E00000000000000000000000000000000000FB
:1015F00000000000000000000000000000000000EB
:1016000000000000000000000000000000000000DA
:1016100000000000000000000000000000000000CA
:1016200000000000000000000000000000000000BA
:1016300000000000000000000000000000000000AA
:10164000000000000000000000000000000000009A
:10165000051C051D00000000000000000000000047
:101660001CD9051D00220000000000000000000041
:10167000000000000000000000000000000000006A
:10168000000000000000000000000000000000005A
:10169000000000000000000000000000000000004A
:1016A000000000000000000000000000000000003A
:1016B000000000000000000000000000000000002A
:1016C000000000000000000000000000000000001A
:1016D000000000000000000000000000000000000A
:1016E00000000000000000000000000000000000FA
:1016F00000000000000000000000000000000000EA
:1017000000000000051C051D000000000000000096
:10171000000000001CD9051D002200000000000090
:1017200000000000000000000000000000000000B9
:1017300000000000000000000000000000000000A9
:101740000000000000000000000000000000000099
:101750000000000000000000000000000000000089
:101760000000000000000000000000000000000079
:101770000000000000000000000000000000000069
:101780000000000000000000000000000000000059
:101790000000000000000000000000000000000049
:1017A0000000000000000000000000000000000039
:1017B0000000000000000000051C051D00000000E6
:1017C00000000000000000001CD9051D00220000E0
:1017D0000000000000000000000000000000000009
:1017E00000000000000000000000000000000000F9
:1017F00000000000000000000000000000000000E9
:1018000000000000000000000000000000000000D8
:1018100000000000000000000000000000000000C8
:1018200000000000000000000000000000000000B8
:1018300000000000000000000000000000000000A8
:101840000000000000000000000000000000000098
:101850000000000000000000000000000000000088
:10186000000000000000000000000000051C051D35
:101870000000000000000000000000001CD9051D51
:101880000022000000000000000000000000000036
:101890000000000000000000000000000000000048
:1018A0000000000000000000000000000000000038
:1018B0000000000000000000000000000000000028
:1018C0000000000000000000000000000000000018
:1018D0000000000000000000000000000000000008
:1018E00000000000000000000000000000000000F8
:1018F00000000000000000000000000000000000E8
:1019000000000000000000000000000000000000D7
:1019100000000000000000000000000000000000C7
:10192000051C051D00000000000000000000000074
:101930001CD9051D0022000000000000000000006E
:101940000000000000000000000000000000000097
:101950000000000000000000000000000000000087
:101960000000000000000000000000000000000077
:101970000000000000000000000000000000000067
:101980000000000000000000000000000000000057
:101990000000000000000000000000000000000047
:1019A0000000000000000000000000000000000037
:1019B0000000000000000000000000000000000027
:1019C0000000000000000000000000000000000017
:1019D00000000000051C051D0000000000000000C4
:1019E000000000001CD9051D0022000000000000BE
:1019F00000000000000000000000000000000000E7
:101A000000000000000000000000000000000000D6
:101A100000000000000000000000000000000000C6
:101A200000000000000000000000000000000000B6
:101A300000000000000000000000000000000000A6
:101A40000000000000000000000000000000000096
:101A50000000000000000000000000000000000086
:101A60000000000000000000000000000000000076
:101A70000000000000000000000000000000000066
:101A80000000000000000000051C051D0000000013
:101A900000000000000000001CD9051D051C0D1CE5
:101AA0000D1C0D1C0D1C0D1C0D1C0D1C0D1C0D1CEE
:101AB0000D1C0D1C0D1C0D1C0D1C0D1C0D1C0D1CDE
:101AC0000D1C0D1C0D1C0D1C0D1C0D1C0D1C0D1CCE
:101AD0000D1C0D1C0D1C0D1C0D1C0D1C0D1C0D1CBE
:101AE0000D1C0D1C0D1C0D1C0D1C0D1C0D1C0D1CAE
:101AF0000D1C0D1C0D1C0D1C0D1C0D1C0D1C0D1C9E
:101B00000D1C0D1C0D1C0D1C0D1C0D1C0D1C0D1C8D
:101B10000D1C0D1C0D1C0D1C0D1C0D1C0D1C0D1C7D
:101B20000D1C0D1C0D1C0D1C0D1C0D1C0D1C0D1C6D
:101B30000D1C0D1C0D1C0D1C0D1C0D1C051D051D6B
:101B40000000000000000000000000001CD9051D7E
:101B5000051D051D051D051D051D051D051D051D75
:101B6000051D051D051D051D051D051D051D051D65
:101B7000051D051D051D051D051D051D051D051D55
:101B8000051D051D051D051D051D051D051D051D45
:101B9000051D051D051D051D051D051D051D051D35
:101BA000051D051D051D051D051D051D051D051D25
:101BB000051D051D051D051D051D051D051D051D15
:101BC000051D051D051D051D051D051D051D051D05
:101BD000051D051D051D051D051D051D051D051DF5
:101BE000051D051D051D051D051D051D051D051DE5
:101BF000051D051D000000000000000000000000A1
:101C000000000000000000000000000000000000D4
:101C100000000000000000000000000000000000C4
:101C200000000000000000000000000000000000B4
:101C300000000000000000000000000000000000A4
:101C40000000000000000000000000000000000094
:101C50000000000000000000000000000000000084
:101C60000000000000000000000000000000000074
:101C70000000000000000000000000000000000064
:101C80000000000000000000000000000000000054
:101C90000000000000000000000000000000000044
:101CA0000000000000000000000000000000000034
:101CB00000000000E41C02000000002060000000A2
:101CC000C40F0000441D020000030020DC020000DD
:101CD000C40F0000441D020060000020A0020000AC
:101CE000D40F000085788E80000000000000000006
:101CF00000000000000000000000000000000000E4
:101D000000000000000000000000000000000000D3
:101D1000C41700006C2200004C26000000000000E8
:101D20000000011076F100006200000029100000A0
:101D3000E30F000010000000000000002C00002055
:101D40000000000003B40148019001BDD113000060
:101D500003B40148019001BD3B11000003B40148E8
:101D6000019001BD1D0100000E484168491C416001
:101D7000704710B50B490120487000F015F810BDF0
:101D800002010020074906E04B78012B06D000BF76
:101D900000BF00BF401C9042F6D37047002048703F
:101DA000704700000C00002008B507210C4809040A
:101DB00041610168402291430091016008BD08B56E
:101DC0000720000406490090486101221146104690
:101DD000FFF7B8FF03480188C943018008BD000030
:101DE00000600040180000200068704701607047E4
:101DF0000101002003E000BF00BF00BF401C88427B
:101E0000F9D3704770B5804C7D4D7E492046FFF771
:101E1000EDFF2946251D2846FFF7E8FF261F012173
:101E20003046FFF7E3FF30BF764920461031FFF719
:101E3000DDFF02212846FFF7D9FF01213046FFF7D9
:101E4000D5FF30BF70BD70B56E4810210838FFF760
:101E5000CDFF6C48472109062038FFF7C7FF6948C6
:101E600006211C38FFF7C2FF664D10242D1F28469F
:101E7000FFF7BAFF20401028F9D110212846FFF7BC
:101E8000B5FF70BDF8B504033F200003844201D1C3
:101E90000120F8BDFFF7D7FF5A4D6721203D090605
:101EA0002846FFF7A3FF574821461838FFF79EFF43
:101EB000544810210838FFF799FF2E1D2021304685
:101EC000FFF794FF5148FFF793FF4E4F10243F1F39
:101ED0003846FFF789FF20401028F9D110213846F5
:101EE000FFF784FF474F4A4C143F3220FFF730FF83
:101EF00021462846FFF77AFF05213046FFF776FF97
:101F00003846FFF771FFC007EFD1F8BDF8B5000301
:101F10001646002410270090FFF795FF394810213E
:101F20000838FFF763FFA500A819401CFFF716FF4C
:101F30000102705D014333481438FFF757FF641CFA
:101F4000042CF0D3334938034118612000060143C3
:101F50002C482038FFF74AFF2A4800991838FFF725
:101F600045FF284802211C38FFF740FF2A48FFF7A9
:101F70003FFF244C1026241F2046FFF735FF30403A
:101F80001028F9D110212046FFF730FF1D4F204DBA
:101F90001C3F3220FFF7DCFE1A4829462038FFF7A5
:101FA00025FF05213846FFF721FF16481438FFF7B3
:101FB0001BFFC007EDD12046FFF716FF3040102869
:101FC00003D110212046FFF711FF0020F8BD10B506
:101FD00004460C4811492038FFF708FF09482146FC
:101FE0001838FFF703FF074803211C38FFF7FEFEF0
:101FF000C820FFF7ADFE03481438FFF7F5FE10BD0B
:10200000FF0200004020004020000140204E000060
:102010000100004200F0FFFF7017000003000062A3
:04000005000000C136
:00000001FF
