20000FFC
000000D5
00001381
00000DC9
000000DD
000000DF
000000E1
00000000
00000000
00000000
00000000
00001487
000000E5
00000000
0000147D
20000569
000000EB
000000EB
000014CD
00001509
20000573
000014AD
000014B5
000000EB
000000EB
000000EB
000015A1
000000EB
000000EB
0000079D
000007A5
000000EB
0000147F
00002325
000000EB
000008FD
000000EB
000000EB
000000EB
000000EB
000000EB
000000EB
000000EB
000000EB
000008FF
000000EB
00000795
000007F9
46854803
FB10F000
47004800
00002379
20000FFC
47004805
E7FEE7FE
E7FEE7FE
E7FEE7FE
E7FEE7FE
E7FEE7FE
000000C1
460BB530
20004601
24012220
460DE009
429D40D5
461DD305
1B494095
40954625
46151940
2D001E52
BD30DCF1
2400B570
28004625
2401DA01
29004240
2501DA01
F7FF4249
42ACFFDD
4240D000
D0002C00
BD704249
2A20B510
4601DB04
40913A20
BD102000
23204091
46031A9C
431940E3
BD104090
430B4603
D003079B
C908E009
C0081F12
D2FA2A04
780BE003
1C407003
1E521C49
4770D2F9
E001B2D2
1C407002
D2FB1E49
22004770
B510E7F6
460A4613
46194604
FFF0F7FF
BD104620
B41FB5F0
990BB088
24009809
99094048
00490FC0
91090849
990B07C0
00499000
910B0849
98089909
430846A6
990BD01C
4308980A
9809D018
00402401
00480D42
98090D41
03000524
43200B00
980B9009
0B000300
900B4320
491C1850
22001840
46149001
E0054610
46012000
BDF0B00D
DA012803
E0004603
469C2303
AE0A1AC1
005FE00A
5BEDAD08
5BF7004F
2700437D
417C18AA
1E5B1C49
DDF24561
AB040041
0421525A
430A0C12
1C400C24
DBDF2808
90029801
46709900
90009101
9A049B05
98069907
F902F000
0000E7D0
FFFFFC0D
460CB5F0
B085405C
07E40FE4
004C9403
08642600
46940059
46020849
43229602
4662D021
D01E430A
0D570062
030E004A
0D550323
46022401
0524492C
0B1B1B78
18400B36
43264323
90004661
1A50461C
D30341B4
1C409800
E0029000
98001892
2800415B
2000DA03
B0054601
2000BDF0
05092101
46864607
4664E011
1B14461D
D30641B5
1B524665
467441B3
430C4307
07CD46A6
08490840
18924328
4605415B
D1EA430D
43184610
4660D013
40504619
43084071
4660D006
41B31A10
2201D206
E0062300
23012200
E00207DB
43D22201
98001053
05014674
41611C38
9D039C02
41691900
F87DF000
0000E7BF
000003FD
17C2B50E
40500FC1
184007CA
4B052100
92019302
460A9100
F000460B
B003F877
0000BD00
00000433
0FCDB570
0309004A
0B092301
4319051B
07ED4B0B
0D522400
DA01429A
BD702000
33344B07
DC03429A
F0001A9A
E002F83D
18514904
432C4088
4240D0F1
0000BD70
000003FF
FFFFFBCD
B41FB5F0
20004606
4605B082
91012440
E01B9000
46229901
4630460F
F820F000
9B059A04
41991A80
4610D310
46224619
FE9AF7FF
418F1A36
46229701
21002001
F7FF9F00
1838FE91
9000414D
1E644620
DCDF2800
98009B01
46324629
BDF0B007
2A20B510
4608DB04
40D03A20
BD102100
40D3460B
242040D0
40911AA2
46194308
B510BD10
DA082B00
1C402400
18924161
431A415B
0840D101
BD100040
B41FB5F0
4605B082
D003000C
F0014608
E002F8AB
F8A8F001
46023020
46219000
F7FF4628
9B04FE53
46049A05
4318460F
43084311
4618D014
D01B4310
21409800
46181A0A
F7FF9905
4605FFBD
9A00460E
98049905
FE3AF7FF
D0054308
E0042001
46394620
BDF0B007
17C12000
430E4305
4337432C
980E9900
1A400563
0AE40579
430C2200
300A0AFD
2000D502
E7E94601
19100501
9C0C4169
19009D0D
F7FF4169
E7DFFFA2
4607B5F0
40584608
0FC0B087
00489004
0059460E
08490840
41881ABC
4638D205
461E4631
460B4617
00584602
43100840
0D30D04C
05409003
0D400059
90050D49
90021A40
DA722840
21010318
05090B00
90014308
92009804
D0052800
42529901
41882000
90019200
21409802
99011A0A
F7FF9800
4605FDD9
466B460C
F000CB07
19C0F8B7
9A034171
23000D0E
405617D7
407A461A
D0444316
2A009A04
9A02D02D
9A032A01
0512DC15
41911AC0
05362601
41711C00
9E050FD2
930007D2
96029201
4623462A
FF4AF7FF
BDF0B007
46314638
0516E7FA
460F4A22
1AC018B2
210141B7
1C000509
1800414F
4611417F
41791818
43100FE2
4164196D
07E2E013
4315086D
07C20864
9A034314
05122601
41911AC0
1C000536
07CE4171
43300840
18C00849
462A4151
F7FF4623
E7CDFF0C
9804E7FF
00402201
1A1217C1
418B2300
46319804
1A3817C4
E7EE41A1
2401B430
406307E4
E755BC30
2401B430
406107E4
E74FBC30
FFE00000
0309004A
0B092301
4319051B
B5104B0A
429A0D52
2000DA02
BD104601
33344B06
DC03429A
F7FF1A9A
BD10FEC9
18D24B03
FD48F7FF
0000BD10
000003FF
FFFFFBCD
2900B510
2401DB04
424007E4
4621418C
DB042B00
2301461C
425207DB
429941A3
4290D100
0000BD10
25014C06
E0054E06
CC0768E3
3C0C432B
34104798
D3F742B4
FCE2F7FF
0001C6B4
0001C6E4
2A20B510
17CBDB06
3A204608
17C14110
E006430B
4113460B
242040D0
40911AA2
46194308
0000BD10
4801B403
BD019001
200005ED
4801B403
BD019001
200005F1
4801B403
BD019001
20000581
2101B510
07C9480B
4A0B6001
70112100
22016801
43110412
68016001
43111052
68016001
43911482
20006001
F810F000
0000BD10
40016000
200000A8
F001B510
BD10FC6B
F000B510
BD10FA8B
00004770
4911B570
2800148A
4D10D011
280103D4
2802D011
6808D10A
60084390
F7FF4628
43A0FFB5
46284601
FFB6F7FF
6808BD70
60084310
6808BD70
60084390
F7FF4628
4320FFA5
0000E7EE
40016000
40020090
00004770
480BB508
22016941
43110492
61419100
10529900
91004311
20046141
FD78F001
20042100
FD7CF001
F0002004
BD08FDB9
40006000
B08FB5FF
46690005
9F199810
9C189E1B
98118188
981281C8
824C8208
2200D105
A805A903
FA86F002
AA0CAD05
4628A903
FAA7F002
D02D2800
19000FE0
98111041
1BC41808
2001900E
46229001
96029700
9B124628
F0019910
2000FFB5
43C0991A
91009001
46289602
9A0E9B12
F0019910
A805FFA9
D10B4285
F0024628
2800FB01
AA0CD006
4628A903
FA7BF002
D1DA2800
61A82000
BDF0B013
490BB510
2A00780A
784AD010
435A230C
1D121852
C01CCA1C
1C407848
0F800780
78087048
70081E40
BD102001
BD102000
2000050C
47704770
461CB5F8
460E4615
F0014607
4601FE9D
60464805
60C56087
43149A06
46086004
FE95F001
0000BDF8
40006000
4606B5F8
4830460F
FBDCF7FF
08C50744
46390F64
F7FF482D
210AFBD5
FBD2F7FF
22802700
2E002301
2E01D018
2E02D02B
4827D148
68C66047
60C64316
6006B2EE
0E2D042D
07E66045
0FF60865
00E41934
3411192C
4C1E6284
E0283440
6047481D
431668C6
B2EE60C6
042D6006
60450E2D
086507E6
19340FF6
192C00E4
62843411
34404C14
4814E013
68C66047
60C64316
6006B2EE
0E2D042D
07E66045
0FF60865
00E41934
3411192C
4C0B6284
68E53440
012D092D
60E5430D
439168C1
210760C1
60436081
0000BDF8
00989680
05F5E100
40004000
40001000
40003000
60084902
06406948
4770D5FC
40003000
69804801
00004770
E000E000
2200B538
481D491E
60089200
148B6808
60084318
E0064B1B
1C449800
42989400
2000D901
6848BD38
D5F502C0
68889200
B280600A
00C9217D
49134348
FB46F7FF
FC82F7FF
4B124A11
FB9EF7FF
FC90F7FF
46014604
F000A00F
4819FDA1
DD024284
F000A018
481EFD9B
DD054284
2001491D
A01D7008
FD92F000
BD38B2A0
00018020
40016000
00000BB8
00000FFF
66666666
401A6666
476E0A0D
565F7465
5F746162
746C6F56
20656761
5F636461
766E6F63
5F747265
20325F5F
6425203D
00000000
00000EED
74746142
20797265
6B636150
6C6F5620
65676174
33203E20
0056382E
00001194
20000008
20425355
68205635
62207361
206E6565
67756C70
20646567
00006E69
9F06B5F8
4605460C
D1124299
D2014295
E0004606
42954616
4615D808
463AE006
46304621
F93DF000
B2B61C76
D9F642AE
4295BDF8
429CD1FC
460ED201
461EE000
D808429C
E006461C
4631463A
F0004628
1C76F928
42A6B2B6
BDF8D9F6
B083B5FF
90019803
2880E034
280DD232
2820D004
3820D909
E007B280
90039801
30109804
9004B280
2000E021
01002500
98009000
19462400
19479804
5D814810
40E02080
D0064201
B2B99803
B2801900
F0009A05
1C64F8F8
2C08B2E4
1C6DD3EE
2D10B2ED
9803D3E5
B2803008
98069003
90061C40
78009806
D1C62800
BDF0B007
00003088
2100B5F8
240F2201
28004D17
2801D00B
4816D108
60C26101
60456044
A0146841
FCCAF000
4820BDF8
60434B1E
4E1D6043
608636DF
4B1D6083
60C360C3
68836883
68C368C3
61019300
60C26101
604460C2
4A056044
60423A10
60426045
3A304A02
60C16042
0000BDF8
00010FBB
4001D000
535F5748
315F4950
696E495F
6C616974
20657369
5F375258
5F495053
204C5443
5F707768
31697073
54433E2D
3D4C4F52
00782520
00005678
4001B000
00003579
2100B510
48094A08
6814E006
701C6843
1C491C5B
6043B289
055B6893
8803D502
D3F24299
0000BD10
4001B000
20000014
460CB538
22034605
20002101
FAF8F001
49074808
21026041
23049100
46294622
FDFAF7FF
00C0207D
FD1CF7FF
0000BD38
00010F9B
4001B000
460CB538
22034605
20002101
FADCF001
49074808
21036041
23049100
46294622
FDDEF7FF
00C0207D
FD00F7FF
0000BD38
00010F9B
4001B000
460CB538
22034605
20002101
FAC0F001
49074808
21026041
23089100
46294622
FDC2F7FF
00C0207D
FCE4F7FF
0000BD38
00010FAB
4001B000
460CB538
22034605
20002101
FAA4F001
49074808
21026041
23009100
46294622
FDA6F7FF
00C0207D
FCC8F7FF
0000BD38
00010F8B
4001B000
B510E7FE
460B4614
F0004602
4620FA9A
FA48F000
B510BD10
20152122
F956F001
20072106
F952F001
20012104
FA5AF001
20002103
FA56F001
20012107
FA52F001
B510BD10
F00020EF
20EBFAA7
FAA4F000
F0002014
20FEFA91
FA9EF000
F00020EF
20EBFA9B
FA98F000
F0002014
2084FA85
FA92F000
F0002040
2085FA7F
FA8CF000
F00020FF
2086FA79
FA86F000
F00020FF
2087FA73
FA80F000
F00020FF
2088FA6D
FA7AF000
F000200A
2089FA67
FA74F000
F0002021
208AFA61
FA6EF000
F0002000
208BFA5B
FA68F000
F0002080
208CFA55
FA62F000
F0002001
208DFA4F
FA5CF000
F0002001
208EFA49
FA56F000
F00020FF
208FFA43
FA50F000
F00020FF
20B6FA3D
FA4AF000
F0002000
2020FA37
FA34F000
F0002036
2008FA41
FA2EF000
F000203A
2005FA3B
FA28F000
F0002090
2008FA35
FA22F000
F0002008
2008FA1F
FA1CF000
F0002008
20BDFA19
FA26F000
F0002006
20BCFA13
FA20F000
F0002000
20FFFA0D
FA1AF000
F0002060
2001FA07
FA04F000
F0002004
20C3FA01
FA0EF000
F0002013
20C4F9FB
FA08F000
F0002013
20C9F9F5
FA02F000
F0002022
20BEF9EF
F9FCF000
F0002011
20E1F9E9
F9F6F000
F0002010
200EF9E3
F9E0F000
F00020DF
2021F9ED
F9DAF000
F000200C
2002F9D7
F9D4F000
F00020F0
2045F9E1
F9CEF000
F0002009
2008F9CB
F9C8F000
F0002008
2026F9C5
F9C2F000
F000202A
20F1F9BF
F9CCF000
F0002043
2070F9B9
F9B6F000
F0002072
2036F9B3
F9B0F000
F0002037
206FF9AD
F9AAF000
F00020F2
2045F9B7
F9A4F000
F0002009
2008F9A1
F99EF000
F0002008
2026F99B
F998F000
F000202A
20F3F995
F9A2F000
F0002043
2070F98F
F98CF000
F0002072
2036F989
F986F000
F0002037
206FF983
F980F000
F00020ED
201BF98D
F97AF000
F000200B
20AEF977
F984F000
F0002077
20CDF971
F97EF000
F0002063
2070F96B
F978F000
F0002007
2007F965
F962F000
F0002004
200EF95F
F95CF000
F000200F
2009F959
F956F000
F0002007
2008F953
F950F000
F0002003
20E8F94D
F95AF000
F0002034
2062F947
F954F000
F0002018
200DF941
F93EF000
F0002071
20EDF93B
F938F000
F0002070
2070F935
F932F000
F0002018
200FF92F
F92CF000
F0002071
20EFF929
F926F000
F0002070
2070F923
F920F000
F0002063
2018F92D
F91AF000
F0002011
2071F917
F914F000
F00020F1
2070F911
F90EF000
F0002070
2018F90B
F908F000
F0002013
2071F905
F902F000
F00020F3
2070F8FF
F8FCF000
F0002070
2064F8F9
F906F000
F0002028
2029F8F3
F8F0F000
F00020F1
2001F8ED
F8EAF000
F00020F1
2000F8E7
F8E4F000
F0002007
2066F8E1
F8EEF000
F000203C
2000F8DB
F8D8F000
F00020CD
2067F8D5
F8D2F000
F0002045
2045F8CF
F8CCF000
F0002010
2000F8C9
F8C6F000
F0002000
2000F8C3
F8C0F000
F0002067
2000F8CD
F8BAF000
F000203C
2000F8B7
F8B4F000
F0002000
2000F8B1
F8AEF000
F0002001
2054F8AB
F8A8F000
F0002010
2032F8A5
F8A2F000
F0002098
2074F89F
F8ACF000
F0002010
2085F899
F896F000
F0002080
2000F893
F890F000
F0002000
204EF88D
F88AF000
F0002000
2098F887
F894F000
F000203E
2007F881
F87EF000
F0002035
2021F88B
F888F000
F0002011
2078F885
FEE6F000
F0002029
2014F87F
FEE0F000
0000BD10
4604B510
21012203
F0012000
4803F837
60414901
BD106004
00010F9B
4001B000
24E1B531
210023EF
461A0224
F0004608
4621F836
F7FF4668
BD38FD3D
1A14B570
1C641A5D
436C1C6D
F000B2A4
4621F828
F7FFA804
BD70FD2F
F7FFB510
F000FD8A
F7FFF803
BD10FD9C
2101B510
46082207
F804F001
F0002064
2207FEA1
20012100
FFFCF000
00C0204B
FE98F000
22072101
F0004608
2032FFF3
FE90F000
B5F8BD10
461D4604
460F4616
F000202A
4620F823
FFA6F7FF
F7FF4630
202BFFA3
F81AF000
F7FF4638
4628FF9D
FF9AF7FF
F000202C
BDF8F811
4604B510
21012203
F0002000
4803FFCD
60414901
BD106004
00010F8B
4001B000
4604B510
22032100
F0004608
4803FFBD
60414901
BD106004
00010F8B
4001B000
00004770
DB052800
0EC906C1
40882001
60084901
00004770
E000E280
DB052800
0EC906C1
40882001
60084901
00004770
E000E100
22FF0783
409A0EDB
0E090709
28004099
0700DA0B
38080F00
48080883
1818009B
439369C3
61C3430B
08834770
009B4804
6818181B
43084390
47706018
E000ED00
E000E400
2000B570
F99AF7FF
F7FF2004
2008F997
F994F7FF
F7FF200C
2010F991
F98EF7FF
F7FF2020
2024F98B
F988F7FF
F7FF2028
202CF985
F982F7FF
F7FF2030
4E0EF97F
F7FF4630
4D0DF97B
686C2010
46214304
F7FF4630
1F36F979
606C4630
F96EF7FF
46304C07
F7FF4621
4621F96F
F7FF4630
602CF96B
0000BD70
40020024
20000000
D08E1885
B5104770
FDE4F000
4770BD10
F7FFB510
F000FFB5
201FFDF7
FF3AF000
201F2100
FF3EF000
F000201F
F000FF37
BD10FEC7
F000B510
BD10F805
F000B510
BD10FEE7
4802B508
900068C0
0000BD08
40011000
F000B510
BD10F801
480BB508
07096881
07CA0F09
2902D10F
2904D00C
2906D007
6941D108
070AB2C9
0789D501
7801D402
7011466A
BD086880
40001000
F000B510
BD10F801
480BB508
07096881
07CA0F09
2902D10F
2904D00C
2906D007
6941D108
070AB2C9
0789D501
7801D402
7011466A
BD086880
40003000
23FFB5F8
26003301
4F10431A
28002501
2801D018
2802D018
4C0DD113
60656066
60E26066
69226267
61236126
330323FF
06926123
22FFD502
61223223
F9D4F7FF
BDF86065
E7E94C03
E7E74C03
00000201
40004000
40001000
40003000
49044805
4A056001
60D12101
60012100
00004770
1ACCE551
40014C00
40014000
B510B40F
4B04A903
98024A04
F94AF000
BC08BC10
4718B004
0000203D
200000A4
0C022120
2110D001
0A024610
4610D001
09023908
4610D001
08821F09
4610D001
08421E89
1E88D001
1A084770
B4304770
1E644674
1C647825
D20042AB
5D63461D
18E3005B
4718BC30
C808E002
C1081F12
D1FA2A00
47704770
E0012000
1F12C101
D1FB2A00
B5704770
460D6904
680168A0
D81942A9
42A98881
6961D316
D10142A9
E00469A0
B2AA8A01
F0006880
1C41FCB5
6861D00A
616500C2
61A01889
68206809
0B090309
BD701840
BD702000
6904B570
68A0460D
68014616
D82642B1
42B18881
6961D323
D10142B1
E00469A0
B2B28A01
F0006880
1C41FC91
6861D017
616600C2
61A01889
0D006808
79488028
790880A8
20068068
80E85608
56082007
8A608128
0F000480
200172A8
2000BD70
0000BD70
B41FB5F0
9809B086
0D039A08
43022100
4851D014
18184A51
14054350
28019811
D01A9810
1C401A28
4F4D2600
9600494D
90049101
DA122800
E0114244
24019811
2801A349
9810D101
980643C1
60849A11
60C26003
B00B6041
4240BDF0
4604E7E4
20000521
1C004A3F
91034151
E0129002
D00707E0
463B4632
98009901
FD1EF7FE
90009101
463B4632
46194610
FD16F7FE
460F4606
2C001064
9804D1EA
28009B03
99099A02
DA069808
FD08F7FE
9A009B01
FD04F7FE
F7FEE005
9B01FD69
F7FE9A00
4604FD65
2200460E
F7FE4B28
D803FF81
43C02000
E0074601
4B252200
46314620
FEA4F7FE
FF54F7FE
E0092410
DB0A2C00
2300220A
FDFAF7FE
32309B07
1E64551A
430A4602
2211D1F2
9B071C64
191C1B12
2B019B11
2301D003
D10E4308
4308E00A
2011D004
20009010
E7779011
1A159810
E00B1E6D
42829810
2300DD02
E0031C6D
DA014282
1E6D2300
D0EE2B00
99119806
60C16082
E77EC030
FFFFFC01
00004D10
40140000
3FF00000
00000030
43F00000
3FE00000
B097B5FF
25004606
2825E218
2400D177
49FD4627
E0009404
1C764304
20017832
40903A20
D1F74208
282A7830
2202D00E
46017830
29093930
9904D816
4359230A
18403930
1C764314
E7F19004
C8029818
90189104
DA042900
03402001
42484304
20029004
1C764304
282E7830
2004D114
78704304
282A1C76
9818D109
C8801C76
E0099018
434F210A
19C73F30
78301C76
39304601
D9F52909
286C7830
DC06D010
D01A284C
D00E2868
D117286A
2874E004
287AD013
E010D112
05402001
E00C4304
05092101
2103E001
430C0509
42817871
2001D103
18240500
1C761C76
90117830
D00B2866
2858DC13
DC09D07D
D07B2800
D0F62845
D0F42846
D11A2847
E018E1A5
D0352863
D0702864
D1122865
2870E19D
DC08D06C
D0F12867
D07B2869
D00D286E
D106286F
2873E0BA
2875D02E
2878D071
9A1AD059
47909919
E17E1C6D
0F400260
D0092802
D00D2803
98182804
D00D6801
1D00600D
E1709018
17EA9818
600D6801
E7F6604A
68019818
E7F2800D
E7F0700D
466A9818
72117801
90181D00
72502000
9000A802
E0052001
C8029818
20009018
43C09100
D50D0761
E0012100
1C499901
42B99101
4281DA12
9A00DBF8
29005C51
E00BD1F4
E0012100
1C499901
42819101
9A01DBFA
5C899900
D1F52900
98049901
1A479B1A
46384621
F0009A19
9901FA97
18451940
E04FE00B
E013E12C
9800E04E
78009900
91001C49
99199A1A
98014790
90011E40
D1F21C40
46384621
9A199B1A
E037E110
2100200A
91019000
0F410260
D0072902
CA019A18
17C29218
29034694
E00AD008
1DC09818
00C908C1
9118C905
E0074694
17C2B200
29044694
B240D102
468C17C1
46612200
DA064594
2100460A
41914240
212D468C
0521E002
212BD504
7311466A
E0032101
D00107E1
E7F72120
E0559102
E00A200A
E0082010
90002010
20042100
91014304
E0032708
21002008
90009101
0F410260
D0072902
CA019A18
22009218
29034694
E008D008
1DC09818
00C908C1
9118C905
E0034694
2904B280
B2C0D100
91022100
D5290721
29709911
9A00D006
9B012110
431A404A
E00ED005
466A2140
21017311
4661E008
D0064301
466A2130
99117311
21027351
9A009102
9B012108
431A404A
4661D10A
D1014301
D5050761
466A2130
21017311
91021E7F
29589911
A135D004
A90D910E
E00D910D
E7F9A137
9B014661
F7FE9A00
9B0EFC15
5C9B468C
1E529A0D
7013920D
43014661
980DD1F0
1A08A905
90013020
D5030760
04002001
E0004384
98012701
DD014287
E0001A38
99012000
18419000
18099802
1A409804
03E09004
4621D406
9A199B1A
F0009804
1945F9B3
E0062700
9A1AA803
99195DC0
1C6D4790
98021C7F
DBF54287
D50C03E0
9B1A4621
98049A19
F99EF000
E0041945
20309A1A
47909919
99001C6D
90001E48
DCF52900
980DE008
7800990D
910D1C49
99199A1A
1C6D4790
1E489901
29009001
E163DCF1
00012809
33323130
37363534
62613938
66656463
00000000
33323130
37363534
42413938
46454443
00000000
F95AF000
1C761945
28007830
E5E2D000
B01B4628
0760BDF0
2706D400
1DC09818
00C908C1
680A6848
0FC33108
911807DB
D0010019
E008A19C
D5010521
E004A19B
D00107E1
E000A19A
0043A19A
085B9811
28659110
DC06D00C
D0092845
D01D2846
D1412847
2866E041
2867D018
E03CD13C
2F112100
2011DB01
1C78E000
90009101
A811A908
FCE8F7FF
91059913
9A112100
1C7F9215
97019812
E0509100
07C02001
20019003
A9089001
A8119700
FCD4F7FF
99149A13
22009205
92009B11
93159812
92019A05
D0012900
E0024610
18401C79
1A389001
9801D501
4240E004
90001E40
90011C78
90021BC0
2F01E043
2701DA00
2F112100
2011DD01
4638E000
90009101
A811A908
FCA8F7FF
91059913
21009A11
92159812
97019100
D40C0721
42B99905
9901DB01
9101E000
DD042901
1E499A15
29305C51
42B8D006
1D01DA01
2101DA05
E0159102
1E499901
2800E7ED
9900DC05
91001841
1A099901
9A01E003
42911C41
9101DD00
1A409900
90021C40
07C02001
07209003
9902D406
42819801
2000DB02
900243C0
46692000
AF0777C8
98032101
07C93703
D0244288
90112002
9012202B
28009803
4240DA0C
202D9003
E0079012
9803210A
F950F7FE
1E7F3130
70399003
1E489911
29009011
9803DCF2
D1EF2800
98121E79
78307008
40082120
1EBF3045
A8067038
1DC01BC0
98109003
28007800
2001D000
18419901
17C09802
98031809
98041809
1E401A40
03E09004
4621D406
9A199B1A
F0009804
1945F85F
78009810
D0032800
99199A1A
1C6D4790
D52403E0
9B1A4621
98049A19
F84EF000
E01C1945
28009800
9900DB07
42889805
9815DD03
99195C40
9919E001
9A1A2030
98004790
1C401C6D
98029000
90021E40
D1042800
202E9A1A
47909919
99011C6D
90011E48
DCDD2900
7838E005
1C7F9A1A
47909919
99031C6D
90031E48
DCF42900
9B1A4621
98049A19
0000E6AC
0000002D
0000002B
00000020
00000000
4604B5F8
461E2500
04884617
E005D404
20204639
1C6D47B0
D5F91E64
BDF84628
4604B5FF
B0812500
03C8461E
2730D501
2720E000
D5040488
4638E005
47B09903
1E641C6D
4628D5F9
BDF0B005
B5104603
28F81F10
2AFBD305
4618D901
4608BD10
0408BD10
4C074308
43190419
40214020
08D21A09
0951434A
40211809
0C09B288
BD104308
07E0F81F
2300B530
1E494604
1858E00A
00451040
42955B65
1E41D901
4295E002
1C43D204
DDF2428B
43C02000
2002BD30
1E402100
2002D2FD
296E1C49
1E80D201
4770E7F7
20000101
BF00E001
42881C40
4770D3FB
4604B510
E0022300
FFE7F7FF
42A31C5B
BD10D3FA
4602B500
F7FEB2C0
4610FCE1
0000BD00
4C07B510
F7FE4620
2110FB6F
400A4602
2A104308
4601D103
F7FE4620
BD10FB6B
4000203C
2101B510
F7FE4801
BD10FB63
40020008
4803B508
22206901
91004311
BD086101
40010000
4A63B500
F7FF0003
0E19FAB8
2B2B2B20
3F39332B
5B544D46
77706962
938C857E
AFA8A19A
2301002B
D0072900
D1172901
43186850
68106050
E0A04388
43186810
68506010
00400840
2002E0A0
D0082902
D1052903
43016851
68116051
60114381
6811BD00
60114301
43816851
BD006051
29042040
2905D0F5
BD00D0EC
29062080
2907D0EF
BD00D0E6
300120FF
D0E82908
D0DF2909
2001BD00
290A0240
290BD0E1
BD00D0D8
02802001
D0DA290C
D0D1290D
2001BD00
290E02C0
290FD0D3
BD00D0CA
03002001
D0CC2910
D0C32911
2001BD00
29120340
2913D0C5
BD00D0BC
03802001
D0BE2914
D0B52915
2001BD00
291603C0
2917D0B7
BD00D0AE
04002001
D0B02918
D0A72919
2001BD00
291A0440
291BD0A9
BD00D0A0
04802001
D0A2291C
D099291D
2001BD00
291E04C0
291FD09B
BD00D092
05002001
D0942920
D08B2921
2001BD00
29220540
2923D08D
BD00D084
05802001
D0862924
D08F2925
2001BD00
292605C0
2927D088
BD00D088
061B2301
D0082928
D1F82929
43186850
68106050
60104398
6810BD00
60104318
43986850
BD006050
40040300
21004802
60416001
47706081
40040300
4C12B570
49104D0F
F7FE4620
4629FA7D
46281D25
FA78F7FE
21011F26
F7FE4630
BF30FA73
46204908
F7FE3110
2102FA6D
F7FE4628
2101FA69
F7FE4630
BF30FA65
0000BD70
000002FF
40002040
40010020
4806B508
1C4A6801
29C86002
2100DD01
48036001
900068C0
0000BD08
2000001C
40012000
4B0CB530
28004C0C
2801D002
E003D002
E000681A
B2D26822
408D2501
430AB2E9
D0022800
D0022801
601AE002
6022E000
BD302000
40018400
40019400
23014091
40931C92
D0052800
D1022801
18184802
47706001
E7FA4801
40019000
40018000
F7FFB500
BD00F839
F7FFB500
BD00F841
F7FFB500
BD00F849
F7FEB510
4902FB77
F0006088
BD10F803
20000008
49044805
21016181
690161C1
00490849
47706101
00005AA5
40022000
4614B570
18CB435C
1E5B1882
B29B1E52
9D04B292
FFCFF7FE
4628B2A1
FCBAF7FE
0000BD70
F7FFB088
F7FFF885
2125FF53
F7FF2016
2127FE85
F7FF2017
2121FE81
F7FF2014
2129FE7D
F7FF2018
2122FE79
F7FF2015
2106FE75
F7FF2007
2000FE71
FC28F7FE
FF84F7FE
22042101
F7FF4608
4C80FF91
F7FE4620
210DF9B3
43010189
F7FE4620
F7FEF9B3
2000FA0F
FF54F7FE
0180207D
FE16F7FF
2314261F
461922C8
9600200A
FB96F7FE
0164243F
23962232
4610210A
F7FE9400
02F5FB8D
A36E2164
4608462A
FBB4F7FE
0180207D
FDFAF7FF
210023F0
4608461A
F7FE9500
207DFF3B
F7FF0180
207DFDEF
F7FF0180
23F0FDEB
461A2100
95004608
FF2CF7FE
0180207D
FDE0F7FF
210023F0
4608461A
F7FE9400
207DFF21
F7FF0180
23F0FDD5
461A2100
96004608
FF16F7FE
0180207D
FDCAF7FF
214623C5
4608461A
FF3DF7FE
03762601
484F4631
FC5EF7FE
46384F4E
FDBAF7FF
484D4631
FC56F7FE
F7FF4638
4631FDB3
F7FE484A
207DFC4F
F7FF0180
2110FDAB
F7FF200C
4631FDE5
F7FE4845
207DFC43
F7FF0180
2381FD9F
461A211E
F7FE4608
0079FF12
F7FE483F
207DFC51
F7FF0180
F7FEFD91
2112F92F
F7FF200D
2114FDC9
F7FF200E
26E1FDC5
22030276
20004631
F816F7FF
46312203
F7FF2001
4932F811
F7FFA032
4930F84B
310CA033
F846F7FF
F7FFA030
4833F843
F840F7FF
A034A132
F83CF7FF
90004838
4A38231F
48382100
FBEEF000
23F04837
21006800
90008A80
4608461A
F873F000
49332202
F0002000
203CF889
49312664
91039005
20059606
27102106
90029101
46339404
97002241
2000213C
F8E4F000
23782032
22AA9003
97004619
95019604
20009402
FB34F000
20004C23
FD02F000
1C406820
F7FE6020
E7F6FA2F
40020028
4C4C4548
0000004F
0001F008
00002710
0001367C
0000367C
0000B67C
00027008
0001C650
65746164
2073253A
00000A0D
656D6974
2073253A
00000A0D
0001C66C
37344B41
00000000
70696843
636F4C20
4E206C61
3A656D61
20202020
000A7325
2000004C
0000435B
00002355
2000002C
000026C1
0000FEA0
20000024
2000B672
B6624770
B5F04770
460EB089
461C4607
211C4615
F7FD4668
4668FD98
83C68387
84448405
9A0EA907
FB76F000
F0004668
2800FC19
B009D1FA
0000BDF0
2314B50E
4B0A4358
4B0A18C0
689B6082
6042189A
428A68C2
60C1D007
466A2000
46687090
20004788
2001BD0E
0000BD0E
200004BC
20000020
4B25B530
461AB089
6E5B6E19
93053260
68919104
920768D2
78809106
D02D2800
D1292801
6A214C1D
184069E0
320A4602
2A3361E0
4249D301
466D6221
223F8AE9
90010152
91009203
22129002
8AAB2110
5E695EAA
F7FE2000
8BE9F88B
4A1069E0
91009203
90029001
2118221A
5EAA8BAB
20005E69
F87CF7FE
BD30B009
8AC04668
91012100
91039102
46689000
21102212
5E828A83
E7EC5E41
0001C5CC
20000060
0000FFFF
B089B5FF
0FF1461E
9D121989
0FE9104C
10491949
9B189F13
428C9817
460CDB00
DD0042A7
990A4627
B20C42AE
4669DB0B
9A0B830C
4370834A
F7FD4619
4669FCBD
83CD8388
4368E00C
F7FD4619
4669FCB5
990B830C
1A0A1949
834A4669
83C8838E
A9064C0A
60816820
C90EA914
95008B40
AD029701
9005C50E
C807A809
F0004633
6821F8A9
60882000
BDF0B00D
2000002C
B097B5FF
461E9D20
4604460F
DC022D00
B01B2000
4668BDF0
99198207
82868241
2C0082C5
4846D107
6800A904
A8098A82
FA9EF000
AA06AC09
4620A904
FABFF000
D0E62800
19409819
90111E40
19800FF0
19C11040
43409110
F7FD4629
9003FC4F
D0042800
20FF4601
F7FD0200
9015FC47
251A4668
20025F45
88A15E20
43481A28
5E612100
1A412218
5E824668
E03F1888
28009821
9819DD02
E0011A28
1B409811
2800B200
9903DB2F
91084341
1C409903
91124341
69219814
180E0040
27184668
E01B5FC7
99129810
B2001A38
42884340
9908D211
D2024288
22FF8831
1A40E007
43489915
0E000400
1A0A21FF
98228831
FB5AF7FF
1C7F8030
1CB6B23F
201C4669
42B85E08
1C6DDCDE
981488A1
1808B22D
46699014
5E08201E
DCB942A8
4284A809
4620D10B
FACAF000
D0062800
A904AA06
F0004620
2800FA44
2001D19A
0000E769
2000002C
B0A1B5FF
4669460E
820E9C2B
824A0007
82889824
4615982A
D10782C8
AF1948B0
A9046800
46388A82
FA00F000
A904AA06
F0004638
2800FA22
48A9D07C
6800AB02
68809008
D1002800
46699808
800A8802
804A8842
88828801
4669188A
8841808A
220888C0
46691808
461880C8
FBDEF7FD
43604620
900CB280
43401C60
900AB280
4340982C
9009B280
2800982C
1E40DD02
E0004340
B2802000
1930900B
900EB200
9A2F9824
1B001830
B2001E40
1928900D
900FB200
990C982A
1B001828
B2001E40
980A9012
42880214
1A41D004
F7FD4620
E000FB89
B2802000
990B9017
42889809
1A41D004
F7FD4620
E000FB7D
B2802000
88B89011
98089015
982E8A81
D0014281
E0002001
90132000
261A4668
20025F86
99155E38
43481A30
69380041
18082218
5E792100
1A410049
5E824668
18080050
E07C9014
200AE092
9C145E08
DC0142B0
E0002001
99132000
90134008
4286980F
9812DD33
DA304286
25184668
E0265F45
980E992C
42A81A40
980DDA03
42A81840
982FDC08
D90128FB
E015982D
88214602
E00F982D
28009813
4669D00F
5E08200C
DD0A42A8
28FB982F
982ED901
4602E004
982E8821
FA5EF7FF
1CA48020
46691C6D
5E08201C
DCD342A8
980FE033
DD004286
1A309812
90104340
25184668
E0235F45
4285980E
980DDD44
DA414285
98109909
DA794288
28009813
4669D014
5E08200C
DD0F42A8
28FB982F
982ED906
982DE009
8821E007
E0654602
88214602
F7FF982E
8020FA29
1C6D1CA4
211C4668
42A95E41
9815DCD6
98140041
1C761808
46699014
5E08201E
DD0042B0
A819E77D
D10C4287
F0004638
2800F999
AA06D007
4638A904
F913F000
D0002800
2001E756
BDF0B025
4285980E
980DDD00
1A289A10
18804340
42909A0A
980DDB04
DDCB4285
E7C9460D
4288990C
1A10DD02
E01F9917
42889909
990BDA22
99131A40
D0142900
210C466A
42A95E51
2800DD0F
9911DD08
02004348
992E0C02
F7FF982D
E000F9D5
8821982E
E7A49A2F
2800E008
9911DDA4
02004348
0C028821
E79A982D
28FB982F
E78ED991
2000002C
B099B5FF
46680007
9D22991A
991B8301
83838341
83C5461E
483ED107
6800AF0F
8A82A906
F0004638
AA16F88F
4638A906
F8B1F000
D06B2800
DA0142AE
E0004630
0FC14628
10401808
981AB204
B2001CC0
981B900A
B2001CC0
1FB09009
9008B200
B2001FA8
1E60900B
482A900D
68009B23
8B419A0D
95008A80
93039401
91059202
46339004
9A1B4638
F7FF991A
2800FE47
990BD02F
42889808
9925DB13
99264348
FA2EF7FD
481B4603
68002200
98248B41
91059003
980B9004
92021EE1
90009101
4608E012
43489925
F7FD9926
4911FA19
68092300
99248B4A
93029103
92059104
9B081EE1
90009101
9A094638
F7FF990A
A80FFE15
D10B4287
F0004638
2800F8CB
AA16D006
4638A906
F845F000
D1AC2800
BDF0B01D
2000002C
4D0AB5F0
9F054C08
2500602C
80658025
80A626F0
612780E6
60E060A5
82E282A1
20FF8323
BDF08360
20000540
2000002C
460CB570
46168889
29004605
20FFD004
F7FD30E1
E000F9BB
220088E0
81AE616A
80298821
80698861
80A988A1
428188E1
4608D800
886080E8
88608128
184088E1
46288168
F00061AA
2001F869
B570BD70
460E4614
F0004605
2800F8E3
2002D159
5E282102
42885E71
4608DC00
21028060
88E85E69
180888F2
5E712102
42881889
4601DA00
210080E1
5E692000
42815E30
4608DD00
21008020
88A85E69
180988B2
5E302000
42811880
4608DA00
462280A0
46284631
F880F000
28006968
2100D02B
5E412200
42915EA2
4611DC00
23028021
5EC32202
42935EA2
461ADD00
23008062
88855EC3
2304195D
429D5EE3
462BDA00
80A5B21D
5EC32302
181B88C0
5E202006
DA004283
B2004618
42A980E0
4282DA01
2000DB01
2001BD70
0000BD70
490AB530
88846101
435488C2
04138982
22004313
E0010865
1C52C108
D8FB4295
D00107E2
80088980
0000BD30
200000BC
4604B538
90006900
88614811
88E36800
88008842
88221A89
1A10B289
88A2B280
F818F000
88E08861
1809220A
8061B209
42915EA2
2000DB01
1A51BD38
D9004288
80E04608
F7FF4620
2001FFC3
0000BD38
2000002C
4C04B538
68249D04
2C0068E4
9500D001
BD3847A0
2000002C
4616B570
4605460C
F82EF000
D0012800
BD702000
20022102
5E205E69
DD004281
80704608
5E282002
88E288E9
20021841
18805E20
DA004281
80F04608
20002100
5E205E69
DD004281
80304608
5E282000
88A288A9
21001840
18895E61
DB004288
80B04608
BD702001
2200B510
88835E82
230018D4
429C5ECB
888CDD0F
4293191B
2202DD0B
88C05E82
20021813
42835E08
88C9DD03
42901840
2001DC01
2000BD10
0000BD10
2600B5FE
96004C2E
96029601
68A14607
42816860
60A0D053
70264D2A
20147822
19504342
29006901
58AAD006
1AD268A3
DC012A00
47886106
21147820
19404348
29006881
6841D012
1A8968A2
DC0D2900
466A2101
68C17091
47884668
21147820
19424348
68A16890
60501840
1C407820
7020B2C0
D3D12804
7026E01C
21147820
19404348
290068C1
4668D005
07C08800
4668D001
46684788
08418800
80014668
1C407820
7020B2C0
D3E72804
D0012F00
47B84668
F7FD4668
2800FC27
BDFED1DD
20000020
200004BC
00000000
00000000
00000000
00000000
10101000
10101010
00001010
00001010
6C6C0000
00002424
00010000
00000000
24242400
4848FE24
90FC4848
00909090
543C1000
38509092
92121214
00107854
5C220000
1048A894
522A2410
00008854
48300000
6E205048
888C9454
0000748A
30300000
00001010
00000000
00000000
10080400
20202010
10202020
00040810
20408000
10101020
20101010
00804020
00000000
10385410
00105438
00000000
10000000
FE101010
10101010
00000000
00000000
00000000
00000000
00201010
00000000
FE000000
00000000
00000000
00000000
00000000
00000000
00001010
04040000
10100808
40402020
00008080
44380000
82828282
82828282
00003844
70100000
10101010
10101010
00007C10
44380000
08048282
82402010
0000FC84
44380000
38040282
82020204
00003844
0C040000
24241414
04FE4444
00000E04
80FC0000
C4B88080
82020282
00007884
423C0000
C4B88082
82828282
00003844
427E0000
08040482
10100808
00001010
44380000
38448282
82828244
00003844
44380000
82828282
82023A46
00003844
00000000
00001010
10100000
00000000
00000000
00001010
10000000
00002010
00000000
80601806
00061860
00000000
00000000
00FE0000
0000FE00
00000000
00000000
020C30C0
00C0300C
00000000
82443800
08040282
00101010
00001010
44380000
AAAA9A82
96AAAAAA
003C4280
10100000
28282810
447C4444
0000EE44
42FC0000
7C424242
42424242
0000FC42
443C0000
80808082
82828080
00003844
44F80000
42424242
42424242
0000F844
44FC0000
7C444042
42404044
0000FC44
44FC0000
7C444042
40404044
0000F040
4C340000
80808082
8484848E
0000344C
44EE0000
7C444444
44444444
0000EE44
107C0000
10101010
10101010
00007C10
083E0000
08080808
88080808
00007088
44EE0000
60504848
44484850
0000EE44
40E00000
40404040
42404040
0000FC44
44C60000
546C6C6C
44445454
0000EE44
44CE0000
54646464
4C4C4C54
0000E444
44380000
82828282
82828282
00003844
44F80000
44424242
40404078
0000E040
44380000
82828282
BA828282
00023C44
48F00000
48444444
44444870
0000E644
443C0000
30408082
8202020C
00007844
547C0000
10101092
10101010
00003810
44EE0000
44444444
44444444
00003844
44EE0000
28444444
10282828
00001010
44EE0000
54545454
28285454
00002828
44EE0000
10282844
44282810
0000EE44
44EE0000
28282844
10101010
00003810
447E0000
10080884
82402020
0000FC84
10101C00
10101010
10101010
001C1010
44EE0000
54FE5454
28285454
00002828
10107000
10101010
10101010
00701010
84483000
00000000
00000000
00000000
00000000
00000000
00000000
00FE0000
00204000
00000000
00000000
00000000
00000000
84780000
84847C04
0000768C
40C00000
64584040
42424242
00005864
00000000
44380000
80808080
00003844
040C0000
4C340404
84848484
0000364C
00000000
84780000
8080FC84
00007884
24180000
20F82020
20202020
00007020
00000000
443A0000
7C807844
007C8282
40C00000
64584040
44444444
0000EE44
10100000
10300000
10101010
00003810
10100000
10300000
10101010
00609010
40C00000
485C4040
48506050
0000EE44
10300000
11101010
10101010
00003910
00000000
D2AC0000
92929292
0000D692
00000000
E4580000
44444444
0000EE44
00000000
44380000
82828282
00003844
00000000
64D80000
64424242
00E04058
00000000
4C360000
4C848484
000E0434
00000000
306C0000
20202020
00007020
00000000
88780000
84186084
00007844
20000000
20F82020
20202020
00001824
00000000
42C60000
42424242
00003A46
00000000
44EE0000
28282844
00001010
00000000
44EE0000
28545444
00002828
00000000
44EE0000
28101028
0000EE44
00000000
44EE0000
10282844
00C0A010
00000000
447E0000
42201088
0000FC84
10100C00
60101010
10101010
000C1010
10101000
10101010
10101010
00101010
2020C000
18202020
20202020
00C02020
00000000
72000000
0000008C
00000000
00000000
F7BEF7BE
F7BEF7BE
F7BEF7BE
F7BEF7BE
F7BEF7BE
F7BEF7BE
F7BEF7BE
F7BEF7BE
F7BEF7BE
F7BEF7BE
F7BEF7BE
F7BEF7BE
F7BEF7BE
F7BEF7BE
F7BEF7BE
F7BEF7BE
F7BEF7BE
F7BEF7BE
F7BEF7BE
F7DEF7DE
F7BEF7BE
F7BEF7BE
F7BEF7BE
F7BEF7BE
F7BEF7BE
F7BEF7BE
F7BEF7BE
F7BEEF9E
EF9EEF9E
EF9EEF9E
EF9EEF9E
EF9EF7BE
EFBEEF9E
EFBEEF9E
F7BEF7BE
F7BEF7BE
F7BFF7BE
F7BEF7BE
F7BEF7BE
F7BEF7BE
F7BEF7BE
F7BEF7BE
F7BEF7BE
F7BEF7BE
F7BEF7BE
F7BEF7BE
F7BEF7BE
F7BEF7BE
F7BEF7BE
F7BEF7BE
F7BEF7BE
F7BEF7BE
F7BEF7BE
F7BEF7BE
F7BEF7BE
F7BEF7BE
F7BEF7BE
F7BEF7BE
F7BEF7BE
F7BEF7BE
F7BEF7BE
F7BEF7BE
F7BEF7BE
F7BEF7BE
F7BEF7BE
F7BEF7BE
F7BEF7BE
F7BEF7BE
F7BEF7BE
F7BEF7BE
F7BEF7BE
F7BEF7BE
F7BEF7BE
F7BEF7BE
F7BEF7BE
F7BEF7BE
F7BEF7BE
F7BEF7BE
F7BEF7BE
F7BEF7BE
F7BEF7BE
F7BEF7BE
F7BEF7BE
F7BEF7BE
F7BEF7BE
F7BEF7BE
F7BEF7BE
F7BEF7BE
F7BEF7BF
EFBEEF9E
EFBEEF9E
EF9EEF9E
E79EEF9E
E79EE77F
E79FE79F
E79EE79F
E77FE79F
E79FEF9E
EF9EEF9E
EF9EEF9E
EF9EF7BE
F79EF7BF
F7BFF7BE
F7BEF7BE
F7BEF7BE
F7BEF7BE
F7BEF7BE
F7BEF7BE
F7BEF7BE
F7BEF7BE
F7BEF7BE
F7BEF7BE
F7BEF7BE
F7BEF7BE
F7BEF7BE
F7BEF7BE
F7BEF7BE
F7BEF7BE
F7BEF7BE
F7BEF7BE
F7BEF7BE
F7BEF7BE
F7BEF7BE
F7BEF7BE
F7BEF7BE
F7BEF7BE
F7BEF7BE
F7BEF7BE
F7BEF7BE
F7BEF7BE
F7BEF7BE
F7BEF7BE
F7BEF7BE
F7BEF7BE
F7BEF7BE
F7BEF7BE
F7BEF7BE
F7BEF7BE
F7BEF7BE
F7BEF7BE
F7BEF7BE
F7BFF7BE
F7BEF7BE
F7BEF7BE
F7BEF7BE
F7BEF7BE
F7BEF7BE
F7BEF7BE
F7BFF7BE
F7BEF7BE
F7BEF7BF
F79EEF9E
EF9EEF9E
E79EE79E
E77EDF7F
DF7FDF7F
DF7FD75F
D75FD75F
D75ED75E
D75FD75E
D75FDF5E
DF5EDF5E
DF7EDF7E
E77EE79E
E79EEF9E
EF9EEFBE
EFBEF7BF
F7BFF7BE
F7BEF7BE
F7BEF7BE
F7BEF7BE
F7BEF7BE
F7BEF7BE
F7BEF7BE
F7BEF7BE
F7BEF7BE
F7BEF7BE
F7BEF7BE
F7BEF7BE
F7BEF7BE
F7BEF7BE
F7BEF7BE
F7BEF7BE
F7BEF7BE
F7BEF7BE
F7BEF7BE
F7BEF7BE
F7BEF7BE
F7BEF7BE
F7BEF7BE
F7BEF7BE
F7BEF7BE
F7BEF7BE
F7BEF7BE
F7BEF7BE
F7BEF7BE
F7BEF7BE
F7BEF7BE
F7BEF7BE
F7BEF7BE
F7BEF7BE
F7BEF7BE
F7BEF7BE
F7BEF7BE
F7BEF7BE
F7BEF7BE
F7BEF7BE
F7BEF7BE
F7BEF7BE
F7BEF7BE
F7BEF7BE
F7BEF7BE
F7BEF7BE
F7BEF7BE
EF9EEFBE
EF9FE77F
DF7FDF7E
DF7ED75E
D73ECF5F
CF5FCF3E
C73FC73F
C73FC73F
BF3FC73F
C73FBF3F
C71FC73F
C73ECF3E
CF3FCF5F
D75ED75E
DF7EDF7E
E77EE79E
EF9EEF9E
F7BEF7BE
F7BEF7BF
F7BEF7BE
F7BEF7BE
F7BEF7BE
F7BEF7BE
F7BEF7BE
F7BEF7BE
F7BEF7BE
F7BEF7BE
F7BEF7BE
F7BEF7BE
F7BEF7BE
F7BEF7BE
F7BEF7BE
F7BEF7BE
F7BEF7BE
F7BEF7BE
F7BEF7BE
F7BEF7BE
F7BEF7BE
F7BEF7BE
F7BEF7BE
F7BEF7BE
F7BEF7BE
F7BEF7BE
F7BEF7BE
F7BEF7BE
F7BEF7BE
F7BEF7BE
F7BEF7BE
F7BEF7BE
F7BEF7BE
F7BEF7BE
F7BEF7BE
F7BEF7BE
F7BEF7BE
F7BEF7BE
F7DEF7BE
F7BEF7BE
F7BEF7BE
F7BEF7BE
F7BEF7BE
F7BEF7BE
F7BEF7BE
F7BEEF9E
EF9FEF9E
E79FDF7F
DF5FD75F
CF5ECF3F
C73FC73F
B73F8E9F
6DFE5D9E
55BE4DBF
4DBF45BF
4DBF4DBF
45BF45DF
45DF4DBF
55BE559E
6E1E96DF
B73FBF3F
CF3FCF5F
CF5ED77E
DF7FDF9F
E79FEF9E
EF9EEFBE
F7BEF7BE
F7BEF7BE
F7BEF7BE
F7BEF7BE
F7BEF7BE
F7BEF7BE
F7BEF7BE
F7BEF7BE
F7BEF7BE
F7BEF7BE
F7BEF7BE
F7BEF7BE
F7BEF7BE
F7BEF7BE
F7BEF7BE
F7BEF7BE
F7BEF7BE
F7BEF7BE
F7DEF7BE
F7BFF7BE
F7BEF7BE
F7BEF7BE
F7BEF7BE
F7BEF7BE
F7BEF7BE
F7BEF7BE
F7BEF7BE
F7BEF7BE
F7BEF7BE
F7BEF7BE
F7BEF7BE
F7BEF7BE
F7BEF7BE
F7BEF7BE
F7BEF7BE
F7BEF7BE
F7BEF7BE
F7BEF7BE
F7BEF7BE
F7BEF7BE
F7BEF7BE
F7BEF7BF
F7BEEF9E
EF9EE79E
E77EDF7E
DF5ED75F
CF5FC73F
A6FF65BD
4D9E4DBF
4D9F4DBF
45BF4D9F
4DBF45BF
45BF45BF
45BF45BF
45BF45BF
45BF45BF
45BF45BF
45BF45BF
45BF45BF
55BE765F
AF3FC73E
CF5FCF5F
DF5FDF7E
E77FE79F
EF9EF7BF
F7BEF7BE
F7BEF7BF
F7BEF7BE
F7BEF7BE
F7BEF7BE
F7BEF7BE
F7BEF7BE
F7BEF7BE
F7BEF7BE
F7BEF7BE
F7BEF7BE
F7BEF7BE
F7BEF7BE
F7BEF7BE
F7BEF7BE
F7BEF7BE
F7BEF7BE
F7DEF7BE
F7BEF7BE
F7BEF7BE
F7BEF7BE
F7BEF7BE
F7BEF7BE
F7BEF7BE
F7BEF7BE
F7BEF7BE
F7BEF7BE
F7BEF7BE
F7BEF7BE
F7BEF7BE
F7BEF7BE
F7BEF7BE
F7BEF7BE
F7BEF7BE
F7BEF7BE
F7BEF7BE
F7BEF7BE
F7BEF7BE
F7BEF7BE
F7BEF7BE
F7BFEF9E
EF9EE79E
DF7ED75E
D75FCF3E
BF3F9EDF
5D9E4DBF
45BF4DBF
4DBF4DBF
4D9F45BF
45BF45BF
45BF45BF
45BF45BF
45BF45BF
45BF45BF
45BF45BF
45BF45BF
45BF45BF
45DF3DDF
45DF45DF
45DF45DF
5DFDAF3F
C73FCF5F
D75FDF7E
E79FE79F
EF9EF7BE
F7BEF7BE
F7BEF7BE
F7BEF7BE
F7BEF7BE
F7BEF7BE
F7BEF7BE
F7BEF7BE
F7BEF7DE
F7BEF7BE
F7BEF7DE
F7DEF7BE
F7BEF7BE
F7BEF7BE
F7BEF7BE
F7BEF7BF
F7BEF7BE
F7BEF7BE
F7BEF7BE
F7BEF7BE
F7BEF7BE
F7BEF7BE
F7BEF7BE
F7BEF7BE
F7BEF7BE
F7BEF7BE
F7BEF7BE
F7BEF7BE
F7BEF7BE
F7BEF7BE
F7BEF7BE
F7BEF7BE
F7BEF7BE
F7BEF7BE
F7BEF7BE
F7BEF7BE
F7BEF7BE
F7BEF7BE
F7BEF7BE
F7BEEF9E
EF9EE79F
E79FD75F
CF5ECF3F
B73F6DDE
559F4D9F
4D9F459F
459F4D9F
45BF4D9F
45BF45BF
4DBF4DBF
4DBF45BF
4DBF45BF
45BF45DF
45DF45BF
45BF45BF
45BF45BF
45BF45BF
45BF45BF
45BF45DF
45DF45DF
45DF45DF
4DDF765E
B77FCF5F
D77FDF9F
DF9FEF9E
EFBEF7BE
F7BFF7BE
F7BEF7BE
F7BEF7BE
F7BEF7BE
F7BEF7BE
F7BEF7BE
F7BEF7BE
F7BEF7BE
F7BEF7BE
F7BEF7BE
F7BEF7BE
F7BEF7BE
F7BEF7BE
F7BEF7BE
F7BEF7BE
F7BEF7BE
F7BEF7BE
F7BEF7BE
F7BEF7BE
F7BEF7BE
F7BEF7BE
F7BEF7BE
F7BEF7BE
F7BEF7BE
F7BEF7BE
F7BEF7BE
F7BEF7BE
F7BEF7BE
F7BEF7BE
F7BEF7BE
F7BEF7BE
F7BEF7BE
F7BEF7BE
F7BEF7BE
F7BEF7BE
F7BEF7BE
F7BEF79E
EF9EE79E
DF7FD77F
CF5FCF5F
AF1F559E
55BF4DBF
4D9F4D9F
4D9F4D9F
4D9F4D9F
4D9F45BF
4DBF4DBF
4D9E5DBE
65DE7E5F
8E9F96DF
9EDF96DF
96DF8EBF
7E7F6E3F
5DFE4DBE
4DBF45DF
45DF45BF
45DF45DF
45DF3DDF
3DDF3DDF
3DDF3DDF
45FF5E1D
BF5FCF5E
CF7FDF7E
E79EEF9F
F7BFF7BF
F7DFF7BE
F7BEF7BE
F7BEF7BE
F7BEF7BE
F7BEF7BE
F7BEF7BE
F7BEF7BE
F7BEF7BE
F7BEF7BE
F7BEF7BE
F7BEF7BE
F7BEF7BE
F7BEF7BE
F7BEF7BE
F7BEF7BE
F7BEF7BE
F7BEF7BE
F7BEF7BE
F7BEF7BE
F7BEF7BE
F7BEF7BE
F7BEF7BE
F7BEF7BE
F7BEF7BE
F7BEF7BE
F7BEF7BE
F7BEF7BE
F7BEF7BE
F7BEF7BE
F7BEF7BE
F7BEF7BE
F7BEF7BE
F7BEF7BE
F7BEF7BE
F7BEF7BE
EF9EEF9E
E77EDF7E
CF5FC73F
A6FF559E
4D9F4D9F
4D9F4D9F
4D9F4D9F
4D9F4D9F
4D9F4D9E
65BE96BF
B71FBF3F
BF3FC73F
C73FCF5F
CF3FCF3F
C73FC73F
C73FC73F
CF5FC73F
C73FBF3F
BF1EB73F
AF3F8EBF
5E1F45BE
45BF45DF
45DF3DDF
3DFF3DDF
3DDF3DDF
45DF5DFE
B75FCF5F
D77EDF7E
E79FEF9E
F7BFF7BE
F7BEF7BE
F7BEF7BE
F7BEF7BE
F7BEF7BE
F7BEF7BE
F7BEF7BE
F7BEF7BE
F7BEF7BE
F7BEF7BE
F7BEF7BE
F7BEF7BE
F7BEF7BE
F7BEF7BE
F7BEF7BE
F7BEF7BE
F7BEF7BE
F7BEF7BE
F7BEF7BE
F7BEF7BE
F7BEF7BE
F7BEF7BE
F7BEF7BE
F7BEF7BE
F7BEF7BE
F7BEF7BE
F7BEF7BE
F7BEF7BE
F7BEF7BE
F7DEF7DE
F7DEF7BE
F7BFF7BE
F7BEF7BE
F7BEF7BE
F7BEEF9E
E79EE77F
D75ECF3F
BF5F659E
559F4D9F
4D9F4D9F
4D9F4D9F
4D9F4D9F
4DBE865F
AF3FBF1E
C73FC73E
CF5FD75F
D77FD77E
DF7FDF5F
DF7FDF5F
DF7EDF7E
DF7FDF7F
DF7FDF7F
D77FD77F
D75FD75F
CF5FCF3F
C71EBF3F
AF3F763E
4DDF3DDF
3DDF3DDF
3DFF3DDF
3DFF3DFF
3DFF6E5E
BF5FCF7F
D77EE79F
EFBEEFBE
F7BEF7BE
F7BEF7BE
F7BEF7BE
F7BEF7BE
F7BEF7BE
F7BEF7BE
F7BEF7BE
F7BEF7BE
F7BEF7DE
F7BEF7BE
F7BEF7BE
F7BEF7BE
F7BEF7BE
F7BEF7BE
F7BEF7BE
F7BEF7BE
F7BEF7BE
F7DEF7BE
F7BEF7BE
F7BEF7BE
F7BEF7BE
F7BEF7BE
F7BEF7BE
F7BEF7BE
F7BEF7BE
F7BEF7BE
F7BEF7BE
F7BEF7BE
F7BEF7BE
F7BEF7BE
F7BEF7BE
F7BEF7BE
F7BEEFBE
EF9EE79F
DF5ECF5F
C73F863E
559F4D9F
4D9F4D9F
4D9F459F
4D9F4D9F
65DDAF3F
BF1FC73E
CF5FD75E
D77FDF7F
DF7EDF9E
E79EE79E
E79EE79F
E79EE79F
EF9EEF9F
EF9FE79F
E79EE79E
E79EE79E
E79EDF9E
DF7ED77F
D77FCF5F
CF5EC73F
BF1EA73F
65FE3DDF
3DFF3DFF
3DFF35FF
3DFF3DFF
461F9F1F
C73ED77E
DF7FE79E
EFBEF7BF
F7BEF7BE
F7BEF7BE
F7BEF7BE
F7BEF7BE
F7BEF7BE
F7BEF7BE
F7BEF7BE
F7BEF7BE
F7DEF7BE
F7BEF7BE
F7BEF7BE
F7BEF7BE
F7BEF7BE
F7BEF7BE
F7BEF7BE
F7BEF7BE
F7BEF7BE
F7BEF7BE
F7BEF7BE
F7BEF7BE
F7BEF7BE
F7BEF7BE
F7BEF7BE
F7BEF7BE
F7BEF7BE
F7BEF7BE
F7BEF7BE
F7BEF7BE
F7BEF7BE
F7BEF7BE
F7BEF7BE
EF9EEF9E
E79EDF7F
CF5FBF1F
559D559F
4DBF4D9F
4D9F459F
4D9F4D9F
763FB6FF
C73FCF5F
D75FDF7E
DF7FE77E
E79EE79F
EF9FEFBE
EF9EEF9E
EF9EF79E
EFBEEFBE
F7BEF7BF
F7BFEF9E
EF9EEFBE
EF9EEF9E
EF9EEF9E
EF9EE79E
E79FDF9E
DF7ED77F
CF5FCF5F
C73FAF3F
767F45DF
3DFF35FF
3DFF3DFF
361F3E1F
5E3EC77F
CF7FDF9F
E79FEFBF
EFBEF7BE
F7BEF7BE
FFBEF7BE
F7BEF7BE
F7BEF7BE
F7BEF7BE
F7BEF7BE
F7BEF7BE
F7BEF7BE
F7BEF7BE
F7BEF7BE
F7BEF7BE
F7BEF7BE
F7BEF7BE
F7BEF7BE
F7BEF7BE
F7BFF7BF
F7BEF7BE
F7BEF7BE
F7BEF7BE
F7BEF7BE
F7BEF7BE
F7BEF7BE
F7BEF7BE
F7BEF7BE
F7BEF7BE
F7BEF7BE
F7BEF7BE
F7BEF7BE
F7BEF7BE
F7BEEF9E
E79EDF7F
D75ECF5F
969F4D9F
4D9F4D9F
4D9F4D9F
4D9F4D9F
7E3FBF3F
C73ECF5E
D75EDF7F
E77FE79F
E79EEFBE
EF9EEFBE
F7BEF7BE
F7BEF7BE
F7BEF7BE
F7BEF7BE
F7BEF7BE
F7BEF7BE
F7BEF7BE
F7BEF7BE
F7BEF7BE
EFBEEFBE
EF9EEF9F
EF9EE79F
DF7EDF7E
D75ECF5F
C75FB73F
6E7F3DFF
3E1F3E1F
361F361F
361F3E1E
AF5FCF5F
D77FE79E
EFBEEFBE
F7BEF7BF
F7BEF7BE
F7BEF7BE
F7BEF7BE
F7BEF7BE
F7BEF7BE
F7BEF7BE
F7BEF7BE
F7BEF7BE
F7BEF7BE
F7BEF7BE
F7BEF7BE
F7BEFFDF
F7BEF7BE
F7BEF7BE
F7BEF7BE
F7BEF7BE
F7BEF7BE
F7BEF7BE
F7BEF7BE
F7BEF7BE
F7BEF7BE
F7BEF7BE
F7BEF7BE
F7BEF7BE
F7BEF7BE
F7BEF7BE
F7BEF7BE
F7BEF7BE
EFBEE79F
DF7FD75F
C73F6DDE
4D9F4D9F
4D9F4D9F
4D9F4D9F
65BEB73F
C73FCF3F
DF5EDF7E
E79FEF9F
EF9EEF9E
EF9EF79E
F7BEF7BE
F7BEF7BE
F7BEF7BE
F7BEF7BE
F7BEF7BE
F7BEF7BE
F7BEF7BE
F7BEF7BE
F7BEF7BE
F7BEF7BE
F7BEF7BE
F7BEF7BE
F7BEEF9E
EF9EE79E
E77EDF9F
D77ECF5F
C75FB73F
5E1E361F
361F361F
361F3E1F
3E3F8F1F
BF5ED77F
DF9EE79E
EF9EF7BE
F7BEF7BE
F7BEF7BE
F7BEF7BE
F7BEF7BE
F7BEF7BE
F7BEF7BE
F7BEF7BE
F7BEF7BE
F7BEF7BE
F7BEF7BE
F7BEF7BE
F7BEFFDF
F7BEF7BE
F7BEF7BE
F7BEF7BE
F7BEF7BE
F7BEF7BE
F7BEF7BE
F7BEF7BE
F7BEF7BE
F7BEF7BE
F7BEF7BE
F7BEF7BE
F7BEF7BE
F7BEF7BE
F7BEF7BE
F7BEF7BE
F7BEEFBE
EF9FDF7F
D73EBF3F
5D9D4D9F
4D9F4D9F
4D9F4D9F
4D7E9EDF
BF3FCF3E
D75FDF7E
E79FE79E
EF9EEFBE
EFBEF7BE
F7BFF7BF
F7BEF7BE
F7BEF7BE
F7BEF7BE
F7BEF7BE
F7BEF7BE
F7BEF7BE
F7BEF7BE
F7BEF7BE
F7BEF7BE
F7BEF7BE
F7BEF7BE
F7BEF7BE
F7BEF7BE
F7BFEFBE
EF9EEF9F
E79FDF7F
D75FC77F
BF5E9F3F
3E1F361F
363F363F
3E1F363F
6E7EB75F
D75FE77E
EF9FEFBE
F7BEF7BE
F7BEF7BE
F7BEF7BE
F7BEF7BE
F7BEF7BE
F7BEF7BE
F7BEF7BE
F7BEF7BE
F7BEF7BE
F7BEF7BE
F7BEF7BE
F7BEF7BE
F7BEF7BE
F7BEF7BE
F7BEF7BE
F7BEF7BE
F7BEF7BE
F7BEF7BE
F7BEF7BE
F7BEF7BE
F7BEF7BE
F7BEF7BE
F7BEF7BE
F7BEF7BE
F7BEF7BE
F7BEF7BE
F7BEF7BE
EF9EE79E
DF7ECF5F
BF1F55BE
4D9F4D9F
459F4D9F
4DBF65DE
B73FC73F
D75EDF7F
E79EEF9E
EF9EEFBE
F7BFF7BE
F7BEF7BE
F7BEF7BE
F7BEF7BE
F7BEF7BE
F7BEF7BE
F7BEF7BE
F7BEF7BE
F7BEF7BE
F7BEF7BE
F7BEF7BE
F7BEF7BE
F7BEF7BE
F7BEF7BE
F7BEF7BE
F7BEF7BE
F7BEF7BE
EFBEEF9E
EF9EE79E
E79EDF7F
CF5FC73F
B73F563E
363F361F
2E3F2E3F
361F563D
BF5FCF7F
DF9FE79E
EFBEF7BE
F7BEF7BE
F7BEF7BE
F7BEF7BE
F7BEF7BE
F7BEF7BE
F7BEF7BE
F7BEF7BE
F7BEF7BE
F7BEF7BE
F7BEF7BE
F7BEF7BE
F7BEF7BE
F7BEF7BE
F7BEF7BE
F7BEF7BE
F7BEF7BE
F7BEF7BE
F7BEF7BE
F7BEF7BE
F7BEF7BE
F7BEF7BE
F7BEF7BE
F7BEF7BE
F7BEF7BE
F7BEF7BE
F7BEEFBE
E79FDF7F
D73FBF3F
559E4D9F
4D9F4D9F
4D9F4D9F
867EC73F
CF3FDF5F
E77FE79F
EF9EEFBE
F7BEF7BE
F7BEF7BE
F7BEF7BE
F7BEF7BE
F7BEF7BE
F7BEF7BE
F7BEF7BE
F7BEF7BE
F7BEF7BE
F7BEF7BE
F7BEF7BE
F7BFF7BE
F7BEF7BE
F7BEF7BE
F7BEF7BE
F7BEF7BE
F7BEF7BE
F7BEF7BE
F7BEF7BF
EFBEEF9E
EF9EE79F
DF7ED77E
C75EBF5F
76BE363F
2E3F363F
361F363F
463DBF5F
D77FDF9F
E79FEF9E
F7BEF7BE
F7BEF7BE
F7BEF7BE
F7BEF7BE
F7BEF7BE
F7BEF7BE
F7BEF7BE
F7BEF7BE
F7BEF7BE
F7BEF7BE
F7BEF7BE
F7BEF7BE
F7BEF7BE
F7BEF7BE
F7BEF7BE
F7BEF7BE
F7BEF7BE
F7BEF7BE
F7BEF7BE
F7BEF7BE
F7BEF7BE
F7BEF7BE
F7BEF7BE
F7BEF7BE
F7BEF7BE
EF9EE79E
DF5FD73F
BF3F559E
4D9F4D9F
4DBF4D9F
4D9FA6FF
CF3FD75F
D77FE77E
EF9EEFBE
F7BEF7BE
F7BEF7BE
F7BEF7BE
F7BEF7BE
F7BEF7BE
F7BEF7BE
F7BEF7BE
F7BEF7BE
F7BEF7BE
F7BEF7BE
F7BEF7BE
F7BEF7BE
F7BEF7BE
F7BEF7BE
F7BEF7BE
F7BEF7BE
F7BEF7BE
F7BEF7BE
F7BEF7BE
F7BEF7BE
F7BEF7BE
EFBEEFBE
E79EE79F
D77FCF7F
C75E975F
363F363F
2E3F2E5F
2E5F465E
BF5FCF5E
DF9EEF9F
EF9EF7BE
F7BEF7BE
F7BEF7BE
F7BEF7BE
F7BEF7BE
F7BEF7BE
F7BEF7BE
F7BEF7BE
F7BEF7BE
F7BEF7BE
F7BEF7BE
F7BEF7BE
F7BEF7BE
F7BEF7BE
F7BEF7BE
F7BEF7BE
F7BEF7BE
F7BEF7BE
F7BEF7BE
F7BEF7BE
F7BEF7BE
F7BEF7BE
F7BEF7BE
F7BEF7BE
F7BEEF9E
EF9EDF7E
CF5FBF3F
559F4DBF
45BF4D9F
4DBF559E
AF3FC75F
D75EDF7E
E79EEF9E
EF9EF7BE
F7BEF7BE
F7BEF7BE
F7BEF7BE
F7BEF7BE
F7BEF7BE
F7BEF7BE
F7BEF7BE
F7BEF7BE
F7BEF7BE
F7BEF7BE
F7BEF7BE
F7BEF7BE
F7BEF7BE
F7BEF7BE
F7BEF7BE
F7BEF7BE
F7BEF7BE
F7BEF7BE
F7BEF7BE
F7BEF7BE
F7BEF7BE
F7BEF7BE
EFBFEF9E
E79EDF7E
CF7FBF5E
A75F3E3E
2E5F2E3F
2E3F2E5F
4E3EBF5E
CF9EDF9F
EFBEEFBE
F7BEF7BE
F7BEF7BE
F7BEF7BE
F7BEF7BE
F7BEF7BE
F7BEF7BE
F7BEF7BE
F7BEF7BE
F7BEF7BE
F7BEF7BE
F7BEF7BE
F7BEF7BE
F7BEF7BE
F7BEF7BE
F7BEF7BE
F7BEF7BE
F7BEF7BE
F7BEF7BE
F7BEF7BE
F7BEF7BE
F7BEF7BE
F7BEF7BE
F7BEF7BE
F7BEEF9E
DF7ED75E
BF3E557D
45BF459F
459F4DBF
55BEAF1F
C73FD75F
DF7EE79E
EF9EF7BE
F7BEF7BE
F7BEF7BE
F7BEF7BE
F7BEF7BE
F7BEF7BE
F7BEF7BE
F7BEF7BE
F7BEF7BE
F7BEF7BE
F7BEF7BE
F7BEF7BE
F7BEF7BE
F7BEF7BE
F7BEF7BE
F7BEF7BE
F7BFFFBE
F7BEF7BE
F7BEF7BE
F7BEF7BE
F7BEF7BE
F7BEF7BE
F7BEF7BE
F7BEF7BE
F7BEEFBE
EFBEE79F
DF7FCF7E
C75FAF7F
363E2E5F
2E3F2E3F
2E5F5E7D
BF7ED77F
DF9EEF9E
F7BEF7BE
F7BEF7BE
F7BEF7BE
F7BEF7BE
F7BEF7BE
F7BEF7BE
F7BEF7BE
F7BEF7BE
F7BEF7BE
F7BEF7BE
F7BEF7BE
F7BEF7BE
F7BEF7BE
F7BEF7BE
F7BEF7BE
F7BEF7BE
F7BEF7BE
F7BEF7BE
F7BEF7BE
F7BEF7BE
F7BEF7BE
F7BEF7BE
F7BEF7BE
EF9EE77F
D75EC71F
65DE4D9F
459F459F
4D9F55BE
BF1FCF3E
DF5EE77E
EF9EEFBE
F7BEF7BE
F7BEF7BE
F7BEF7BE
F7BEF7BE
F7BEF7BE
F7BEF7BE
F7BEF7BE
F7BEF7BE
F7BEF7BE
F7BEF7BE
F7BEF7BE
F7BEF7BE
F7BEF7BE
F7BEF7BE
F7BEF7BE
F7BEF7BE
F7DEF7DE
F7BEF7BE
F7BEF7BE
F7BEF7BE
F7BEF7DE
F7DEF7BE
F7BEF7BE
F7BEF7BE
F7BEF7BE
EFBEEFBE
E79EDF9F
D77FC75F
AF5F365F
2E5F2E5F
2E5F2E5F
86FFC77F
D77EE79F
EFBEF7BF
F7BEF7BE
F7BEF7BE
F7BEF7BE
F7BEF7BE
F7BEF7BE
F7BEF7BE
F7BEF7BE
F7BEF7BE
F7BEF7BE
F7BEF7BE
F7BEF7BE
F7BEF7BE
F7BEF7BE
F7BEF7BE
F7BEF7BE
F7BEF7BE
F7BEF7BE
F7DEF7DE
F7DEF7BE
F7BEF7BE
F7BEF7BE
F7BEEF9E
E77EDF5E
CF3E7E5E
4D9F4D9F
45BF4D9F
4D7EB71F
C73ED75E
E77FEF9E
EF9EF7BF
F7BEF7BE
F7BEF7BE
F7BEF7BE
F7BEF7BE
F7BEF7BE
F7BEF7BF
F7BEF7BE
F7BEF7BE
F7BEF7BE
F7BFF7BE
F7BEF7BE
F7BEF7BE
F7BEF7BE
F7BEF7BE
F7BEF7BF
F7BEF7BE
865DF7BF
F7BEF7BE
F7BEF7BE
F7BEF7BE
F7BEF7BE
F7BEF7BE
F7BEF7BE
F7BEF7BE
F7BEF7BE
F7BEF7BF
EF9EEF9E
DF9ED77E
BF5EA75F
367E265F
2E5F2E5F
265FA77F
CF7FDF9F
E79EEFBE
F7BEF7BE
F7BEF7BE
F7BEF7BE
F7BEF7DE
F7BEF7BE
F7BEF7BE
F7BEF7BE
F7BEF7BE
F7BEF7BE
F7BEF7BE
F7BEF7BE
F7BEF7BE
F7BEF7BE
F7BEF7BE
F7BEF7BE
F7BEF7BE
F7BEF7BE
F7DEF7DE
F7DEF7BE
F7BEF7BE
F7BFF7BF
EFBEE79E
DF7FD73E
B71F4D9F
4DBF45BF
4D9F4D9F
AF3FCF3F
D75EE77E
EF9EEFBE
F7BEF7BE
F7BEF7BE
F7BEF7BE
F7BEF7BE
F7BEF7BE
F7BEF7BE
F7BEF7BE
F7BEF7BE
F7BEF7BE
F7BEF7BE
F7BEF7BE
F7BEF7BE
F7BEF7BE
F7BEF7BE
F7BEF7BE
F7BEF7BE
F7BEC79F
65FEF7BF
F7BEF7BE
F7BEF7BE
F7BEF7BE
F7BEF7BE
F7BEF7BE
F7BEF7BE
F7BEF7BE
F7BEF7BE
F7BEF7BE
F7BEEFBE
EF9FDF7F
CF7FBF7E
A75F2E7F
2E5F267F
267F367F
BF7FD77F
DF9FEFBE
EFBEF7BE
F7DEF7BE
F7BEF7BE
F7BEF7BE
F7BEF7BE
F7BEF7BE
F7BEF7BE
F7BEF7BE
F7BEF7BE
F7BEF7BE
F7BEF7BE
F7BEF7BE
F7BEF7BE
F7BEF7BE
F7BEF7BE
F7BEF7BE
F7BEF7BE
F7BEF7BE
F7BEF7BE
F7BEF7BE
F7BEF7BE
EF9EDF7E
D75EC73F
55BE45BF
4DBF4D9F
4D9F9EFF
C73FD75F
E77EEF9E
F7BEF7BE
F7BEF7BE
F7BEF7BF
F7BEF7BE
F7BEF7BE
F7BEF7BE
F7BEF7BF
F7BEF7BE
F7BEF7BE
F7BEF7BE
F7BEF7BE
F7BEF7BE
F7BEF7BE
F7BEF7BE
F7BEF7BE
F7BEF7BE
F7BEFFBE
E7BF45DF
8EBEF7BE
F7BEF7BE
F7BEF7BE
F7BEF7BE
F7BEF7BE
F7BEF7BE
F7BEF7BE
F7BEF7BE
F7BEF7BE
F7BEF7BE
F7BEF7BE
EFBEE79E
DF9ED77F
C75F973F
267F2E5F
267F267F
469EC77F
D77FE79E
EFBEF7BE
F7BEF7BE
F7BEF7BE
F7BEF7BE
F7BEF7BE
F7BEF7BE
F7BEF7BE
F7BEF7BE
F7BEF7BE
F7BEF7BE
F7BEF7BE
F7BEF7BE
F7BEF7BE
F7BEF7BE
F7BEF7BE
F7BEF7BE
F7BEF7BE
F7BEF7BE
F7DEF7BE
F7BEF7BE
F7BEEF9E
E79FDF7E
C75F6DDC
4DBF45BF
4DBF4DBF
865FC73F
D75FDF7F
EF9FF7BF
F7BFF7BE
F7BEF7BE
F7BEF7BE
F7BEF7BE
F7BFF7BE
F7BFF7BE
F7BEF7BE
F7BEF7BE
F7BEF7BE
F7BEF7DE
F7BEF7BE
F7BEF7BE
F7BEF7BE
F7BFF7BE
F7BEF7BE
F7BEFFBE
F7BFF7BF
4DFE3DBF
CFBFF7BE
F7BEF7BE
F7BEF7BE
F7BEF7BE
F7BEF7BE
F7BEF7BE
F7BEF7BE
F7BEF7BE
F7BEF7BE
F7BEF7BE
F7BEF7BF
F7BFEFBE
E79FDF9E
CF7FBF7F
669E267F
265F267F
2E7F979F
CF5FDF9E
EF9EEFBE
F7BEF7BE
F7BFF7BE
F7BEF7BE
F7BEF7BE
F7BEF7BE
F7BEF7BE
F7BEF7BE
F7BEF7BE
F7BEF7BE
F7BEF7BE
F7BEF7BE
F7BEF7BE
F7BEF7BE
F7BEF7BE
F7BEF7BE
F7BEF7BE
F7BEF7BE
F7BEF7BE
F7BEF7BF
F7BEEF9E
DF7FD75E
AF1F4DBF
45BF45BF
459F55BE
C73FD75F
DF7EE79E
EF9EF7BE
F7BFF7BE
F7BEF7BE
F7BEF7BE
F7BEF7BE
F7BEF7BE
F7BEF7BE
F7BEF7BE
F7BEF7BE
F7BEF7BE
F7BEF7DE
F7BEF7BE
F7BEF7BE
F7BEF7BE
F7BEF7BE
F7BEF7BE
F7BEF7BE
FFBE6DFD
45DF45BF
EFDFF7BE
F7BEF7BE
F7BEF7BE
F7BEF7BE
F7BEF7BE
F7BEF7BE
F7BEF7BE
F7BEF7BE
F7BEF7BE
F7BEF7BE
F7BEF7BE
F7BEF7BE
EFBEE79E
DF9FCF7F
BF5F3E7F
265F267F
267F267F
B77FD77F
E79FEF9E
EFBEF7BE
F7BEF7BE
F7BEF7BE
F7BEF7BE
F7BEF7BE
F7BEF7BE
F7BEF7BE
F7BEF7BE
F7BEF7BE
F7BEF7BE
F7BEF7BE
F7BEF7BE
F7BEF7BE
F7BEF7BE
F7BEF7BE
F7BEF7DE
F7BEF7BE
F7BEF7BE
F7BEF7BE
EF9EE79E
DF5FC75F
559E4DBF
45BF45BF
559EBF3F
CF5EDF7F
EF9FEFBE
F7BEF7BE
F7BEF7BE
F7BEF7BE
F7BEF7BE
F7BEF7BE
F7BEF7BE
F7BEF7BF
F7BFF7BE
F7BEF7BE
F7BEF7BE
F7BEF7BE
F7BEF7BE
F7BEF7BE
F7BEF7BE
F7BEF7BF
FFBFF7BE
F7BEF7BF
A6FF45DF
3DDF45DE
F7DFF7BE
F7BEF7BE
F7BEF7BE
F7BEF7BE
F7BEF7BE
F7BEF7BE
F7BEF7BE
F7BEF7BF
F7BEF7DE
F7BEF7BE
F7BEF7BE
F7BEF7BE
F7BEEFBE
E79FD79F
C77EAF7F
2E5F267F
267F1E9F
5EDEC79F
D79FE7BE
EFBEF7BE
F7BEF7BE
F7BEF7BE
F7BEF7BE
F7BEF7BE
F7BEF7BE
F7DEF7BE
F7BEF7BE
F7BEF7BE
F7BEF7BE
F7BEF7BE
F7BEF7BE
F7BEF7BE
F7BEF7BE
F7BEF7BE
F7BEF7BE
F7BEF7BE
F7BEF7BE
F7BEEF9E
E79FDF7E
CF5E96BF
4DBF45BF
45BF4D9F
9EFFCF5F
DF7EE79E
EFBEF7BE
F7BEF7BE
F7BEF7BE
F7BEF7BE
F7BEF7BE
F7BEF7BE
F7BEF7BE
F7BEF7BE
F7BEF7BE
F7BEF7BE
F7BEF7BE
F7BEF7BE
F7BEF7BE
F7BEF7BE
F7BEF7BE
F7BEF7BE
F7BEF7BE
F7DEDFFF
461F3DDF
3DDF661D
F7BFF7BE
F7BEF7BE
F7BEF7BE
F7BEF7BE
F7BEF7BE
F7BEF7BE
F7BEF7BE
F7BEF7BE
F7BEF7BE
F7BEF7BE
F7BEF7BE
F7BEF7BE
F7BEEFBE
EFBFDF9E
D77FBF7E
8F7F267F
267F1E7F
1E9FAF9F
CF7FDF9F
EF9FF7BF
F7BEF7BE
F7BEF7BE
F7BEF7BE
F7BEF7BE
F7BEF7BE
F7BEF7BE
F7BEF7BE
F7BEF7BE
F7BEF7BE
F7BEF7BE
F7BEF7BE
F7BEF7BE
F7BEF7BE
F7BEF7BE
F7BEF7BE
F7BEF7BE
F7BEF7BE
F7BEEF9E
E77FD75E
BF5F4DBF
459F45BF
45BF65DD
CF3FD75E
E77FEF9E
F7BEF7BE
F7BEF7BE
F7BEF7BE
F7BEF7BE
F7BEF7DE
F7BEF7BE
F7BEF7BE
F7BEF7BE
F7BEF7DE
F7BEF7DE
F7BEF7BE
F7BEF7BE
F7BEF7BE
F7BEF7BE
F7BEF7BE
F7BEF7BE
F7BEF7BE
EFFF45FE
3DDF3DFF
3DDFB75F
F7BFF7BE
F7BEF7BE
F7BEF7BE
F7BEF7BE
F7BEF7BE
F7BEF7BE
F7BEF7BE
F7BEF7BE
F7BEF7BE
F7BEF7BE
F7BEF7BE
F7BEF7BE
F7BEF7BE
EFBEE79E
DF9FCF7F
B75E3E7E
1E9F1E9F
1E9F3E9E
BF7FD77F
E79FEF9E
F7BEF7BE
F7BEF7BE
F7BEF7BE
F7BEF7BE
F7BEF7BE
F7BEF7BE
F7BEF7BE
F7BEF7BE
F7BEF7BE
F7BEF7BE
F7BEF7BE
F7BEF7BE
F7BEF7BE
F7BEF7BE
F7BEF7BE
F7BEF7BE
F7BEF7BE
EFBEEF9F
DF7ECF3E
8E9F45BF
45BF459F
4DBFB73F
CF5FDF7E
EF9EEFBE
F7BFF7BE
F7BEF7BE
F7BEF7BE
F7BEF7BE
F7BEF7BE
F7BEF7BE
F7BEF7BE
F7BEF7BE
F7BEF7BE
F7BEF7BE
F7BEF7BE
F7BEF7BE
F7BEF7BE
F7BEF7BE
F7BEF7BE
F7BEF7BE
F7BEF7BF
5DBC3DDF
3DFF35DF
3DDFE7BF
F7BFF7BE
F7BEF7BE
F7BEF7BE
F7BEF7BE
F7BEF7BE
F7BEF7BE
F7BEF7BE
F7BEF7BE
F7BEF7BE
F7BEF7BE
F7BEF7BE
F7BEF7BE
F7BEF7BE
F7BEEFBE
E7BFD79F
C75EA79F
1E9F1E9F
1E9F1EBF
AF7FCF7E
DF9EEF9E
F7BEF7BE
F7BEF7BE
F7BEF7BE
F7BEF7BE
F7BEF7BE
F7BEF7BE
F7BEF7BE
F7BEF7BE
F7BEF7BE
F7BEF7BE
F7BEF7BE
F7BEF7BE
F7BEF7BE
F7BEF7BE
F7BEF7BE
F7BEF7BE
F7BEF7BF
EF9EE79F
D75FC73F
4DBF45BF
45BF4DBF
7E5FC75E
D77EE79F
EF9EF7BE
F7BEF7BE
F7BEF7BE
F7BEF7BE
F7BEF7BE
F7DEF7BE
F7BEF7BE
F7BEF7BE
F7BEF7BE
F7BEF7BE
F7BEF7BE
F7BEF7BE
F7BEF7BE
F7BEF7BE
F7BEF7BE
F7BEF7BE
F7BEF7BE
F7BF8E9E
3DFF3DFF
3DDF35FF
35FEF7BE
F7BEF7BE
F7BEF7BE
F7BEF7BE
F7BEF7BE
F7BEF7BE
F7BEF7BE
F7BEF7DE
F7DEF7BE
F7BEF7BE
F7BEF7BE
F7BFF7BE
F7BEF7BE
F7BEF7BE
F7BEEFDE
EFBEDF9F
CF7EBF5E
4EBE1E9F
16BF1EBF
46BEC77F
D79EE7BE
EFBEF7BE
F7BEF7BE
F7BEF7BE
F7BEF7BE
F7BEF7BE
F7BEF7BE
F7BEF7BE
F7BEF7BE
F7BEF7BE
F7BEF7BE
F7BEF7BE
F7BEF7BE
F7BEF7BE
F7BEF7BE
F7BEF7BE
F7BEF7BE
F7BEF79E
E79EDF7E
CF5F9EFF
4DBF45BF
45BF4DBF
BF5FD75E
DF7EEF9F
F7BFF7BF
F7BEF7BE
F7BEF7BE
F7BEF7BE
F7BEF7BE
F7BEF7BE
F7BEF7BE
F7BEF7BE
F7BEF7BE
F7BEF7BE
F7BEF7BE
F7BEF7BE
F7BEF7BE
F7BEF7BE
F7BEF7BE
F7BEF7BE
F7BFF7BF
CFDF35FF
3DDF35FF
35FF3DDF
561DF7BF
F7BEF7BE
F7BEF7BE
F7BEF7BE
F7BEF7BE
F7BEF7BE
F7BEF7BE
F7BEF7BE
F7BEF7BE
F7BEF7BE
F7BEF7BE
F7BEF7BE
F7BEF7BE
F7BEF7BE
F7BEF7BE
EFBFE79E
DF9FC77E
A77F1E9F
1EBF16BF
1EDFB77F
CF7EDF9E
EF9EF7BF
F7BFF7BE
F7BEF7BE
F7BEF7BE
F7BEF7BE
F7BEF7BE
F7BEF7BE
F7BEF7BE
F7BEF7BE
F7BEF7BE
F7BEF7BE
F7BEF7BE
F7BEF7BE
F7BEF7BE
F7BEF7BE
F7BEF7BE
F7BEEF9E
E79FD75E
C73E55DE
45BF45BF
45BF8EBF
CF3FD77E
E79FEFBE
F7BEF7BE
F7BEF7BE
F7BEF7BE
F7BEF7BE
F7BEF7BE
F7BEF7BE
F7BEF7BE
F7BEF7BE
F7BEF7BE
F7BEF7BF
F7BFF7BF
F7BEF7BE
F7BEF7BE
F7BEF7BE
F7BEF7BE
F7BEF7BE
F7BEEFDF
3DFF3DDF
35FF3DFF
3DFF35FF
86BEF7BE
F7BEF7BE
F7BEF7BE
F7DEF7BE
F7BEF7BE
F7BEF7BE
F7BEF7BE
F7BEF7BE
F7BEF7BE
F7BEF7BE
F7BEF7BE
F7BEF7BE
F7BEF7BE
F7BEF7BE
F7BEF7BE
F7BEEFBE
E79ECF7E
B77F5EFF
16DF16BF
16BF673E
C77EDF9E
E79EF7BE
F7BEF7BE
F7BEF7BE
F7BEF7BE
F7BEF7BE
F7BEF7BE
F7BEF7BE
F7BEF7BE
F7BEF7BE
F7BEF7BE
F7BEF7BE
F7BEF7BE
F7BEF7BE
F7BEF7BE
F7BEF7BE
F7BEF7BE
F7BFEF9F
E77FCF5E
BF3F45BF
45BF45BF
4DBEBF5F
CF5FDF7E
EF9FF7BE
F7BEF7BE
F7BEF7BE
F7BEF7BE
F7BEF7BE
F7BEF7BE
F7BEF7BE
F7BEF7BE
F7BEF7BE
F7BEF7BE
F7BEF7BE
F7BEF7BE
F7BEF7BE
F7BEF7BE
F7BEF7BF
F7BEF7BE
F7BEF7BE
EFBF55FE
3DDF35FF
35FF35FF
35FF3DFF
CF9FF7BE
F7BEF7BE
F7BEF7BE
F7BEF7BE
F7BEF7BE
F7BEF7BE
F7BEF7BE
F7BEF7BE
F7BEF7BE
F7BEF7BE
F7BEF7BE
F7BEF7BE
F7BEF7BE
F7BEF7BE
F7BEF7BE
F7BFEFBF
E7BEDF9E
C77FAF7F
1E9F16DF
16DF26DF
B77FD79E
E79EEF9E
F7BEF7BE
F7BEF7BE
F7BEF7BE
F7BEF7BE
F7BEF7BE
F7BEF7BE
F7BEF7BE
F7BEF7BE
F7BEF7BE
F7BEF7BE
F7BEF7BE
F7BEF7BE
F7BEF7BE
F7BEF7BE
F7BEF7BE
EFBEE79E
DF7FCF5F
7E3E45BF
45BF45BF
7E3FC73F
D77FE79E
EFBEF7BE
F7BEF7BE
F7BEF7BE
F7BEF7BE
F7BEF7BE
F7BEF7BE
F7BEF7BE
F7BEF7BE
F7BEF7DE
F7BEF7BE
F7BEF7BE
F7BEF7BE
F7BEF7BE
F7BEF7BE
F7BEF7BE
F7BEF7BE
F7BEF7BE
6E1C3E1F
35FF35FF
35FF361F
361F3E1F
EFDFF7BE
F7BEF7BE
F7BEF7BE
F7BEF7BE
F7BEF7BE
F7BEF7BE
F7BEF7BE
F7BEF7BE
F7BEF7BE
F7BEF7BE
F7BEF7BE
F7BEF7BE
F7BEF7BE
F7BEF7BE
F7BEF7BE
F7DEF7BE
EFBEDF9E
CF9FBF7E
4EFF16DF
16DF16DF
977FCF9F
DF9EEFBE
F7BFF7BE
F7BEF7BE
F7BEF7BE
F7BEF7BE
F7BEF7BE
F7BEF7BE
F7BEF7BE
F7BEF7BE
F7BEF7BE
F7BEF7BE
F7BEF7BE
F7BEF7BE
F7BEF7BE
F7BEF7BE
F7BFF7BE
EF9EE79E
D75FC73F
55DE45BF
45BF45BF
B75FCF5F
DF7FEF9E
F79EF7BE
F7BEF7BE
F7BEF7BE
F7BEF7BE
F7BEF7BE
F7BEF7BE
F7BEF7BE
F7BEF7BE
F7BEF7BE
F7BEF7BE
F7BEF7BE
F7BEF7BE
F7BEF7BE
F7BEF7BE
F7BEF7BE
F7BEF7BE
F7BEA73F
3DFF361F
361F35FF
361F361F
361F3DFD
F7BFF7BE
F7BEF7BE
F7BEF7BE
F7BEF7BE
F7BEF7BE
F7BEF7BE
F7BEF7BE
F7BEF7BE
F7BEF7BE
F7BEF7BE
F7BEF7BE
F7BEF7BE
F7BEF7BE
F7BEF7BE
F7BEF7BE
F7BEF7BE
EFBEE79E
D79EC77F
9F7F16DF
16DF16DF
46FEBF9F
D79EE7BE
EFBEF7BE
F7BEF7BE
F7BEF7BE
F7BEF7BE
F7BEF7BE
F7BEF7BE
F7BEF7BE
F7BEF7BE
F7BEF7BE
F7BEF7BE
F7BEF7BF
F7BEF7BE
F7BEF7BE
F7BEF7BE
F7BEF7DF
EF9EDF9F
CF5FB75F
45DF3DDF
45BF55BE
C75FD77F
E79EEF9E
F7BEF7BE
F7BEF7BE
F7DEF7DE
F7BEF7BE
F7BEF7BE
F7BEF7BE
F7BEF7BE
F7BEF7BE
F7BEF7BE
F7BEF7BE
F7BEF7BE
F7BEF7BE
F7BEF7BE
F7BEF7BE
F7BEF7DE
F7BEF7BE
E7FF361F
35FF361F
361F361F
361F361F
361F667D
F7BFF7BE
F7BEF7BE
F7BEF7BE
F7BEF7BE
F7BEF7BE
F7BEF7BE
F7BEF7BE
F7BEF7BE
F7BEF7BE
F7BEF7BE
F7BEF7BE
F7BEF7BE
F7BEF7BE
F7BEF7DE
F7BEF7BE
F7BEF7BE
F7BEEFBE
DF9ECF7E
B77F26BF
16DF0EFF
16DEBF7F
CF9EE7BF
EFBEF7BE
F7BEF7BE
F7BEF7BE
F7BEF7BE
F7BEF7BE
F7BEF7BE
F7BEF7BE
F7BEF7BE
F7BEF7BE
F7BEF7BE
F7BEF7BE
F7BEF7BE
F7BEF7BE
F7BEF7BE
F7BEF7BF
EF9EDF7F
CF3F867F
45DF45BF
3DDF86BF
CF5FD77E
E79FEFBE
F7BEF7BE
F7BEF7BE
F7BEF7DE
F7BEF7BE
F7BEF7BE
F7BEF7BE
F7BEF7BE
F7BEF7BE
F7BEF7BE
F7BEF7BE
F7BEF7BE
F7BEF7BE
F7BEF7BE
F7BEF7BE
F7BEFFBE
F7BFF7DF
3DFE361F
361F361F
361F361F
361F361F
361FAF5F
F7BFF7BE
F7BEF7BE
F7BEF7BE
F7BEF7BE
F7BEF7BE
F7BEF7BE
F7BEF7BE
F7BEF7BE
F7BEF7BE
F7BEF7BE
F7BEF7BE
F7BEF7BE
F7BEF7BE
F7BEF7BE
F7BEF7BE
F7BEF7BE
F7BEEFBE
E79ECF7E
BF7F5F5F
16DF0EDF
0EFFA79F
CF7EDF9E
EFBEF7BE
F7BEF7BE
F7BEF7BE
F7BEF7BE
F7BEFFDF
FFDFF7BE
F7BEF7BE
F7BEF7BE
F7BEF7BE
F7BEF7BE
F7BEF7BE
F7BEF7BE
F7BEF7BE
F7BEF7BE
F7BEEFBE
E79ED75F
C73F559E
45DF45BF
45BFB75F
CF5FDF7E
EF9EF7BE
F7BEF7BE
F7BEF7BE
F7BEF7BE
F7BEF7BE
F7BEF7BE
F7BEF7BE
F7BEF7BE
F7BEF7BE
F7BEF7BE
F7BEF7BE
F7BEF7BE
F7BEF7BE
F7BEF7BE
F7BEF7BE
F7BEF7BE
F7BD561D
35FF361F
361F361F
2E1F2E1F
2E1F2E3F
361FE7FF
F7BFFFBF
F7BEF7BE
F7BEF7BE
F7BEF7BE
F7BEF7BE
F7BEF7BE
F7BEF7BE
F7BEF7BE
F7BEF7BE
F7BEF7BE
F7BEF7BE
F7BEF7BE
F7BEF7BE
F7BEF7BE
F7BEF7DE
F7BEF7BE
F7BFEFBE
E79ED79E
C77F9F9F
16DF0EDF
0EFF675F
C77FDF9F
EFBFF7BE
F7BFF7BE
F7BEF7BE
F7BEF7BE
F7BEFFDF
FFDFF7BE
F7BEF7BE
F7BEF7BE
F7BEF7BE
F7BEF7BE
F7BEF7BE
F7BEF7BE
F7BEF7BE
F7BEF7BE
F7BEEF9E
E77ED75E
BF3F45DF
45DF45DF
4DBEC73F
D75FE77F
EF9EF7BE
F7BEF7BE
F7BEF7BE
F7BEF7BE
F7BEF7BE
F7BEF7BE
F7BEF7BE
F7BEF7BE
F7BEF7BE
F7BEF7BE
F7BEF7BE
F7BEF7DE
F7BEF7BE
F7BEF7BE
F7BEF7BE
F7BEFFBF
8EBF361F
361F361F
361F2E3F
2E1F2E3F
2E3F2E3F
363EF7BF
F7BEF7BE
F7BFF7BE
F7BFF7BE
F7BEF7DE
F7BEF7BE
F7BEF7BE
F7BEF7BE
FFDEF7BE
F7BFF7BE
F7BEF7BE
F7BEF7BE
F7BEF7BE
F7BEF7BE
F7BEF7BE
F7BEF7BE
F7BEF7BE
F7BFF7BE
EFBEDF9E
CF7FAF7F
16BF16DF
0EDF2EBE
BF7ED79F
E79EEFBE
F7BEF7BE
F7BEF7BE
F7BEF7BE
F7BEF7BE
F7BEF7BE
F7BEF7BE
F7BEF7BE
F7BEF7BE
F7BEF7BE
F7BEF7BE
F7BEF7BE
F7BEF7BE
F7BEF7BE
F7BEEF9E
DF7ECF5F
B73F3DDF
3DDF3DDF
765EC75F
DF7FE79F
F7BEF7BE
F7BEF7BE
F7BEF7BE
F7BEF7BE
F7BEF7BE
F7BEF7BE
F7BEF7DE
F7BEF7BE
F7BEF7BE
F7BEF7BE
F7BEF7BE
F7BEF7DE
F7BEF7BE
F7BEF7BE
F7DEFFBE
F7DECF9F
361F2E1F
2E1F2E1F
2E1F2E3F
2E3F2E3F
2E3F2E3F
4E5DF7BF
F7BEF7BE
F7BEF7BE
F7BEF7BE
F7BEF7BE
F7BEF7BE
F7BEF7BE
F7BEF7BE
F7BEF7BE
F7BEF7BE
F7BEF7BE
F7BEF7BE
F7BEF7BE
F7BEF7BE
F7BEF7BE
F7BEF7BE
F7BEF7BE
F7BEF7BE
EF9EDFBF
CF9FBF7E
2EBE0EFF
0EFF16DE
B79FCF9F
E7BFEFBE
F7BEF7BE
F7BEF7BE
F7BEF7BE
F7BEF7BE
F7BEF7BE
F7BEF7BE
F7BEF7BE
F7BEF7BE
F7BEF7BE
F7BEF7BE
F7BEF7BE
F7BEF7BE
F7BEF7BE
F7BEEF9E
DF7FC73F
96DF3DDF
3DDF45DF
A73FCF7E
DF7EEF9E
F7BEF7BF
F7BEF7BE
F7BEF7BE
F7BEF7BE
F7BEF7BE
F7BEF7BE
F7BEF7BE
F7BEF7BE
F7BEF7BE
F7BEF7BE
F7BEF7BE
F7BEF7BE
F7BEF7BE
F7BEF7BE
F7DFF7DE
E7FF3E1F
361F2E1F
2E1F2E1F
2E3F2E3F
2E3F2E3F
2E3F2E3F
96FFF7BF
F7BEF7BE
F7BEF7BE
F7BEF7BE
F7BEF7BE
F7BEF7BE
F7BEF7BE
F7BEF7BE
F7BEF7BE
F7BEF7BE
F7BEF7BE
F7BEF7BE
F7BEF7BE
F7BEF7BE
F7BEF7BE
F7BEF7BF
F7BEF7BE
F7BEF7BE
EF9EE79E
D79FBF7F
5F3F0EFF
0EFF0F1F
AF7FCF9F
DF9FEFBE
F7BEF7BE
F7BEF7BE
F7BEF7BE
F7BEF7BE
F7BEF7BE
FFDFF7BE
F7BEF7BE
F7BEF7BE
F7BEF7BE
F7BEF7BE
F7BEF7BE
F7BEF7BE
F7BEF7BE
EFBEE79E
D77FC73F
6E3E3DDF
3DDF3DDF
B73FCF5E
E79EEF9E
F7BFF7BF
F7BEF7BE
F7BEF7BE
F7DEF7DE
F7BEF7BE
F7BEF7BE
F7BEF7BE
F7BEF7BE
F7BEF7BE
F7BEF7BE
F7BEF7BE
F7BEF7BE
F7BEF7BE
F7BEF7BE
FFBEF7DF
461D363F
361F2E1F
2E1F2E3F
2E3F2E3F
2E3F2E3F
2E3F2E3F
D7BFF7BE
F7BEF7BE
F7BEF7BE
F7BEF7BE
F7BEF7BE
F7BEF7BE
F7BEF7BE
F7BEF7BE
F7BEF7BE
F7BEF7BE
F7BEF7BE
F7BEF7BE
F7BEF7BE
F7BEF7BE
F7BEF7BF
F7BEF7BE
F7BEF7BE
F7BEF7BE
EF9EE7BE
D79FC77E
8F9F16FF
0EFF0F1F
9F7FC79F
DF9FEFBE
F7BEF7BE
F7BEF7BE
F7BEF7BE
F7BEF7BE
F7BEFFDF
F7DEF7BE
F7BEF7BE
F7BEF7BE
F7BEF7BE
F7BEF7BE
F7BEF7BE
F7BEF7BE
F7BEF7BE
EFBEE79E
D77FC75F
55DE3DDF
3DDF45DF
C73FD75E
DF9EEFBE
F7BFF7BF
F7BEF7BE
F7BEF7BE
F7BEF7BE
F7BEF7BE
F7BEF7BE
F7BEF7BE
F7BEF7BE
F7BEF7BE
F7BEF7BE
F7BEF7BE
F7BEF7BE
F7BEF7BE
F7BEF7BE
F7DF6E1D
361F361F
2E1F2E1F
2E3F2E3F
2E3F2E3F
2E5F2E5F
2E5F363E
EFDFF7BE
F7BEF7BE
F7BEF7BE
F7BEF7BE
F7BEF7BE
F7BEF7BE
F7BEF7BE
F7BEF7BE
F7BEF7BE
F7BEF7BE
F7BEF7BE
F7BEF7BE
F7BEF7BE
F7BEF7BE
F7BEF7BE
F7BEF7BE
F7BEF7BE
F7BEF7BE
F7BEE7BE
DF9EC77F
A79F0EFF
0EFF0EFF
6F5FC79F
D79EE7BE
F7BEF7BE
F7BEF7BE
F7BEF7BE
F7BEF7BE
F7BEF7BE
F7BEF7BE
F7BEF7BE
F7BEF7BE
F7BEF7BE
F7BEF7BE
F7BEF7BE
F7BEF7BE
F7BEF7BE
EFBEE79F
D75FBF3F
45BE3DDF
3DDF4DDE
BF3ED77E
E79EEF9E
F7BEF7BE
F7BEF7BE
F7DEF7BE
F7BEF7BE
F7BEF7BE
F7BEF7BE
F7BEF7BE
F7BEF7BE
F7BEF7BE
F7BEF7BE
F7BFF7BE
F7BEF7BE
F7BEF7BE
F7BEF7BE
AF3E361F
2E1F2E1F
2E3F2E3F
2E3F2E3F
2E3F2E3F
2E3F265F
265F3E5E
F7BEF7BE
F7BFF7BF
F7BEF7BE
F7BEF7BE
F7BEF7BF
F7BFF7BE
F7BEF7BE
F7BEF7BE
F7BEF7BE
F7DEF7BE
F7BEF7BE
F7BEF7BE
F7BEF7BE
F7BEF7BE
F7BEF7BE
F7BEF7BE
F7BEF7BE
F7BEF7BE
F7BEE7BE
DF9FC77F
AF7F0EFF
0EFF0F1F
4F1FC77F
D79FE79E
EFBEF7BE
F7BEF7BE
F7BEF7BE
F7BEF7BE
F7BEF7BE
F7BEF7BE
F7BEF7BE
F7BEF7BE
F7BEF7BE
F7BEF7BE
F7BEF7BE
F7BEF7BE
F7BEF7BE
EF9EE79F
CF5EBF3F
45DF3DDF
3DDF55FE
C75FD77E
E79FEF9E
F7BEF7BE
F7BEF7BE
F7DEF7BE
F7BEF7BE
F7BEF7BE
F7BEF7BE
F7BEF7BE
F7BEF7BE
F7BEF7BE
F7BEF7BE
F7BEF7BE
F7BEF7BE
F7BEF7BE
F7BFDFDF
361F363F
2E3F2E3F
2E3F2E3F
2E3F2E5F
265F265F
265F265F
265F76FE
EFFFF7DF
F7DFF7DF
F7BEF7BF
F7BEF7DE
F7BEF7BF
FFBFF7BF
F7BEF7BE
F7BEF7BE
F7BEF7BE
F7BEF7BE
F7BEF7BE
F7BEF7BE
F7BEF7BE
F7BEF7BE
F7BEF7BE
F7BEF7BE
F7BEF7BE
F7BEF7BE
F7BEEFBE
DFBFC79E
B77F16DF
0EFF071F
36FEBF9F
D79FE7BE
EFBEF7BE
F7BEF7BE
F7BEF7BE
F7BEF7BE
F7BEF7BE
F7BEF7BE
F7BEF7BE
F7BEF7BE
F7BEF7BE
F7BEF7BE
F7BEF7BE
F7BEF7BE
F7BEF7BE
EF9EDF7F
CF5EBF3F
3DDF35DF
3DDF765F
C73FDF7E
EF9EEFBE
F7BEF7BE
F7BEF7BE
F7DEF7BE
F7BEF7BE
F7BEF7BE
F7BEF7BE
F7BEF7BE
F7BEF7BE
F7BEF7BE
F7BEF7DE
F7DEF7BE
F7BEF7DE
F7BEF7BE
EFDE461E
2E3F2E3F
2E3F2E3F
2E3F2E3F
2E5F265F
265F265F
265F267F
267F267F
267F267F
269F269F
269F269F
269F269F
269F269F
269E269E
269E269E
26BD2E9D
2E9E3E9C
EFDEF7BE
F7BEF7BE
F7DEF7BE
F7BEF7BE
F7BEF7DE
F7BEF7BE
F7BEF7BE
F7BEF7BE
F7BEF7BE
F7BEEFBE
DF9ECF9F
B77E1EDE
0EFF071F
1EDEBF7F
D79FE79E
EFBEF7BE
F7BEFFBE
F7BEF7BE
F7BEF7BE
F7BEF7BE
F7BEF7BE
F7BEF7BE
F7BEF7BE
F7BEF7BE
F7BEF7BE
F7BEF7BE
F7BEF7BE
F7BEF7BE
EF9EDF7F
CF5EBF3F
3DFF3DFF
3DDF86BF
C75EDF7E
EFBEEF9E
F7BEF7BE
F7BEF7BE
F7BEF7BE
F7BEF7BE
F7BEF7BE
F7BEF7BE
F7BEF7BE
F7BEF7BE
F7BEF7BE
F7BEF7DE
F7BEF7BE
F7BEF7BE
F7BFF7BE
55FD2E3F
2E3F2E3F
2E3F2E3F
2E3F2E5F
265F265F
267F267F
267F267F
267F267F
1E7F1E7F
1E9F1E9F
1E9F1E9F
1E9F1E9F
1E9F1EBF
1EBF1EBF
16DF16DF
16DF16DF
16DFBFFF
F7DEF7BE
F7BEF7BE
F7BEF7BE
F7BEF7BE
F7BEF7BE
F7BEF7BE
F7BEF7BE
F7BEF7BE
F7BEF7BE
F7BEEFBE
E79ECF9F
B77E26DE
0EFF071F
16FEBF7F
D79FDFBE
EFBEF7BE
F7BEF7BE
F7BEF7BE
F7BEF7BE
F7BEF7BE
F7BEF7BE
F7BEF7BE
F7BEF7BE
F7BEF7BE
F7BEF7BE
F7BEF7BE
F7BEF7BE
F7BEF7BF
EFBEDF7E
CF3EB75F
35FF3DFF
3DDF971F
CF5EDF7E
E7BEF79E
F7BFF7BE
F7BEF7BE
F7BEF7BE
F7BEF7BE
F7BEF7BE
F7BEF7BE
F7BEF7BE
F7BEF7BE
F7BEF7BE
F7BEF7BE
F7BEF7BE
F7BEF7BE
F7BF86DE
363F2E3F
2E3F2E3F
2E3F2E5F
2E5F265F
265F267F
267F267F
267F1E7F
1E7F1E7F
1E9F1E9F
1E9F1E9F
1EBF1E9F
1EBF1EBF
1EBF16BF
16BF16BF
16DF16DF
0EDF0EDF
773EF7BE
F7BEF7BE
F7BEF7BE
F7BEF7BE
F7BEF7BE
F7BEF7BE
F7BFF7BE
F7BEF7BE
F7BEF7BE
F7BEF7BE
F7BEEFBE
E7BECF9F
BF7E36FE
071F071F
0EFEBF7E
D79FDFBE
EFBEF7BE
F7BEF7BE
F7BEF7BE
F7BEF7BE
F7BEF7BE
F7BFF7BF
F7BEF7BE
F7BEF7BE
F7BEF7BE
F7BEF7BE
F7BEF7BE
F7BEF7BE
F7BEF7BE
EFBEDF7F
CF5EB73F
35FF3E1F
35FF9F3F
CF5EDF7F
E7BEF7BE
F7BEF7BE
F7BEF7BE
F7BEF7BE
F7BEF7BE
F7BEF7BE
F7BEF7BE
F7BEF7BE
F7BEF7BE
F7BEF7BE
F7BEF7BE
F7BEF7BE
F7BEF7BE
CFBF361F
2E5F2E5F
2E3F2E5F
265F265F
265F265F
265F267F
267F267F
1E7F1E7F
1E7F1E9F
1E9F1E9F
1E9F1E9F
1EBF1EBF
16BF16BF
16BF16BF
16DF16DF
16DF16DF
16DF2E7D
EFBEF7BE
F7BEF7BE
F7BEFFBE
F7BEF7BE
F7BEF7BE
F7BEF7BE
F7BEF7BE
F7BEF7BE
F7BEF7BE
F7BEF7BE
F7BEEFBE
E7BECF9F
BF7F3F1E
071F071F
0EFFBF7F
CF9FDFBE
EFBEF7BE
F7BEF7BE
F7BEF7BE
F7BEF7BE
F7BEF7BE
F7BEF7BE
F7BEF7BE
F7BEF7BE
F7BEF7BE
F7BEF7BE
F7BEF7BE
F7BEF7BE
F7BEF7BE
EF9EDF7F
CF5EB73F
35FF35FF
3DFFA73F
C73EDF7F
EF9EF7BE
F7BEF7BE
F7BEF7BE
F7BEF7BE
F7BEF7BE
F7BEF7BE
F7BEF7BE
F7BEF7BE
F7DEF7BE
F7BEF7BE
F7BEF7BE
F7BEF7DE
F7BFE7FF
3E3F2E5F
2E5F2E5F
265F265F
265F265F
267F267F
267F267F
267F1E7F
1E7F1E7F
1E9F1E9F
1E9F1E9F
1E9F1E9F
1EBF1EBF
16BF16BF
16DF16DF
16DF16DF
16DF16DF
16DFE7FF
F7BEF7BE
F7BEF7BE
F7BEF7BE
F7BEF7BE
F7BEF7BE
F7BEF7BE
F7BEF7DE
F7DEF7DE
F7BEF7BE
F7BEF7BE
F7BEEFBE
E7BED79F
BF7F471F
071F071F
0F1FBF7F
CF9FDFBE
EFBEF7BE
F7BEF7BE
F7BEF7BE
F7BEF7BE
F7BEF7BE
F7BEF7BE
F7BEF7BE
F7BEF7BE
F7BEF7BE
F7BEF7BE
F7BEF7BE
F7BEF7BE
F7BEF7BE
EF9EDF7F
CF5FB73F
35FF361F
361FA73F
CF3EDF7E
E7BEF7BE
F7BEF7BE
F7BEF7BE
F7BEF7BE
F7BEF7BE
F7BEF7BE
F7BEF7BF
F7BFF7BE
F7BEF7BE
F7BEF7BE
F7BEF7BE
F7BEF7BF
F7BF461E
265F2E3F
2E5F2E5F
265F265F
267F265F
267F267F
1E7F1E7F
1E7F1E7F
1E7F1E9F
1E9F1E9F
1E9F1E9F
16BF1EBF
1EBF16BF
16BF16BF
16DF16DF
16DF16DF
16DF0EFF
9F7FF7BE
F7BEF7BE
F7BEF7BE
F7BEF7BE
F7BEF7BE
F7BEF7BE
F7BEF7BE
F7BEF7BE
F7BEF7BE
F7BEF7BE
F7BEF7BE
F7BEEFBE
E7BFD79F
BF7F3F1E
071F071F
0F1FBF9F
CF9FDFBE
EFBEF7BF
F7BEF7BE
F7BEF7BE
F7BEF7BE
F7BEF7BE
F7BEF7BE
F7BEF7BE
F7BEF7BE
F7BEF7BE
F7BEF7BE
F7BEF7BE
F7BEF7BE
F7BEF7BE
EF9EDF7E
CF5EB75F
35FF35FF
361F9F3F
C73EDF7F
E7BEF7BE
F7BEF7BE
F7BEF7BE
F7BEF7BE
F7BEF7BE
F7BEF7BE
F7BEF7BE
F7BEF7BE
F7BEF7BE
F7BEF7BE
F7BEF7BE
F7BEF7DE
6E9E2E3F
2E3F265F
265F265F
265F265F
267F267F
1E7F267F
1E7F1E7F
1E7F1E7F
1E9F1E9F
1E9F1E9F
169F1E9F
16BF16BF
16BF16BF
16DF16DF
16DF16DF
16DF16DF
16DF3EDD
F7BEF7BE
F7BEF7BE
F7BEF7BE
F7BEF7BE
F7BEF7BE
F7BEF7BE
F7BEF7BE
F7BEF7BE
F7BEF7BE
F7BEF7BE
F7BEF7BE
F7BEEFBE
E7BED79F
BF7F371E
071F073F
0F1FB77F
CF9FE79E
EFBEF7BE
F7BEF7BE
F7BEF7BE
F7BEF7BE
F7BEF7BE
F7BEF7BE
F7BEF7BE
F7BEF7BE
F7BEF7BE
F7BEF7BE
F7BEF7BE
F7BEF7BE
F7BEF7BE
EF9EDF7E
CF5EB75F
35FF35FF
361F971F
C75FDF7F
EF9EEFBE
F7BEF7BE
F7BEF7BE
F7BEF7BE
F7BEF7BE
F7BEF7BE
F7BEF7DE
F7DEF7BE
F7BEF7BE
F7BEF7BE
F7BEF7BE
F7BEAF7F
2E5E2E5F
2E5F265F
265F267F
267F267F
267F1E7F
267F1E7F
1E7F1E7F
1E9F1E9F
1E9F1E9F
1E9F1E9F
169F1EBF
16BF16BF
16BF16BF
16DF16DF
16DF16DF
0EFF16DF
16BEE7FF
F7BFF7BE
F7BEF7BE
F7BEF7BE
F7BEF7BE
F7BEF7BE
F7BEF7BE
F7BEF7BE
F7DEF7BE
F7BEF7BE
F7BEF7BE
F7BEF7BE
F7BEEFBE
DFBECF9F
BF7F2EFE
071F073F
0F1FB77F
CF9FE79E
EFBEF7BE
F7BEF7BE
F7BEF7BE
F7BEF7BE
F7BEF7BE
F7BEF7BE
F7BEF7BE
F7BEF7BE
F7BEF7BE
F7BEF7BE
F7BEF7BE
F7BEF7BE
F7BEF7BE
EF9EDF7F
CF7EB75F
35FF361F
361F86DF
C75FDF7E
E79EF7BF
F7BEF7BE
F7BEF7BE
F7BEF7BE
F7BEF7BE
F7BEF7BE
F7BEF7BE
F7BEF7BE
F7BEF7BE
F7BEF7BE
FFBEFFBE
DFFF365F
2E5F2E5F
265F265F
265F267F
267F267F
267F267F
1E7F1E7F
1E9F1E9F
1E9F1E9F
1E9F1E9F
1EBF1EBF
16BF16BF
16BF16BF
16DF16DF
16DF16DF
16DF0EFF
0EFF16FF
979FFFBE
F7BEF7BE
F7BEF7BE
F7BEF7BE
F7BEF7BE
F7BEF7BE
F7BEF7BF
F7BEF7BE
F7BEF7BE
F7BEF7BE
F7BEF7BE
F7BEF7BE
F7BEEFBE
E7BECF9F
B77F1EFE
071F073F
16FEB77F
CF9EE7BE
EFBEF7BE
F7BEF7BE
F7BEF7BE
F7BEF7BE
F7BEF7BE
F7BEF7BE
F7BEF7BE
F7BEF7BE
F7BEF7BE
F7BEF7BE
F7BEF7BE
F7BEF7BE
F7BEF7BE
EF9EDF7E
CF5EBF3F
35FE361F
361F6EBF
C75FDF7F
E79EEFBE
F7BEF7BE
F7BEF7BE
F7BEF7BE
F7BEF7BE
F7BEF7BE
F7BEF7BE
F7BEF7BE
F7BEF7BE
F7BEF7BE
F7BEF7BE
3E1D2E7F
265F265F
267F267F
267F267F
1E7F1E7F
1E7F1E7F
1E7F1E9F
1E9F1E9F
1E9F1EBF
1EBF1EBF
16BF1EBF
16BF16BF
16DF16DF
16DF16DF
0EDF0EDF
0EFF16FF
0EFF56FC
F7DFF7BE
F7BEF7BE
F7BEF7BE
F7BEF7BE
F7BEF7BE
F7BEF7BE
F7BEF7BE
F7BEF7BE
F7BEF7BE
F7BEF7BE
F7BEF7BE
F7BEF7BE
F7BEEFBE
DFBECF9F
B77F171E
073F073F
26FEBF7F
D77EE79E
EFBEF7BE
F7BEF7BE
F7BEF7BE
F7BEF7BE
F7BEF7BE
F7BEF7BE
F7BEF7DE
F7DEF7BE
F7BEF7BE
F7BEF7BE
F7BEF7DE
F7BEF7BE
F7BEF79E
EF9EDF7E
CF7EBF3E
35FE361F
361F563E
C73FD77E
E79EEFBE
F7BEF7BE
F7BEF7BE
F7BEF7BE
F7BEF7BE
F7BEF7BE
F7BEF7BE
F7BEF7BE
F7BEF7BE
F7BEF7BE
F79E561C
2E7E2E5F
267F267F
267F1E7F
1E7F1E7F
1E7F1E9F
1E7F1E9F
1E9F1E9F
1E9F1EBF
1EBF1EBF
1EBF1EBF
16BF16BF
16DF16DF
16DF16DF
16DF0EDF
0EDF0EFF
0EFF0EFF
26FFEFDF
F7DEF7BE
F7BEF7BE
F7BEF7BE
F7BEF7BE
F7BEF7BE
F7BEF7BE
F7BEF7DE
F7BEF7BE
F7BEF7BE
F7BEF7BE
F7BEF7BE
F7BEF7BE
F7BEEFBE
DFBFCF9F
AF9F0F1F
0F3F073F
371DBF9E
D79EE79E
EFBEF7BE
F7BEF7BE
F7BEF7BE
F7BEF7BE
F7BEF7BE
F7BEF7BE
F7BEF7BE
F7BEF7BE
F7BEF7BE
F7BEF7BE
F7BEF7BE
F7BEF7BE
F7BEF79E
EFBEE79E
D77EBF3F
3DFD361F
361F461E
BF3FD77F
E79FEFBE
F7BEF7BE
F7BEF7BE
F7BEF7BE
F7BEF7BE
F7BEF7BE
F7BEF7BE
F7BEF7BE
F7BEF7BE
F7BEF7BE
CF7E76DE
6E9E5E9E
569D4E7D
467D3E7D
367E2E7E
2E7E2E9E
269F269F
269F1EBF
1EBF1EBF
1EBF1EBF
1EBF1EBF
16DF16DF
16DF16DF
16DF0EDF
0EDF0EFF
0EFF0EFF
0EFF0EFF
D7DFF7DE
F7DEF7BE
F7BEF7BE
F7BEF7BE
F7BEF7BE
F7BEF7BE
F7BEF7BE
F7BEF7BE
F7BEF7BE
F7BEF7BE
F7BEF7BE
F7BEF7BE
F7BEF7BE
F7BEE7BE
DFBFC79F
A77F0F3F
073F073F
575EC79F
D79EE7BE
EFBEF7BE
F7BEF7BE
F7BEF7BE
F7BEF7BE
F7BEF7BE
F7BEF7BE
F7BEF7BE
F7BEF7BE
F7BEF7BE
F7BEF7BE
F7BEF7BE
F7BEF7BE
F7BEF7BF
F7BEE79F
D77FC75F
561E361F
361F361F
BF5FCF5F
E79FEF9E
F7BEF7BF
F7BEF7BE
F7BEF7BE
F7BEF7BE
F7BEF7BE
F7BEF7BE
F7BEF7BE
F7BEF7BE
F7BEF7BE
F7BEF7BF
F7BEF7BE
F7BEF7BE
F7BFF7BE
F7BEF7BF
F7BFF7BF
EFDFF7BF
EFDFEFBF
EFDFEFDF
EFDEEFDF
EFDF46BE
16DF16DF
16DF16DF
0EDF0EDF
0EFF0EFF
0EFF0EFF
16FF8F7F
F7DEF7BE
F7BEF7BE
F7BEF7BE
F7BEF7BE
F7BEF7BE
F7BEF7BE
F7BEF7BE
F7BEF7BE
F7BEF7BE
F7BEF7BE
F7BEF7BE
F7BEF7BE
F7BEF7BE
EFBEE7BE
D79FC79F
9F9F073F
073F073F
779FC79F
DFBEEFBE
F7BEF7BE
F7BEF7DE
F7BEF7BE
F7BEF7BE
F7BEF7BE
F7BEF7BE
F7BEF7BF
F7BEF7BE
F7BEF7BE
F7BEF7BE
F7BEF7BE
F7BEF7BE
F7BEF7BE
F7BEE79E
DF7EC75F
767F2E3F
2E1F361F
B73FCF5E
DF9FEF9E
F7BEF7BE
F7BEF7BE
F7BEF7BE
F7BEF7BE
F7BEF7BE
F7BEF7BE
F7BEF7BE
F7BEF7BE
F7BEF7BE
F7BEF7BE
F7BEF7BE
F7BEF7BE
F7BEF7BE
F7DFF7BE
F7BEF7BE
F7BEF7BE
F7BEF7BE
F7BEF7BE
F7BEF7BE
EFDE1EDF
16DF16DF
16DF0EDF
0EFF0EFF
0EFF0EFF
0EFF0EFF
36DDF7BE
F7DEF7BE
F7BEF7BE
F7BEF7BE
F7BEF7BE
F7BEF7BE
F7BEF7BE
F7BEF7BE
F7BEF7BE
F7BEF7BE
F7BEF7BE
F7BEF7BE
F7BEF7BE
F7BEF7BE
EFBEE7BE
D79FBF9F
879F073F
073F071F
9FBFCF9E
DFBEEFBE
F7BEF7BE
F7BEF7BE
F7BEF7BE
F7BEF7BE
F7BEF7BE
F7BEF7BE
F7BEF7BE
F7BEF7BE
F7BEF7BE
F7BEF7BE
F7BEF7BE
F7BEF7BE
F7BEF7BE
F7BEEFBE
DF7FC75F
9F3F2E3F
2E3F2E3F
9F5FCF5E
D79EE79E
EFBEF7BE
F7BEF7BE
F7BEF7BE
F7BEF7BE
F7BEF7BE
F7BEF7BE
F7BEF7BE
F7BEF7BE
F7BEF7BE
F7BEF7BE
F7BEF7BE
F7BEF7BE
F7BEF7BE
F7BEF7BE
F7BEF7BE
F7BEF7BE
F7BEF7BE
F7BEF7BE
F7BEF7BE
DFDF16DF
16FF0EDF
0EFF0EFF
0EFF0EFF
0EFF0F1F
0EFF1EFF
E7FFF7BE
F7BEF7BE
F7BEF7BE
F7BEF7BE
F7BEF7BE
F7BEF7BE
F7BEF7BE
F7BEF7BE
F7BEF7BE
F7BEF7BE
F7BEF7BE
F7BEF7BE
F7BEF7BE
F7BFF7BF
EFBEE7BF
CF9FB79F
475F073F
073F073F
B79FCF9E
DFBEEFBE
F7BEF7BE
F7BEF7BE
F7BEF7BE
F7BEF7BE
F7BEF7BE
F7BEF7BE
F7BEF7BE
F7BEF7BE
F7BEF7BE
F7BEF7BE
F7BEF7BE
F7BEF7BE
F7BEF7BE
F7BFEFBE
DF9FCF7F
B75F2E3F
2E3F2E3F
6EDFBF5F
D79FE79E
EFBEF7BE
F7BEF7BE
F7BEF7BE
F7BFF7BE
F7BEF7BE
F7BEF7BE
F7BEF7BE
F7BEF7BE
F7BEF7BE
F7BEF7BE
F7BEF7BE
F7BEF7BE
F7BEF7BE
F7BEF7BE
F7BEF7BE
F7BEF7BE
F7BEF7BE
F7BEF7BE
F7BEF7BE
7F5F16DF
16DF0EDF
0EFF0EFF
0EFF0F1F
071F071F
0EFEBFDF
F7BEF7BE
F7BEF7BE
F7BEF7BE
F7BEF7BE
F7BEF7BE
F7BEF7BE
F7BEF7BE
F7BEF7BE
F7BEF7BE
F7BEF7BE
F7BEF7BE
F7BEF7DE
F7BEF7BF
F7BEF7BF
EFBEDFBF
CF9FB79F
16DE073F
073F0F1E
BF9ECF9E
E79EEFBE
F7BFF7BE
F7BFF7BE
F7BEF7BE
F7BEF7BE
F7BEF7BE
F7BEF7BE
F7BEF7BE
F7BEF7BE
F7BEF7BE
F7BEF7BE
F7BEF7BE
F7BEF7BE
F7BEF7BE
F7BFEFBE
E79FCF7F
BF5F361E
2E5F2E5F
3E3EBF5E
CF5EE79F
EFBEF7BE
F7BEF7BE
F7BEF7BE
F7BEF7BE
F7BEF7BE
F7BEF7BE
F7BEF7BE
F7BEF7BE
F7BEF7BE
F7BEF7BE
F7BEF7BE
F7BEF7BE
F7BEF7BE
F7BEF7BE
F7BEF7BE
F7BEF7BE
F7BEF7BE
F7BEF7BE
F7BEF7DE
369D0EFF
0EDF0EFF
0EFF0EFF
0F1F0F1F
0F1F0EFF
671EF7DE
F7BEF7BE
F7BEF7BE
F7BEF7BE
F7BEF7BE
F7BEF7BE
F7DEF7BE
F7BEF7BE
F7BEF7BE
F7BEF7BE
F7BEF7BE
F7BEF7BE
F7BEF7BE
F7BEF7BE
F7BEEFBE
EFBFDFBF
C79FA77E
073E073F
073F373E
BF7ED79F
E7BEEFDF
F7BFF7BE
F7BEF7BE
F7BEF7BE
F7BEF7BE
F7BEF7BE
F7BEF7BE
F7BEF7BE
F7BEF7BE
F7BEF7BE
F7BEF7BE
F7BEF7BE
F7BEF7BE
F7BEF7BE
F7BFEFBE
E79FD77E
C75E565E
2E3F2E3F
2E3FB75F
CF5EDF9F
EFBEF7BE
F7BEF7BE
F7BEF7BE
F7BEF7BE
F7BEF7BE
F7BEF7BE
F7BEF7BE
F7BEF7BE
F7BEF7BE
F7BEF7BE
F7BFF7BE
F7BEF7BE
F7BEF7BE
F7BEF7BE
F7DEF7BE
F7BEF7BE
F7BEF7BE
F7BEF7BE
F7BFEFDF
16DE0EFF
0EFF0EFF
0EFF0F1F
071F071F
0F1F2EFD
EFBEF7BF
F7BEF7BE
F7BEF7BE
F7BEF7BE
F7BEF7BE
F7BEF7BE
F7BEF7BE
F7BEF7BE
F7BEF7BE
F7BEF7BE
F7BEF7BE
F7BEF7BE
F7BEF7BE
F7BEF7BE
F7BEEFBE
E7BED79E
B79F8FBF
075F075F
075F879F
C79EDF9E
E7BEEFBE
F7BEF7BE
F7BEF7BE
F7BEF7BE
F7BEF7BE
F7BEF7BE
F7BEF7BE
F7BEF7BE
F7BEF7BE
F7BEF7BE
F7BEF7BE
F7BEF7BE
F7BEF7BE
F7BEF7BE
F7BEF7BF
EFBEDF9E
C77F973F
2E5F2E5F
2E5F9F3F
C75FD77F
E79FEFBE
F7BEF7BE
F7BEF7BE
F7BEF7BE
F7BEF7BE
F7BEF7BE
F7BEF7BE
F7BEF7BE
F7BEF7BE
F7BEF7BE
F7BEF7BE
F7BEF7BE
F7BEF7BE
F7DEF7BE
F7BEF7BE
F7BEF7BE
F7BEF7BE
F7BEF7BE
F7BECFFF
0EFF0EFF
0EFF0EFF
0F1F0F1F
071F0F1F
171FDFFF
F7BEF7BE
F7BEF7BE
F7BEF7BE
F7BEF7BE
F7BEF7BE
F7BEF7BE
F7BEF7BE
F7BEF7BE
F7BEF7BE
F7BEF7BE
F7BEF7BF
F7BEF7DE
F7BEF7BE
F7BEF7BE
F7BFEFBE
DFBFCF9F
B77E4F3E
075F073F
073FA77F
CF9EE79F
EFBEF7BE
F7BEF7BE
F7BEF7BE
F7BEF7BE
F7BFF7BE
F7BEF7BE
F7BEF7BE
F7BEF7BE
F7BEF7BE
F7BEF7BE
F7BEF7BE
F7BEF7BE
F7BEF7BE
F7BEF7BE
F7BEF7BE
EFBEDF9E
CF7EB77F
2E5E2E5F
2E5F567E
BF5FCF7F
E79EEF9F
F7BEF7BE
F7BEF7BE
F7BEF7BE
F7BEF7BE
F7BEF7BE
F7BEF7BE
F7BEF7BE
F7BEF7BE
F7BEF7BE
F7BEF7BE
F7BEF7BE
F7BEF7BE
F7DEF7BE
F7BEF7BE
F7BEF7BE
F7BEF7BE
F7BEF7BE
F7BE675F
0EFF0EFF
0EFF0EFF
071F071F
0EFF0F3F
8F9FF7BF
F7BEF7BE
F7BEF7BE
F7BEF7BE
F7BEF7BE
F7BEF7BE
F7BEF7BE
F7BEF7BE
F7BEF7BE
F7BEF7BE
F7BEF7BE
F7BEF7BE
F7BEF7BE
F7BEF7BE
F7BEF7BE
EFBFE7BF
DFBFC79E
AF9F0F3E
075F075F
171EBF9F
CF9EE7BE
EFBEF7BE
F7BEF7BE
F7BEF7BE
F7BEF7BE
F7BEF7BE
F7BEF7BE
F7BEF7BE
F7BEF7BE
F7BEF7BE
F7BEF7BE
F7BEF7BE
F7BEF7BE
F7BEF7BE
F7BEF7BE
F7BFF7DF
EF9EE79F
D77FBF7F
3E5E2E5F
265F2E5F
B75FCF5F
DF9EEFBF
F7BEF7BF
F7BEF7BE
F7BEF7BE
F7BEF7BE
F7BEF7BE
F7BEF7BE
F7BEF7BE
F7BEF7BE
F7BEF7BE
F7BEF7BE
F7BEF7BE
F7BEF7BE
F7BEF7BE
F7BEF7BE
F7BEF7BE
F7BEF7BE
F7BEF7BE
F7DE1EDE
0EFF0EFF
0EFF071F
071F071F
071F3EDD
F7DFF7BE
F7BEF7BE
F7BEF7BE
F7BEF7BE
F7BEF7BE
F7BEF7BE
F7BEF7BE
F7BEF7BE
F7BEF7BE
F7BEF7BE
F7BEF7BE
F7BEF7DE
F7BEF7BE
F7BEF7BE
F7BEF7BE
EFBEE7BF
D79FBF7F
8FBF0F3F
075F075F
5F7FBF9F
D79EEFBE
F7BEF7BE
F7BEF7BE
F7BEF7BE
F7BEF7BE
F7BEF7BE
F7BEF7BE
F7BEF7BE
F7BEF7BE
F7BEF7BE
F7BEF7BE
F7BEF7BE
F7BEF7BE
F7BEF7BE
F7BEF7BE
F7BEF7BE
F7BEEF9E
DF7FC75F
8F1F267F
267F267F
975FC75F
D79FE79F
EFBEF7BE
F7BEF7BE
F7BEF7BE
F7BEF7BE
F7BEF7BE
F7BEF7DE
F7DEF7DE
F7BEF7BE
F7BEF7BE
F7BEF7BE
F7BEF7BE
F7BEF7BE
F7BEF7BE
F7BEF7BE
F7BEF7BE
F7BEF7BE
F7BEF7BE
E7DF0EFF
0EFF0EFF
071F071F
071F071F
171EEFDF
F7BEF7BE
F7BEF7BE
F7BEF7BE
F7BEF7BE
F7BEF7BE
F7BEF7DE
F7BEF7BE
F7BEF7BE
F7BEF7BE
F7BEF7BE
F7BEF7BE
F7BEF7BE
F7BEF7BE
F7BEF7BE
F7BEEFBF
E7BEDFBF
CF9FAF9F
3F7E075F
075F075F
A7BFC79F
DF9EEFBE
F7BEF7BF
F7BEF7BE
F7BEF7BE
F7BEF7BE
F7BEF7BE
F7BEF7DE
F7BEF7BE
F7BEF7BE
F7BEF7BE
F7BEF7BE
F7BEF7BE
F7BEF7BE
F7BEF7BE
F7BEF7BE
F7BEF7BF
F7BEEF9E
DF9ECF7E
B75F2E5E
267F265F
365DB75F
CF7FDF9E
EFBEF7BE
F7BEF7BE
F7BEF7BE
F7BEF7BE
F7BEF7BE
F7BEF7BE
F7BEF7BE
F7BEF7BE
F7BEF7BE
F7BEF7BE
F7BEF7BE
F7BEF7DE
F7BEF7BE
F7BEF7BE
F7BEF7BE
F7BEF7BE
F7BEF7BF
AFDF16FF
071F071F
0EFF071F
0F1F173F
BFFFF7DE
F7BEF7BE
F7BEF7BE
F7BEF7BE
F7BEF7BE
F7BEF7BE
F7BEF7BE
F7BFF7BE
F7BEF7BE
F7BEF7BE
F7BEF7BE
F7BEF7BE
F7BEF7BE
F7BEF7BE
F7BEF7BE
F7BEEFBE
E7BFD79F
C79EA79F
0F5F075F
075F173F
BF7FCFBE
E79EEFBE
F7BEF7BE
F7BEF7BE
F7BEF7BE
F7BEF7BE
F7DEF7BE
F7DEF7BE
F7BEF7BE
F7BEF7BE
F7BEF7BE
F7BEF7BE
F7BEF7BE
F7BEF7BE
F7BEF7BE
F7BEF7BE
F7BEF7BE
F7BEEFBE
E79ED79E
BF7E4E9E
267F265F
267FA75F
C75ED79F
E79EEF9E
F7BEF7BE
F7BEF7BE
F7BEF7BE
F7BEF7BE
F7BEF7BE
F7BEF7BE
F7BEF7BE
F7BEF7BE
F7BEF7BE
F7BEF7BE
F7BEF7BE
F7BEF7BE
F7BEF7BE
F7BEF7BE
F7BEF7BF
F7BEF7DE
4EDD0EFF
071F071F
06FF071F
0F1F7F3E
F7DEF7DE
F7BEF7BE
F7BEF7BE
F7BEF7BE
F7BEF7BE
F7BEF7BE
F7BEF7BE
F7BEF7BE
F7BEF7BE
F7BEF7BE
F7BEF7BE
F7BEF7BE
F7BEF7DE
F7BEF7BE
F7BEF7BE
F7BEE7BE
DFBFC7BF
B79F677F
075F075F
0F3F7F9F
C79ED7BE
E7BEEFBE
F7BEF7BE
F7BEF7BE
F7BEF7BE
F7BEF7BE
F7BEF7BE
F7BEF7BE
F7BEF7BE
F7BEF7BE
F7BEF7BE
F7BEF7BE
F7BEF7BE
F7BEF7BE
F7BEF7BE
F7BEF7BE
F7BEF7BE
F7BEF7BE
EF9EDF9E
CF7FA75F
267F267F
2E7F4E9E
B75ECF7F
DF9EEFBE
EFBEF7BE
F7BEF7BE
F7BEF7BE
F7BEF7BE
F7BEF7BE
F7BEF7BE
F7BEF7BE
F7BEF7BE
F7BEF7BE
F7BEF7BE
F7BEF7BE
F7BEF7BE
F7BEF7BE
F7BEF7BE
F7BEF7BE
F7BEF7BF
16FF071F
071F071F
071F071E
371EEFDE
F7BEF7BE
F7BEF7BE
F7BEF7BE
F7BEF7BE
F7BEF7BE
F7BEF7BE
F7BEF7BE
F7BEF7BE
F7BEF7BE
F7BEF7BE
F7BEF7BE
F7BEF7BE
F7BEF7BE
F7BEF7BE
F7BEF7BE
EFBEE7BF
D79EBF9E
A79F0F3F
075F075F
0F3FB79F
CF9FE79E
EFBEF7BE
F7BEF7BE
F7BEF7BE
F7BEF7BE
F7BEF7BE
F7BEF7BE
F7BEF7BE
F7BEF7BE
F7BEF7BE
F7BEF7BE
F7BEF7BE
F7BEF7BE
F7BEF7BE
F7BEF7BE
F7BEF7BE
F7BEF7BE
F7BEF7BE
EF9EE79E
D77FC77E
3E7E267F
267F2E7F
A77FCF5F
D79EE7BE
EFBEF7BE
F7BEF7BE
F7BEF7BE
F7BEF7BE
F7BEF7BE
F7BEF7BE
F7BEF7BE
F7BEF7BE
F7BEF7BE
F7BEF7BE
F7BEF7BE
F7BEF7DE
F7BEF7BE
F7BEF7BE
F7BEF7BE
F7BEDFFF
0F1F071F
0EFF073F
0F1F173F
E7FFF7BE
F7BEF7BE
F7BEF7BE
F7BEF7BE
F7BEF7BE
F7BFF7BF
F7BEF7BE
F7BEF7BE
F7BEF7BE
F7BEF7BE
F7BEF7BE
F7BEF7BE
F7BEF7DE
F7BEF7DE
F7BEF7DE
F7BEEFBE
E7BEDFBF
CFBEB79F
6FBF073F
075F075F
577EC79E
D79EE7BE
EF9EF7BE
F7BEF7BE
F7BEF7BE
F7BEF7BE
F7BEF7BE
F7BEF7BE
F7BEF7BE
F7BEF7BE
F7BEF7BE
F7BEF7BE
F7BEF7BE
F7BEF7BE
F7BEF7BE
F7BEF7BE
F7BEF7BE
F7BEF7BE
F7BEF7BE
F7BFEFBE
DF9FC77F
9F7F267F
269F269F
467EB75F
CF7FDF9E
EFBEF7BE
F7BEF7BE
F7BEF7BE
F7BEF7BE
F7BEF7BE
F7BEF7BE
F7BEF7BE
F7BEF7BE
F7BEF7BE
F7BEF7BE
F7BEF7BE
F7BEF7BE
F7BEF7BE
F7BEF7BF
F7BFF7BE
F7BE7F7E
073F071F
0F1F0F1F
0F1FC7FF
F7BEF7BF
F7BEF7BE
F7BEF7BE
F7BEF7BE
F7BEF7BE
F7BEF7BE
F7BEF7BE
F7BEF7BE
F7BEF7BE
F7BEF7BE
F7BEF7BE
F7BEF7BE
F7BEF7BE
F7BEF7BE
F7BEF7BE
F7DFEFBE
E7BED7BF
C79F9FBE
0F3E075F
075F0F3F
AFBFCFBF
DFBFEFBE
F7BEF7BE
F7BEF7BE
F7BEF7BE
F7BEF7BE
F7BEF7BE
F7BEF7BE
F7BEF7BE
F7BEF7BF
F7BEF7BE
F7BEF7BE
F7BEF7BE
F7BEF7BE
F7BEF7BE
F7BEF7BE
F7BEF7BE
F7BEF7BE
F7BEF7BE
F7BEEFBE
E79FD77E
C75E2E5E
267F267F
269F9F7F
C77FD79F
E79EEF9E
EFBEF7BE
F7BEF7BE
F7BEF7BE
F7BEF7BE
F7BEF7BE
F7BEF7BE
F7BEF7BE
F7BEF7BE
F7BEF7BE
F7BEF7BE
F7BEF7BE
F7DEF7BE
F7BEF7BE
F7BEF7BE
F7DE26FE
0F1F073F
073F073F
879EF7DF
F7BFF7BE
F7BEF7BE
F7BEF7BE
F7BEF7BE
F7BEF7BE
F7BEF7BE
F7BEF7BE
F7BEF7BE
F7BEF7BE
F7BEF7BE
F7BEF7BE
F7BEF7BE
F7BEF7BE
F7BEF7DE
F7BEF7BF
EFBFE7BE
DF9EC79F
AF9E577E
075F073F
075F5F9F
C77ED79E
E7BFEFBE
F7BEF7BE
F7BEF7BE
F7BEF7BE
F7BEF7BE
F7BEF7BE
F7BEF7BE
F7BEF7BE
F7BEF7BE
F7BEF7DE
F7BEF7BE
F7BEF7BE
F7BEF7BE
F7BEF7BE
F7BEF7BE
F7BEF7BE
F7BEF7BE
F7BEF7BE
F7BEF7BE
EFBFDF9E
CF7FA75F
269F1E9F
1E7F2E7E
B75FC77E
D79FE79E
EFBEF7BE
F7BEF7BE
F7BEF7BE
F7BEF7BE
F7BEF7BE
F7BEF7BE
F7BEF7BE
F7BEF7BE
F7BEF7BE
F7BEF7BE
F7BEF7BE
F7BEF7BE
F7BEF7BE
F7BEF7BE
EFBF0F1F
071F073F
075F371D
F79FF7BE
F7BEF7BE
F7BEF7BE
F7BEF7BE
F7BEF7BE
F7BEF7BE
F7BEF7BE
F7BEF7BE
F7BEF7BE
F7BEF7BE
F7BEF7BE
F7BEF7BE
F7BEF7BE
F7BEF7BE
F7BFF7BE
F7BEEFBE
E7BEDFBF
CF9EBF9F
9F9F0F5F
075F075F
0F5FB79F
CF9EDFBE
EFBEF7BE
F7BEF7BE
F7BEF7BE
F7BEF7BE
F7BEF7BE
F7BEF7BE
F7BEF7BE
F7BEF7BE
F7BEF7BE
F7BEF7BE
F7BEF7BE
F7BEF7BE
F7BEF7BE
F7BEF7BE
F7BEF7BE
F7BEF7BE
F7BEF7BE
F7BEF7BE
F7BEF7BE
EFBEE79E
D79FB77E
467D1E9F
1E9F1E9F
6F1EB75F
CF9EDF9F
E79FEFBE
F7BEF7BE
F7BEF7BE
F7BEF7BE
F7BEF7BE
F7BEF7BE
F7BEF7BE
F7BEF7BE
F7BEF7BE
F7BEF7BE
F7DEF7BE
F7BEF7BE
F7BEF7BE
F7BEF7BE
AFFF073F
073F073F
173EEFDF
F7BEF7BE
F7BEF7BE
F7BEF7BE
F7BEF7BE
F7BEF7BE
F7BEF7BE
F7BEF7BE
F7BEF7BE
F7BEF7BE
F7BEF7BE
F7BEF7BE
F7BEF7BE
F7BEF7BE
F7BEF7BE
F7BEF7BE
EFBEEFBE
E7BED7BE
C79FAF7F
1F3D077F
075F077F
7FDFC7BF
D79EEFBE
EFBEF7BE
F7BEF7BE
F7DEF7BE
F7BEF7BE
F7BEF7BE
F7BEF7BE
F7BEF7BE
F7BEF7BE
F7BEF7BE
F7BEF7BE
F7BEF7BE
F7BEF7BE
F7BEF7BE
F7BEF7BE
F7BEF7BE
F7BEF7BE
F7BEF7BE
F7BEF7BE
F7BEF7BE
EFBEEFBE
E79FCF7E
AF7F269F
1E9F1EBF
267F9F7F
BF5ECF7F
DF9FEF9E
EFBEF7DF
F7BEF7BE
F7BEF7BE
F7BEF7BE
F7BEF7BE
F7BEF7BE
F7BEF7BE
F7BEF7BE
F7BEF7BE
F7BEF7BE
F7BEF7BE
F7BEF7BF
F7BEF7BE
3EFC075F
073F0F3F
D7DFF7BF
F7BEF7BE
F7BEF7BE
F7BEF7BE
F7BEF7BE
F7BEF7BE
F7BEF7BE
F7BEF7BE
F7BEF7BE
F7BEF7BE
F7BEF7BE
F7BEF7BE
F7BEF7BE
F7BEF7BE
F7BEF7BE
F7BEF7BE
EFBEE7BF
D79FC79F
B79F777F
075F075F
077F175E
BF9FCFBE
E7BFEFBE
F7BEF7BE
F7BEF7BE
F7DEF7BE
F7BEF7BE
F7BEF7BE
F7BEF7BE
F7BEF7BE
F7BEF7BE
F7BEF7BE
F7BEF7BE
F7BEF7BE
F7BEF7BE
F7BEF7BE
F7BEF7BE
F7BEF7BE
F7BEF7BE
F7BEF7BE
F7BEF7BE
F7BEF7BE
F7BEEFBE
E7BED77E
BF7E875F
1E9F1EBF
1EBF269E
AF5FC77F
D79FE79E
EFBEEFBE
F7BEF7BE
F7BEF7BE
F7BEF7BE
F7BEF7BE
F7BEF7BE
F7BEF7BE
F7BEF7BE
F7BEF7BE
F7BEF7BE
F7BEF7BE
F7BEF7BE
F7BEEFBE
0F3E073F
073F97DF
F7BFF7BE
F7BEF7BE
F7BEF7BE
F7BEF7BE
F7BEF7BE
F7BEF7BE
F7BEF7BE
F7BEF7BE
F7BEF7BE
F7BEF7BE
F7BEF7BE
F7BEF7BE
F7BEF7BE
F7BEF7BE
F7BEF7BF
EFBEEFBE
E7BEDF9F
CF9EB79E
97BF0F5F
075F077F
075FA7DF
CF9FDFBE
E7BFEFBF
F7BEF7BE
F7BEF7BE
F7BEF7BE
F7BEF7BE
F7BEF7BE
F7BEF7BE
F7BEF7BE
F7BEF7BE
F7BEF7BE
F7BEF7BE
F7BEF7BE
F7BEF7BE
F7BEF7BE
F7BEF7BE
F7BEF7BE
F7BEF7BE
F7BEF7BE
F7BEF7BE
F7BEF7BE
F7BEF7BF
EFBEE79F
D77EBF9E
369E16BF
169F169F
3EBEB77F
C77FD79F
E79FEFBF
EFBEF7BE
F7BEF7BE
F7BEF7BE
F7BEF7BE
F7BEF7BE
F7BEF7BE
F7BEF7BE
F7BEF7BE
F7BEF7BE
F7BEF7BE
F7BEF7BE
F7BECFFF
073F075F
36FCF7BE
F7BEF7BE
F7BEF7BE
F7BEF7DE
F7BEF7BE
F7BEF7BE
F7BEF7BE
F7BEF7BE
F7BEF7BE
F7BEF7BE
F7BEF7BE
F7BEF7BE
F7BEF7BE
F7BEF7BE
F7BEF7BE
F7BEEFDE
EFBEE7BE
DFBECF9F
BF9FA79F
0F3E077F
075F075F
679FBF9F
D7BFE7BE
EFBEF7BE
F7BEF7BE
F7BEF7BE
F7BEF7BE
F7BEF7BE
F7BEF7BE
F7BEF7BE
F7BEF7BE
F7BEF7BE
F7BEF7BE
F7BEF7BE
F7BEF7BE
F7BEF7BE
F7BEF7BE
F7BEF7BE
F7BEF7BE
F7BEF7BE
F7BEF7BE
F7BEF7BE
F7BEF7BE
F7BEF7BE
EFBEE7BE
DF9FCF5E
AF9F1EBF
1EBF16BF
169F5F1F
B77FC77F
D79FE79F
EFBEEFBE
F7BFF7BE
F7BEF7BE
F7BEF7BE
F7BEF7BE
F7BEF7BE
F7BEF7BE
F7BEF7BE
F7BEF7BE
F7BEF7BE
F7BEFFBE
F7BF6F7F
073F171E
EFDFF7BE
F7BEF7BE
F7BEF7BE
F7BEF7BE
F7BEF7BE
F7BEF7BE
F7BEF7BE
F7BEF7BE
F7BEF7BE
F7BEF7BE
F7BEF7BE
F7DEF7BE
F7BEF7BE
F7BEF7BE
F7BEF7BE
F7BEEFBE
E7BEDF9E
CFBEBF9F
AF9E271D
077F077F
077F275E
B79ECF9E
DFBFEFBE
F7BFF7BE
F7BEF7BE
F7BEF7BE
F7BEF7BE
F7BEF7BE
F7BEF7BE
F7BEF7BE
F7BEF7BE
F7BEF7BE
F7BEF7BE
F7BEF7BE
F7BEF7BE
F7BEF7BE
F7BEF7BE
F7BEF7BE
F7BEF7BE
F7BEF7BE
F7BEF7BE
F7BEF7BE
F7BEF7BE
F7BEF7BE
F7BEEFBE
E7BED7BF
C77E9F7F
16BF16BF
16BE16DF
775FB77F
C77FD79F
E79FE7BF
EFBEF7BE
F7BFF7BF
F7BEF7BE
F7BEF7BE
F7BEF7BE
F7BEF7BE
F7BEF7BE
F7BEF7BE
F7BEF7BE
F7BEF7BE
F7BE1F1D
073FDFFF
F7BEF7BE
F7BEF7BE
F7BEF7BE
F7BEF7BE
F7BEF7BE
F7BEF7BE
F7BEF7BE
F7BEF7BE
F7BEF7BE
F7BEF7BE
F7BEF7BE
F7DEF7BE
F7BEF7BE
F7BEF7BE
F7BEEFDE
EFBEE7BF
DFBFCFBE
BF9FAF7F
3F7F075F
077F075F
0F5EAF9F
C79FDF9E
E79EEFBE
F7BEF7BE
F7BEF7BE
F7BEF7BE
F7BEF7BE
F7BEF7BE
F7BEF7BE
F7BEF7BE
F7BEF7BE
F7BEF7BE
F7BEF7BE
F7BEF7BE
F7BEF7BE
F7BEF7BE
F7BEF7BE
F7BEF7BE
F7BEF7BE
F7BEF7BE
F7BEF7BE
F7BEF7BE
F7BEF7BE
F7DEF7BE
F7BEF7BE
EFBEE79E
D77EBF7E
773F16DF
1EBF16DF
16DF7F3F
B75FC77E
D79EDF9E
E79EEFBE
F7BEF7BF
F7BEF7BE
F7BEF7BE
F7BEF7BE
F7BEF7BE
F7BEF7BE
F7BEF7BE
F7BEF7BE
F7BEF7BE
EFDF0F3F
A7DFF7DE
F7BEF7BE
F7BFF7BE
F7BEF7BE
F7BEF7BE
F7BEF7BE
F7BEF7BE
F7BEF7BE
F7BEF7BE
F7BEF7BE
F7BEF7BE
F7BEF7BE
F7BEF7BE
F7BEF7BE
F7BEF7BF
F7BFEFBE
E7BEDFBE
CFBEBF9E
A79F57BF
075F075F
077F079E
97DFCF7E
D79EE7BE
EFBEF7BE
F7BEF7BE
F7BEF7BE
F7BEF7BE
F7BEF7BE
F7BEF7BE
F7BEF7BE
F7BEF7BE
F7BEF7BE
F7BEF7BE
F7BEF7BE
F7BEF7BE
F7BEF7BE
F7BEF7BE
F7BEF7BE
F7BEF7BE
F7BEF7BE
F7BEF7BE
F7BEF7BE
F7BEF7BE
F7BEF7BE
F7DFF7BE
F7BEF7BE
F7BEEF9E
E79FCF7F
BF9E46DE
1EDF16DF
16DF16DF
675FB77F
C77FCF9F
DF9EE79E
EFBEF7BE
F7BEF7BE
F7BEF7BE
F7BEF7BE
F7BEF7BE
F7BEF7BE
F7BEF7BE
F7BEF7BE
F7BEFFBE
BFDF575D
F7DEF7DE
F7BEF7BE
F7BEF7BE
F7BEF7BE
F7BEF7BE
F7BEF7BE
F7BEF7BE
F7BEF7BE
F7BEF7BE
F7BEF7BE
F7BEF7BE
F7BEF7BE
F7BEF7BE
F7BEF7BE
F7BEEFBE
EFBEE7BF
DFBFD7BF
BF9FAF9F
579F075F
075F075F
077F87FF
C79FD79E
E79EEFBE
F7BEF7BE
F7BEF7BE
F7BEF7BE
F7BEF7BE
F7BEF7BE
F7BEF7BE
F7BEF7BE
F7BEF7BE
F7BEF7BE
F7BEF7BE
F7BEF7BE
F7BEF7BE
F7DEF7DE
F7BEF7BE
F7BEF7BE
F7BEF7BE
F7BEF7BE
F7BEF7BE
F7BEF7BE
F7BEF7BE
F7BEF7BE
F7BEFFBE
F7BEF7BE
F7BEEFBE
EF9EDF9E
CF7FBF7F
3E9D16DF
16DF16DF
0EDF46DE
AF7FBF7F
CF9EDF9E
E7BEEFBE
EFBEF7BF
F7BEF7BE
F7BEF7BE
F7BEF7BE
F7BEF7BE
F7BEF7BE
F7BEF7BE
F7BEF7BE
5EBBF7DF
FFBEFFBF
F7BEF7BE
F7BEF7BE
F7BEF7BE
F7BEF7BE
F7BEF7BE
F7BEF7BE
F7BEF7BE
F7BEF7BE
F7BEF7BE
F7BEF7BE
F7BEF7BE
F7BEF7BE
F7BEF7BE
EF9EE7BE
E7BFDFBF
CF9EBF9F
A79F3F7F
077F077F
077F077F
6FBFBF9E
D79EE79E
E7BEF7BE
F7BEF7BE
F7BEF7BE
F7BEF7BE
F7BEF7BE
F7BEF7BE
F7DEF7BE
F7BEF7BE
F7BEF7BE
F7BEF7BE
F7BEF7BE
F7BEF7BE
F7BEF7BE
F7BEF7BE
F7BEF7BE
F7BEF7BE
F7BEF7BE
F7BEF7BE
F7BEF7BE
F7BEF7BE
F7BEF7BE
F7BEF7BE
F7BEF7BE
F7BEF7BE
F7BEF7BE
EFBEE79E
DF9FCF9F
BF9F36FD
16DF0EDF
16DF0EDF
26FEAF7F
BF7FC79E
D79EE79F
E7BEEFBE
F7BEF7BE
F7BEF7BE
F7BEF7BE
F7BEF7BE
F7BEF7BE
F7BFF7BE
F7BEF7BE
EFDFF7BE
F7BEF7BE
F7BEF7BE
F7BEF7BE
F7BEF7BE
F7BEF7BE
F7BEF7BE
F7BEF7BE
F7BEF7BE
F7BEF7BE
F7BEF7BE
F7BEF7BE
F7BEF7BE
F7BEF7BE
EFBEEFBE
E79EDF9E
CFBEC79E
B77FA79F
2F7E077F
077F077F
077F5F9F
BF9ECF9E
DFBEE7BE
EFBEF7BE
F7BEF7BE
F7BEF7BE
F7BEF7BE
F7BEF7BE
F7BEF7BE
F7BEF7BE
F7BEF7BE
F7BEF7BE
F7BEF7BE
F7BEF7BE
F7BEF7BE
F7BEF7BE
F7BEF7BE
F7BEF7BE
F7BEF7BE
F7BEF7BE
F7BEF7BE
F7BEF7BE
F7BEF7BE
F7BEF7BE
F7BEF7BE
F7BEF7BE
F7BEF7BE
F7BEF7BE
F7BEEFBE
E79EDFBE
CF9FBF7F
36DD0EFF
16FF0EFF
0EFF16DE
8F5FB75F
C79ED79F
DF9FE7BF
E7BFEFBF
F7BEF7BF
F7BFF7BE
F7BEF7BE
F7BEF7BE
F7BEF7BE
F7BEFFBF
F7DEF7BE
F7BEF7BE
F7BEF7BE
F7BEF7BE
F7BEF7BE
F7BEF7BE
F7BEF7BE
F7BEF7BE
F7BEF7BE
F7BEF7BE
F7BEF7BE
F7BEF7BE
F7BEF7BE
EFBEEFBF
E7BFE79F
D7BFCF9F
C79FB77F
979F175E
0F7F079F
077F077F
5F9FC79F
CFBEDFBE
EFBEEFBE
F7DEF7BE
F7BEF7BE
F7BEF7BE
F7BEF7BE
F7BEF7BE
F7BEF7BE
F7BEF7BE
F7BEF7BE
F7BEF7BE
F7BEF7BE
F7BEF7BE
F7BEF7BE
F7BEF7BE
F7BEF7BE
F7BEF7BE
F7BEF7BE
F7BEF7BE
F7BEF7BE
F7BEF7BE
F7BEF7BE
F7BEF7BE
F7BEF7BE
F7BEF7BE
F7BEF7BE
F7BEF7BE
F7BEF7BE
F7BFEF9E
DF9FCF9F
BF9F4EFE
16FF0F1F
0EFF0EFF
0EFF571E
AF7FC77F
C79EDF9E
DFBEE7BE
EFBEEFBE
F7BEF7BE
F7BEF7BE
F7BEF7BE
F7BEF7BE
F7BEF7BE
F7BEF7BE
F7BEF7BE
F7BEF7BE
F7BEF7BE
F7BEF7BE
F7BEF7BE
F7BEF7BE
F7BEF7BE
F7BEF7BE
F7BEF7BE
F7BEF7BE
F7BEF7BF
F7BFEFBE
EFBEE7BE
DF9ED79E
CF9FBF9F
AF7F679F
0F5F077F
077F077F
077F6FDF
BF9FD79E
DF9EEFBE
EFBEF7BE
F7BEF7BE
F7BEF7BF
F7BEF7BE
F7BEF7BE
F7BEF7BE
F7BEF7BE
F7BEF7BE
F7BEF7BE
F7BEF7BE
F7BEF7BE
F7BEF7BE
F7BEF7BE
F7BEF7BE
F7BEF7BE
F7BEF7BE
F7BEF7BE
F7BEF7BE
F7BEF7BE
F7BEF7BE
F7BEF7BE
F7BEF7BE
F7BEF7BE
F7BEF7BE
F7BEF7BE
F7BEF7BE
F7BEF7BE
F7BFEFBE
E7BFDF9E
D79FBF9E
675F16FF
0EFF0EFF
0EFF0EFF
1EDE977F
B79EC77F
CF9FD79F
DF9FE7BE
EFBEEF9E
EFBEF7BE
F7BEF7BE
F7BEF7BE
F7BEF7BE
F7BEF7BE
F7BEF7BE
F7BEF7BE
F7BEF7BE
F7BEF7BE
F7BEF7BE
F7BEF7BE
F7BEF7BE
F7BEF7BE
F7BEF7BE
F7BEF7BE
F7BEEFBE
E7BFE7BE
DFBED7BE
CF9EC79E
AF9FA79F
375E075F
077F077F
079F077F
8FFFBF9E
CFBEDFBE
EFBEEFBE
F7BEF7BE
F7BEF7BE
F7BEF7BE
F7BEF7BE
F7DEF7BE
F7BEF7BE
F7BEF7BE
F7BEF7BE
F7BEF7BE
F7BEF7BE
F7BEF7BE
F7BEF7BE
F7BEF7BE
F7BEF7BE
F7BEF7BE
F7BEF7BE
F7BEF7BE
F7BEF7BE
F7BEF7BE
F7BEF7BE
F7BEF7BE
F7BEF7BE
F7BEF7BE
F7BEF7BE
F7BEF7BE
F7BEF7BE
F7BEF7BE
F7BEF7BF
EFBEEF9E
DF9ECF9E
BFBF8FBF
16FF0F1F
0F1F0F1F
071F071F
36DDA77F
BF7FC77E
CF9FD79F
DFBEE79E
E7BEEFBE
EFBEEFBE
F7BEF7BE
F7BEF7BE
F7BEF7BE
F7BEF7BE
F7BEF7BE
F7BEF7BE
F7BEF7BE
F7BEF7BE
F7BEF7BE
F7BEF7BE
F7DFF7BE
F7BEEFBE
EFBEEFBE
E7BEE7BF
DF9ED79E
CF9FC79F
B79FA79E
77BF0F5F
077F077F
077F077F
177E9FBF
C7BFD79E
DF9FEFBE
EFBFF7BE
F7BEF7BE
F7BEF7BE
F7BEF7DE
F7BEF7BE
F7BEF7BE
F7BEF7BE
F7BEF7BE
F7BEF7BE
F7BEF7BE
F7BEF7BE
F7BEF7BE
F7BEF7BE
F7BEF7BE
F7BEF7BE
F7BEF7BE
F7BEF7BE
F7BEF7BE
F7BEF7BE
F7BEF7BE
F7BEF7BE
F7BEF7BE
F7BEF7BE
F7BEF7BE
F7BEF7BE
F7BEF7BE
F7BEF7BE
F7BEF7BE
F7BEF7BE
F7BEEFBE
EF9EDF9E
D79FC79E
A79F26FE
0F3F0F1F
071F071F
0F1F0F1F
4F1EA79F
BF7FC79E
CF9FD79E
DFBEE7BF
E7BEE7BE
EFBEEFBE
EFBEF7BF
F7BEEFBE
F7BEF7BE
F7BEF7BE
F7BEF7BE
F7BEF7BE
F7BEF7BF
F7BFF7BF
F7BEEFBE
EFBEEFBE
EFBEE7BE
E7BEDF9F
DF9ED79F
CFBEC79E
BF9FA79F
77BF1F7F
077F077F
077F077F
077F3F5E
AF9FC79E
D7BEE7BE
EFBEEFBF
F7BFF7BE
F7BEF7BE
F7BEF7BE
F7BEF7BE
F7BEF7BE
F7BEF7BE
F7BEF7BE
F7BEF7BE
F7BEF7BE
F7BEF7BE
F7BEF7BE
F7BEF7BE
F7BEF7BE
F7BEF7BE
F7BEF7BE
F7BEF7BE
F7BEF7BE
F7BEF7BE
F7BEF7BE
F7BEF7BE
F7BEF7BE
F7BEF7BE
F7BEF7BE
F7BEF7BE
F7BEF7BE
F7BEF7BE
F7BEF7BE
F7BEF7BE
F7BEF7BE
F7BEF7BE
EFBEEFBE
E7BEDF9F
CF7FB77E
5F5F0EFF
0F1F0F1F
071F073F
073F0F1F
4F1F9F9F
B77EBF9E
C79FCF9F
D79FDF9E
DF9EDF9E
E7BFE7BE
EFBEEFBE
EFBEEFBE
EFBEEFBE
EFBEEFBE
EFBEEFBE
EFBEEFBE
EFBEEFBE
E7BEE7BE
E7BEE79F
DF9FDF9E
D79FCF9F
CF9FBF9F
B77EA79F
77BF175E
077F077F
077F077F
077F075E
7FFFB7BE
CFBED7BE
E79EEFBE
EFDEF7BE
F7BEF7BE
F7BEF7BE
F7BEF7BE
F7BEF7BF
F7BEF7BE
F7BEF7BE
F7BEF7BE
F7BEF7BE
F7BEF7BE
F7BEF7BE
F7BEF7BE
F7BEF7BE
F7BEF7BE
F7BEF7BE
F7BEF7BE
F7BEF7BE
F7BEF7BE
F7BEF7BE
F7BEF7BE
F7BEF7BE
F7BEF7BE
F7BEF7BE
F7BEF7BE
F7BEF7BE
F7BEF7BE
F7BEF7BE
F7BEF7BE
F7BEF7BE
F7BEF7BE
F7BEF7BE
F7BEEFBE
EFBEE79E
DF9ECF9E
C79FAFBF
1EFE0F1F
0F1F073F
073F073F
073F0F1F
271E7F9F
AF9FB79F
BF7FC77F
CF9FD79F
D7BFDFBF
DFBFDF9E
DF9EE79E
E7BFE79F
E79EE79E
E79EE79E
E79FE7BF
E79FDF9F
DFBED79E
D7BED79F
CFBFC79F
C79FB79F
AF9F9FBF
4F7F0F7F
077F077F
077F077F
077F077F
2F5DAFBF
C79FD79E
DF9EE7BE
EFBEF7BE
F7BEF7BF
F7BEF7BE
F7BFF7BE
F7BEF7BE
F7BEF7BE
F7BEF7BE
F7BEF7BE
F7BEF7BE
F7BEF7BE
F7BEF7BE
F7BEF7BE
F7BEF7BE
F7BEF7BE
F7BEF7BE
F7BEF7BE
F7BEF7BE
F7BEF7BE
F7BEF7BE
F7BEF7BE
F7BEF7BE
F7BEF7BE
F7BEF7BE
F7BEF7BE
F7BEF7BE
F7BEF7BE
F7BEF7BE
F7BEF7BE
F7BEF7BE
F7BEF7BE
F7BEF7BE
F7BEF7BE
F7BEF7BE
F7BEEF9E
EFBEE79E
D79ECF7F
BF9E7F9F
0F3E073F
075F073F
075F0F3F
075F075F
0F3F271E
77BFA79F
B77FBF9F
BF9FC79F
C79FCF9F
CF9FD79E
D79ED79E
D7BED7BE
D79ED79E
D79ED79F
D79FCF9E
CF9EC79E
C77FB79F
B79FAF9F
97DF5F7F
1F5E075F
077F077F
077F077F
077F077F
175E87DF
BF9EC7BE
D7BEDFBE
E7BEEFBE
F7BEF7BE
F7BEF7BE
F7BEF7BE
F7BEF7BE
F7BEF7BE
F7BEF7BE
F7BEF7BE
F7BEF7BE
F7BEF7BE
F7BEF7BE
F7BEF7BE
F7BEF7BE
F7BEF7BE
F7BEF7BE
F7BEF7BE
F7BEF7BE
F7BEF7BE
F7BEF7BE
F7BEF7BE
F7BEF7BE
F7BEF7BE
F7BEF7BE
F7BEF7BE
F7BEF7BE
F7BEF7BE
F7BEF7BE
F7BEF7BE
F7BEF7BE
F7BEF7BE
F7BEF7BE
F7BEF7BE
F7BEF7BE
F7BEF7BE
F7BEF7BE
F7BEEFBE
E7BEDFBE
D79EC77E
BF7F677F
171F073F
075F075F
073F075F
073F075F
073F075F
0F3F373E
6F7F97BF
A7BFAF9F
B79FB79F
B79FB79F
BF9FBF9F
BF9FBF9F
BF9FBF9F
B79FB79F
AF9FA79F
979F6F9F
375E173F
077F077F
075F077F
077F077F
079F077F
0F5E7FBF
BF9FCF9E
D79FDFBE
E7BEEFBE
F7BEF7BE
F7BEF7BE
F7BEF7BE
F7BEF7BE
F7BEF7BE
F7BEF7BE
F7BEF7BE
F7BEF7BE
F7BEF7BE
F7BEF7BE
F7BEF7BE
F7BEF7BE
F7BEF7BE
F7BEF7BE
F7BEF7BF
F7BEF7BE
F7BEF7BE
F7BEF7BE
F7BEF7BE
F7BEF7BE
F7BEF7BE
F7BEF7BE
F7BEF7BE
FFDFFFDF
FFDFF7BE
F7BEF7BE
F7BEF7BE
F7BEF7BE
F7BEF7BE
F7BEF7BE
F7BEF7BE
F7BEF7BE
F7BEF7BE
F7BEF7BE
F7BEF7BE
F7BEF7BE
EFBEEFBF
E79FDF9E
CF9EC77F
B7BF779F
173F073F
075F075F
073F075F
075F075F
075F075F
073F075F
075F073E
173E1F3E
373F475F
475F4F5F
4F5F477F
3F5F373E
273E175E
0F5F075F
075F077F
077F077F
077F077F
077F077F
079F077F
173E77BF
B79EC79F
CF9ED7BE
DFBFEFBE
EFBEF7BE
F7BEF7BE
F7BEF7BE
F7BEF7BE
F7BEF7BE
F7BEF7BE
F7BEF7BE
F7BEF7BE
F7BEF7BE
F7BEF7BE
F7BEF7BE
F7BEF7BE
F7BEF7BE
F7BEF7BE
F7BEF7BE
F7BEF7BE
F7BEF7BE
F7BEF7BE
F7BEF7BE
F7BEF7BE
F7BEF7BE
F7BEF7BE
F7BEF7BE
F7BEF7BE
FFDFFFDF
FFDFF7BE
F7BEF7BE
F7BEF7BE
F7BEF7BE
F7BEF7BE
F7BEF7BE
F7BEF7BE
F7BEF7BE
F7BEF7BE
F7BEF7BE
F7BEF7BE
F7BEF7BE
F7BEF7BE
EFBEE7BE
DFBEDFBF
CF9EC79F
BFBF9FDF
375E0F5F
075F073F
075F075F
075F075F
075F075F
075F073F
075F075F
077F075F
077F077F
077F077F
077F077F
077F077F
075F075F
075F077F
077F077F
077F077F
077F0F7F
3F5E9FBF
B79EC79F
CF9ED7BE
E7BFE7BE
EFBEF7BE
F7BEF7BE
F7BEF7BE
F7BEF7BE
F7BEF7BE
F7BEF7BE
F7BEF7BE
F7BEF7BE
F7BEF7BE
F7BEF7BE
F7BEF7BE
F7BEF7BE
F7BEF7BE
F7BEF7BE
F7BEF7BE
F7BEF7BE
F7BEF7BE
F7BEF7BE
F7BEF7BE
F7BEF7BE
F7BEF7BE
F7BEF7BE
F7BEF7BE
F7BEF7BE
F7BEF7BE
F7BEF7BE
F7BEF7BE
F7BEF7BE
F7BEF7BE
F7BEF7BE
F7BEF7BE
F7BEF7BE
F7BEF7BE
F7BEF7BE
F7BEF7BE
F7BEF7BE
F7BEF7BE
F7BEF7BE
F7BEF7BE
F7BEEFBE
EFBEE7BE
E7BEDF9E
D79FC79E
C79EB79F
879F373E
0F3E0F5F
075F075F
075F075F
075F075F
077F077F
075F075F
075F075F
077F077F
077F075F
075F075F
077F077F
077F077F
079F077F
0F5F375E
87BFB7BF
BF9ECF9E
D79EDF9E
E79EE7BE
EFBEF7BE
F7BEF7BE
F7BEF7BE
F7BEF7BE
F7BEF7BE
F7BEF7BE
F7BEF7BE
F7BEF7BE
F7BEF7BE
F7BEF7BE
F7BEF7BE
F7BEF7BE
F7BEF7BE
F7BEF7BE
F7BEF7BE
F7BEF7BE
F7BEF7BE
F7BEF7BE
F7BEF7BE
F7BEF7BE
F7BEF7BE
F7BEF7BE
F7BEF7BE
F7BEF7BE
F7BEF7BE
F7BEF7BE
F7BEF7BE
F7BEF7BE
F7BEF7BE
F7BEF7BE
F7BEF7BE
F7BEF7BE
F7BEF7BE
F7BEF7BE
F7BEF7BE
F7BEF7BE
F7BEF7BE
F7BEF7BE
F7BEF7BE
F7BEF7BE
F7BEF7BE
F7BEEFBE
EFBEE7BF
E7BFDFBE
D79ECF9F
C7BFBFBF
B79FA7BF
7F9F477F
1F3E0F3F
0F5F075F
075F075F
075F075F
075F077F
077F077F
077F077F
077F075F
077F077F
0F3E375E
7FBFA7BF
B79FBF9E
C79FD79F
D7BEDF9E
E7BEE7BE
EFBFEFBE
F7BEF7BE
F7BEF7BE
F7BEF7BE
F7BEF7BE
F7BEF7BE
F7BEF7BE
F7BEF7BE
F7BEF7BE
F7BEF7BE
F7BEF7BE
F7BEF7BE
F7BEF7BE
F7BEF7BE
F7BEF7BE
F7BEF7BE
F7BEF7BE
F7BEF7BE
F7BEF7BE
F7BEF7BE
F7BEF7BE
F7BEF7BE
F7BEF7BE
F7BEF7BE
F7BEF7BE
F7BEF7BE
F7BEF7BE
F7BEF7BE
F7BEF7BE
F7BEF7BE
F7BEF7BE
F7BEF7BE
F7BEF7BE
F7BEF7BE
F7BEF7BE
F7BEF7BE
F7BEF7BE
F7BEF7BE
F7BEF7BE
F7BEF7BE
F7BEF7BF
F7BEF7BE
F7BEF7BE
F7BEF7BE
F7BEEFBE
EFBEE79E
E79FDF9E
D79FCF9F
C79FBF9E
BF7FB77E
AF9FA79F
9FBF8FBF
77DF6FBF
5F9F5F9F
5F9F679F
679F6FBF
7FDF9FDF
AFDFB79F
BF9FBF9F
C79FCF9E
CF9ED79E
D7BEE79E
E7BEEFBE
EFBEEFBE
F7BEF7BE
F7BEF7BE
F7BEF7BE
F7BEF7BE
F7BEF7BE
F7BEF7BE
F7BEF7BE
F7BEF7BE
F7BEF7BE
F7BEF7BE
F7BEF7BE
F7BEF7BE
F7BEF7BE
F7BEF7BE
F7BEF7BE
F7BEF7BE
F7BEF7BE
F7BEF7BE
F7BEF7BE
F7BEF7BE
F7BEF7BE
F7BEF7BE
F7BEF7BE
F7BEF7BE
F7BEF7BE
F7BEF7BE
F7BEF7BE
F7BEF7BE
F7BEF7BE
F7BEF7BE
F7BEF7BE
F7BEF7BE
F7BEF7BE
F7BEF7BE
F7BEF7BE
F7BEF7BE
F7BEF7BE
F7BEF7BE
F7BEF7BE
F7BEF7BE
F7BEF7BE
F7BEF7BE
F7BEF7BE
F7BEF7BE
F7BEF7BE
F7BEEFBE
EFBEE7BE
E7BFDFBF
DFBFDFBF
D7BFCF9E
CF9EC79E
C79EC79E
C79EBF9E
BF9FBF9F
BF9FBF9F
BF9FC79F
C79FC79F
CF9ECF9E
D79ED7BF
DFBEDFBE
E79EE7BE
EFBEEF9E
EFBEF7BF
F7BEF7BE
F7BEF7BE
F7BEF7BE
F7BEF7BE
F7BEF7BE
F7BEF7BE
F7BEF7BE
F7BEF7BE
F7BEF7BE
F7BEF7BE
F7BEF7BE
F7BEF7BE
F7BEF7BE
F7BEF7BE
F7BEF7BE
F7BEF7BE
F7BEF7BE
F7BEF7BE
F7BEF7BE
F7BEF7BE
F7BEF7BE
F7BEF7BE
F7BEF7BE
F7BFF7BE
F7BEF7BE
F7BEF7BE
F7BEF7BE
F7BEF7BE
F7BEF7BE
F7BEF7BE
F7BEF7BE
F7BEF7BE
F7BEF7BE
F7BEF7BE
F7BEF7BE
F7BEF7BE
F7BEF7BE
F7BEF7BE
F7BEF7BE
F7BEF7BE
F7BEF7BE
F7BEF7BE
F7BEF7BE
F7BEF7BE
F7BEF7BE
F7BEF7BE
F7BEF7BE
F7BEEFBE
EFBEEFBE
E7BEE7BE
E7BEE7BE
DFBEDF9E
DF9FDF9F
D79FD79E
DFBFD7BF
D7BFD7BF
D79EDF9E
DF9EDF9E
DFBEE7BE
E7BEE7BE
EFBEEFBE
EFBEF7BE
F7BEF7BE
F7BEF7BE
F7BEF7BE
F7BEF7BE
F7BEF7BE
F7BEF7BE
F7BEF7BE
F7BEF7BE
F7BEF7BE
F7BEF7BE
F7BEF7BE
F7BEF7BE
F7BEF7BE
F7BEF7BE
F7BEF7BE
F7BEF7BE
F7BEF7BE
F7BEF7BE
F7BEF7BE
F7BEF7BE
F7BEF7BE
F7BEF7BE
F7BEF7BE
F7BEF7BE
F7BEF7BE
F7BEF7BE
F7BEF7BE
F7BEF7BE
F7BEF7BE
F7BEF7BE
F7BEF7BE
F7BEF7BE
F7BEF7BE
F7BEF7BE
F7BEF7BE
F7BEF7BE
F7BEF7BE
F7BEF7BE
F7BEF7BE
F7BEF7BE
F7BEF7BE
F7BEF7BE
F7BEF7BE
F7BEF7BF
F7BEF7BE
F7BEF7BE
F7BEF7BE
F7BEF7BE
F7BEF7BE
F7BEF7BE
F7BEF7BE
F7BEEFBE
EFBEEFBE
EFBEEFBE
EFBEEFBE
EFBEE7BE
E7BEE7BE
E7BEEFBE
E79EEFBE
EFBEEFBE
EFBEEFBE
EFBEEFBE
F7BEF7BF
F7BEF7BE
F7BEF7BE
F7BEF7BE
F7BEF7BE
F7BEF7BE
F7BEF7BE
F7BEF7BE
F7BEF7BE
F7BEF7BE
F7BFF7BE
F7BEF7BE
F7BEF7BE
F7BEF7BE
F7BEF7BE
F7BEF7BE
F7BEF7BE
F7BEF7BE
F7BEF7BE
F7BFF7BE
F7BEF7BE
F7DEF7BE
F7BEF7BE
F7BEF7BE
F7BEF7BE
F7BEF7BE
F7BEF7BE
F7BEF7BE
F7BEF7BE
F7BEF7BE
F7BEF7BE
F7BEF7BE
F7BEF7BE
F7BEF7BE
F7BEF7BE
F7BEF7BE
F7BEF7BE
F7BEF7BE
F7BEF7BE
F7BEF7BE
F7BEF7BE
F7BEF7BE
F7BEF7BE
F7BEF7BE
F7BEF7BE
F7BEF7BE
F7BEF7BE
F7BEF7BE
F7BEF7BE
F7BEF7BE
F7BEF7BE
F7BEF7BE
F7BEF7BE
F7BEF7BE
F7BEF7BF
F7BEF7BE
F7BEEFBE
EFBEEFBE
EFBEEFBE
F7BEEFBE
EFBEF7BE
F7BEF7BE
F7BEF7BE
F7BEF7BE
F7BEF7BE
F7BEF7BE
F7BEF7BE
F7BEF7BE
F7BEF7BE
F7BEF7BE
F7BEF7BE
F7BEF7BE
F7BEF7DE
F7BEF7BE
F7BEF7BE
F7BEF7BE
F7BEF7BE
F7BEF7BE
F7BEF7BE
F7BEF7BE
F7BEF7BE
F7BEF7BE
F7BEF7BE
F7BEF7BE
F7BEF7BE
F7DEF7BE
F7BEF7BE
F7BEF7BE
F7BEF7BE
F7BEF7BE
F7BEF7BE
F7BEF7BE
F7BEF7BE
F7BEF7BE
F7BEF7BE
F7BEF7BE
F7BEF7BE
F7BEF7BE
F7BEF7BE
F7BEF7BE
F7BEF7BE
F7BEF7BE
F7BEF7BE
F7BEF7BE
F7BEF7BE
F7BEF7BE
F7BEF7BE
F7BEF7BE
F7BEF7BE
F7BEF7BE
F7BEF7BF
F7BEF7BE
F7BEF7BE
F7BEF7BE
F7BEF7BE
F7BEF7BE
F7BEF7BE
F7BEF7BE
F7BEF7BE
F7BEF7BE
F7BEF7BE
F7BEF7BE
F7BEF7BE
F7BEF7BE
F7BEF7BF
F7BFF7BF
F7BEF7BE
F7BEF7BE
F7BEF7BE
F7BEF7BE
F7BEF7BE
F7BEF7BE
F7BEF7BE
F7BEF7BF
F7BEF7BE
F7BEF7BE
F7BFF7BE
F7BEF7BE
F7BEF7BE
F7BEF7BE
F7BEF7BE
F7BEF7BE
F7BEF7BE
F7BEF7BE
F7BEF7BE
F7BEF7BE
F7BEF7BE
F7BEF7BE
F7BEF7BE
F7BEF7BE
F7BEF7BE
F7BEF7BE
F7BEF7BE
F7BEF7BE
F7BEF7BE
F7BEF7BE
F7BEF7BE
F7BEF7BE
F7BEF7BE
F7BEF7BE
F7BEF7BE
F7BEF7BE
F7BEF7BE
F7BEF7BE
F7BEF7BE
F7BEF7BE
F7BEF7BE
F7BEF7BE
F7BEF7BE
F7BEF7BE
F7BEF7BE
F7BEF7BE
F7BEF7BE
F7BEF7BE
F7BEF7BE
F7BEF7BE
F7BEF7BE
F7BEF7BE
F7BEF7BE
F7BEF7BE
F7BEF7BE
F7BEF7BE
F7BEF7BE
F7BEF7BE
F7BEF7BE
F7BEF7BE
F7BEF7BE
F7BEF7BE
F7BEF7BE
F7BEF7BE
F7BEF7BE
F7BEF7BE
F7BEF7BE
F7BEF7BE
F7BEF7BE
F7BEF7BE
F7BEF7BE
F7BEF7BE
F7BEF7BE
F7BEF7BE
F7BEF7BE
F7BEF7BE
F7BEF7BE
F7BEF7BE
F7BEF7BE
F7BEF7BE
F7BEF7BE
F7BEF7BE
F7BEF7BE
F7BEF7BE
F7BEF7BE
F7BEF7BE
F7BEF7BE
F7BEF7BE
F7BEF7BE
F7BEF7BE
F7BEF7BE
F7BEF7BE
F7BEF7BE
F7BEF7BE
F7BEF7BE
F7BEF7BE
F7BEF7BE
F7BEF7BE
F7BEF7BE
F7BEF7BE
F7BEF7BE
F7BEF7BE
F7BEF7BE
F7BEF7BE
F7BEF7BE
F7BEF7BE
F7BEF7BE
F7BEF7BE
F7BEF7BE
F7BEF7BE
F7BEF7BE
F7BEF7BE
F7BEF7BE
F7BEF7BE
F7BEF7BE
F7BEF7BE
F7BEF7BE
F7BEF7BE
F7BEF7BE
F7BEF7BE
F7BEF7BE
F7BEF7BE
F7BEF7BE
F7BEF7BE
F7BEF7BE
F7BEF7BE
FFDEF7BE
F7BEF7BE
F7BEF7BE
F7BEF7BE
F7BEF7BE
F7BEF7BE
F7BEF7BE
F7BEF7BE
F7BEF7BE
F7BEF7BE
F7BEF7BE
F7BEF7BE
F7BEF7BE
F7BEF7BE
F7BEF7BE
F7BEF7BE
F7BEF7BE
F7BEF7BE
F7BEF7BE
F7BEF7BE
F7BEF7BE
F7BEF7BE
F7BEF7BE
F7BEF7BE
F7BEF7BE
F7BEF7BE
F7BEF7BE
F7BEF7BE
F7BEF7BE
F7BEF7BE
F7BEF7BE
F7BEF7BE
F7BEF7BE
F7BEF7BE
F7BEF7BE
F7BEF7BE
F7BEF7BE
F7BEF7BE
F7BEF7BE
F7BEF7BE
F7BEF7BE
F7BEF7BE
F7BEF7BE
F7BEF7BE
F7BEF7BE
F7BEF7BE
F7BEF7BE
F7BEF7BE
F7BEF7BE
F7BEFFDF
F7BEF7BE
F7BEF7BE
F7BEF7BE
F7BEF7BE
F7BEF7BE
F7BEF7BE
F7BEF7BE
F7BEF7BE
8C71F7BE
F7BEF7BE
F7BEF7BE
F7BEF7BE
F7BEF7BE
F7BEF7BE
AD75BDD7
F7BEF7BE
F7BEF7BE
F7BEF7BE
F7BEF7BE
F7BEF7BE
FFDF528A
F7BEF7BE
F7BEF7BE
F7BEF7BE
F7BEF7BE
F7BEF7BE
F7BEF7BE
F7BEF7BE
F7BEF7BE
F7BEF7BE
F7BEF7BE
F7BEF7BE
F7BEF7BE
F7BEF7BE
F7BEF7BE
F7BEF7BE
F7BEF7BE
F7BEF7BE
F7DEF7BE
F7BEF7BE
F7BEF7BE
F7BEF7BE
F7BEF7BE
F7BEF7BE
F7BEF7BE
F7BEF7BE
F7BEF7BE
F7BEF7BE
F7BEF7BE
F7BEF7BE
F7BEF7BE
F7BEF7BE
F7BEF7BE
F7BEF7BE
F7BEF7BE
F7BEF7BE
F7BEF7BE
F7BEF7BE
F7BEF7BE
F7BEF7BE
F7BEF7BE
F7BEF7BE
F7BEF7BE
F7BEF7BE
210418E3
18E318C3
18C318E3
210418E3
18E318E3
F7BEF7BE
F7BEF7BE
F7BECE79
6B4DF7BE
F7BEF7BE
F7BEF7BE
F7BEF7BE
F7BEF7BE
F7BEF7BE
F7BE18E3
F79EF79E
F7BEF79E
F7BEF7BE
F7BEF7BE
F7BEF7BE
FFDF2104
F7BEF7BE
F7BEF7BE
F7BEF7BE
F7BEF7BE
F7BEF7BE
F7BEF7BE
F7BEF7BE
F7BEF7BE
F7BEF7BE
F7BEF7BE
F7BEF7BE
F7BEF7BE
F7BEF7BE
F7BEF7BE
F7BEF7BE
F7BEF7BE
F7BEF7BE
F7BEF7BE
F7BEF7BE
F7BEF7BE
F7BEF7BE
F7BEF7BE
F7BEF7BE
F7BEF7BE
F7BEF7BE
F7BEF7BE
F7BEF7BE
F7BEF7BE
F7BEF7BE
F7BEF7BE
F7BEF7BE
F7BEF7BE
F7BEF7BE
F7BEF7BE
F7BEF7BE
F7BEF7BE
F7BEF7BE
F7BEF7BE
F7BEF7BE
F7BEF7BE
F7BEF7BE
F7BEF7BE
F7BEF7BE
F79EF7BE
F7BEF7BE
F79E18C3
F7BEF7BE
F7BEF7BE
F7BEF7BE
18C318C3
10A218C3
10A218C3
10A218C3
18E318C3
9CD3F7BE
10A218C3
18C318C3
18C318E3
18E318E3
18E318E3
630CF7BE
F7BE18C3
10A218C3
10A218E3
10A218C3
18C310A2
F7BEF7BE
F7BEF7BE
F7BEF7BE
F7BEF7BE
F7BEF7BE
F7BEF7BE
F7BEF7BE
F7BEF7BE
F7BEF7BE
F7BEF7BE
F7BEF7BE
F7BEF7BE
F7BEF7BE
F7BEF7BE
F7BEF7BE
F7BEF7BE
F7BEF7BE
F7BEF7BE
F7BEF7BE
F7BEF7BE
F7BEF7BE
F7BEF7BE
F7BEF7BE
F7BEF7BE
F7BEF7BE
F7BEF7BE
F7BEF7BE
F7BEF7BE
F7BEF7BE
F7BEF7BE
F7BEF7BE
F7BEF7BE
F7BEF7BE
F7BEF7BE
F7BEF7BE
F7BEF7BE
F7DEF7BE
F7BEF7BE
F7BEF7BE
F7BEF7BE
F7BEF7BE
F7BEF7BE
F7BEF7BE
F79E18E3
F7BEF7BE
F7BEF7BE
F7BEF7BE
F7BEF7BE
D69A4208
F79EF7BE
EF7DF7BE
F7BEF7BE
F7BEF7BE
F7BEF7BE
F7BE18E3
DEFBF7BE
E73CA514
F79EF79E
F7BEF7BE
F79E18C3
F79EF79E
F7BE2124
F79EF7BE
F7BE10A2
F7BEF7BE
F7BEF7BE
F7BEF7BE
F7BEF7BE
F7BEF7BE
F7BEF7BE
F7BEF7BE
F7BEF7BE
F7BEF7BE
F7BEF7BE
F7BEF7BE
F7BEF7BE
F7BEF7BE
F7BEF7BE
F7BEF7BE
F7BEF7BE
F7BEF7BE
F7BEF7BE
F7BEF7BE
F7BEF7BE
F7BEF7BE
F7BEF7BE
F7BEF7BE
F7BEF7BE
F7BEF7BE
F7BEF7BE
F7BEF7BE
F7BEF7BE
F7BEF7BE
F7BEF7BE
F7BEF7BE
F7BEF7BE
F7BEF7BE
F7BEF7BE
F7BEF7BE
F7BEF7BE
F7DEF7BE
F7BEF7BE
F7BEF7BE
F7BEF7BE
F7BEF7BE
F7BE630C
DEFBF7BE
F79E18E3
FFDFF7BE
F7BEFFDE
F7BEF7BE
F7BEF7BE
18C3F7BE
F7BEF7BE
4A8AF79E
F7BEF7BE
F7BEF7BE
F7BEF7BE
2965A514
F7BEF7BE
F7BE4A69
4A69F79E
F7BEF7BE
F79E18C3
F7BEF79E
FFDF2124
F7BEF79E
F7BE18C3
F7BEF7BE
F7BEF7BE
F7BEF7BE
F7BEF7BE
F7BEF7BE
F7BEF7BE
F7BEF7BE
F7BEF7BE
F7BEF7BE
F7BEF7BE
F7BEF7BE
F7BEF7BE
F7BEF7BE
F7BEF7BE
F7BEF7BE
F7BEF7BE
F7BEF7BE
F7BEF7BE
F7BEF7BE
F7BEF7BE
F7BEF7BE
F7BEF7BE
F7BEF7BE
F7BEF7BE
F7BEF7BE
F7BEF7BE
F7BEF7BE
F7BEF7BE
F7BEF7BE
F7BEF7BE
F7BEF7BE
F7BEF7BE
F7BEF7BE
F7BEF7BE
F7BEF7BE
F7BEF7BE
F7BEF7BE
F7BEF7BE
F7BEF7BE
F7BEF7BE
F7BEF7BE
F7BE738E
DEFBF7BE
F79E18E3
18C318C3
10A24A49
F7BEF7BE
F7BE2945
BDD7F7BE
F79EF7BE
4A69F7BE
F7BEF7BE
F7BEF7BE
F7BE2965
212439C7
18E318C3
18C318C3
18C35ACB
F7BEF7BE
F7BE18E3
73AE73AE
7BCF2124
7BEF7BEF
7BEF18C3
F7BEF7BE
F7BEF7BE
F7BEF7BE
F7BEF7BE
F7BEF7BE
F7BEF7BE
F7BEF7BE
F7BEF7BE
F7BEF7BE
F7BEF7BE
F7BEF7BE
F7BEF7BE
F7BEF7BE
F7BEF7BE
F7BEF7BE
F7BEF7BE
F7BEF7BE
F7BEF7BE
F7BEF7BE
F7BEF7BE
F7BEF7BE
F7BEF7BE
F7BEF7BE
F7BEF7BE
F7BEF7BE
F7BEF7BE
F7BEF7BE
F7BEF7BE
F7BEF7BE
F7BEF7BE
F7BEF7BE
F7BEF7BE
F7BEF7BE
F7BEF7BE
F7BEF7BE
F7BEF7BE
F7BEF7BE
F7BEF7BE
F7BEF7BE
F7BEF7BF
F7BFF7BE
F7BE7BCF
DEFBF7BE
F79E18E3
F79EF7BE
F7BEFFDF
F7BEF79E
21044A49
CE59D69A
10A218C3
18C318C3
10A210A2
F7BEF7BE
F7BEC618
EF7D4228
DEFBF79E
10A2F7BE
F7BE2104
F7BEF7BE
F79E18E3
FFDEF7BE
F7BE2124
F7BEF7BE
F7BE18C3
F7BEF7BE
F7BEF7BE
F7BEF7BE
F7BEF7BE
F7BEF7BE
F7BEF7BE
F7BEF7BE
F7BEF7BE
F7BEF7BE
F7BEF7BE
F7BEF7BE
F7BEF7BE
F7BEF7BE
F7BEF7BE
F7BEF7BE
F7BEF7BE
F7BEF7BE
F7BEF7BE
F7BEF7BE
F7BEF7BE
F7BEF7BE
F7BEF7BE
F7BEF7BE
F7BEF7BE
F7BEF7BE
F7BEF7BE
F7BEF7BE
F7BEF7BE
F7BEF7BE
F7BEF7BE
F7BEF7BE
F7BEF7BE
F7BEF7BE
F7BEF7BE
F7BEF7BE
F7BEF7BE
F7BEF7BE
F7BEF7BE
F7BEF7BE
F7BEF7BE
F7BEF7BE
F7BE7BEF
E71CF7BE
F7BE18E3
F7BEF7BE
F7BEF7BE
F7BEF7BF
C638B5B6
CE59F7BE
F7BEF7BE
52AAF7BE
F7BEF7BE
F7BEF7BE
F7BEF7BE
F7BE2104
F7BEF7BE
10A2F7BE
F7BEFFDF
F7BEF7BE
F79E2104
29652945
294518C3
29452945
212418C3
F7BEF7BE
F7BEF7BE
F7BEF7BE
F7BEF7BE
F7BEF7BE
F7BEF7BE
F7BEF7BE
F7BEF7BE
F7BEF7BE
F7BEF7BE
F7BEF7BE
F7BEF7BE
F7BEF7BE
F7BEF7BE
F7BEF7BE
F7BEF7BE
F7BEF7BE
F7BEF7BE
F7BEF7BE
F7BEF7BE
F7BEF7BE
F7BEF7BE
F7BEF7BE
F7BEF7BE
F7BEF7BE
F7BEF7BE
F7BEF7BE
F7BEF7BE
F7BEF7BE
F7BEF7BE
F7BEF7BE
F7BEF7BE
F7BEF7BE
F7BEF7BE
F7BEF7BE
F7BEF7BE
F7BEF7BE
F7BEF7BE
F7BEF7BE
F7BEF7BE
F7BEF7BE
F7BE7BCF
E71CF7BE
F7BE18E3
F7BEF7BE
F7BEF7BE
F7BEF7BE
F7BEBDD7
CE59F7BE
F7BEF7BE
528AF79E
F7BEF7BE
F7BEF7BE
F7BEF7BE
EF7D2124
F7BEF7BE
10A2F7BE
F7BEF7BE
D6BAF7BE
F7BE1082
F79EF79E
F79E2104
F79EF7BE
F7BEF7BE
AD55F7BE
F7BEF7BE
F7BEF7BE
F7BEF7BE
F7BEF7BE
F7BEF7BE
F7BEF7BE
F7DEF7DE
F7BEF7BE
F7BEF7BE
F7BEF7BE
F7BEF7BE
F7BEF7BE
F7BEF7BE
F7BEF7BE
F7BEF7BE
F7BEF7BE
F7BEF7BE
F7BEF7BE
F7BEF7BE
F7BEF7BE
F7BEF7BE
F7BEF7BE
F7BEF7BE
F7BEF7BE
F7BEF7BE
F7BEF7BE
F7BEF7BE
F7BEF7BE
F7BEF7BE
F7BEF7BE
F7BEF7BE
F7BEF7BE
F7BEF7BE
F7BEF7BE
F7BEF7BE
F7BEF7DE
F7BEF7BE
F7BEF7BE
F7BEF7BE
F7BEF7BE
F7BE7BCF
DEFBF7BE
F79E18E3
F79EF7BE
F79EF79E
F7BEF7BE
F7BEBDD7
CE59F7BE
F7BEF7BE
4A69EF7D
F7BEF7BE
F7BEF7BE
F7BEF7BE
1082CE79
F7BEF7BE
10A2FFDF
F7BEF79E
2124F7BE
F7BEF7BE
F7BEF7BE
FFDF2104
F7BEF7BE
F7BEF79D
2104F7BE
F7BEF7BE
F7BEF7BE
F7BEF7BE
F7BEF7BE
F7BEF7BE
F7DEF7DE
F7BEF7BE
F7BEF7BE
F7BEF7BE
F7BEF7BE
F7BEF7BE
F7BEF7BE
F7BEF7BE
F7BEF7BE
F7BEF7BE
F7BEF7BE
F7BEF7BE
F7BEF7BE
F7BEF7BE
F7BEF7BE
F7BEF7BE
F7BEF7BE
F7BEF7BE
F7BEF7BE
F7BEF7BE
F7BEF7BE
F7BEF7BE
F7BEF7BE
F7BEF7BE
F7BEF7BE
F7BEF7BE
F7BEF7BE
F7BEF7BE
F7BEF7BE
F7BEF7BE
F7BEF7BE
F7BEF7BE
F7BEF7DE
F7BEF7BE
F7BEE73C
18E310A2
18C318C3
18C318C3
18C318C3
10A210A2
52AAF7BE
F7BEBDD7
C6382945
21252104
18E32124
21042124
8C51F7BE
738E18C3
C638F7BE
F7BEF7BE
212418C3
21242104
AD55F7BE
F7BEF7BE
F7BEF7BE
F7BE2104
29452945
29452124
632CF7BE
F7BEF7BE
F7BEF7BE
F7DEF7BE
F7BEF7BE
F7BEF7BE
F7BEF7BE
F7BEF7BE
F7BEF7BE
F7BEF7BE
F7BEF7BE
F7BEF7BE
F7BEF7BE
F7BEF7BE
F7BEF7BE
F7BEF7BE
F7BEF7BF
F7BEF7BE
F7BEF7BE
F7BEF7BE
F7BEF7BE
F7BEF7BE
F7BEF7BE
F7BEF7BE
F7BEF7BE
F7BEF7BE
F7BEF7BE
F7BEF7BE
F7BEF7BE
F7BEF7BE
F7BEF7BE
F7BEF7BE
F7BEF7BE
F7BEF7BE
F7BEF7BE
F7BEF7BE
F7BEF7BE
F7BEF7BE
F7BEF7BE
F7BEF7BE
F7BEF7BE
F7BEF7BE
F7BEF79E
F7BEF7BE
F7BEF7BE
F7BEF7BE
F7BEF7BE
F7BEF7BE
F7BEF7BE
F79EF79E
F79EF79E
F79EF79E
F7BEF7BE
EF5DF7BE
F7BEF7BE
F7BEFFDE
F7BEF7BE
F7BEF7BE
F7BEFFDF
F7BEF7BE
F7BEF7BE
F7BEF7BE
F7BEF7BE
F7BEF7BE
F7BEF7BE
F7BEF7BE
F7DEF7DE
F7BEF7BE
F7BEF7BE
F7BEF7BE
F7BEF7BE
F7BEF7BE
F7BEF7BE
F7BEF7BE
F7BEF7BE
F7BEF7BE
F7BEF7BE
F7BEF7BE
F7BEF7BE
F7BEF7BE
F7BEF7BE
F7BEF7BE
F7BEF7BE
F7BEF7BE
F7BEF7BE
F7BEF7BE
F7BEF7BE
F7BEF7BE
F7BEF7BE
F7BEF7BE
F7BEF7BE
F7BEF7BE
F7BEF7BE
F7BEF7BE
F7BEF7BE
F7BEF7BE
F7BEF7BE
F7BEF7BE
F7BEF7BE
F7BEF7BE
F7BEF7BE
F7BEF7BE
F7BEF7BE
F7BEF7BE
F7BEF7BE
F7BEF7BE
F7BEF7BE
F7BEF7BE
F7BEF7BE
F7BEF7BE
F7BEF7BE
F7BEF7BE
F7BEF7BE
F7BEF7BE
F7BEF7BE
F7BEF7BE
F7BEF7BE
F7BEF7BE
F7BEF7BE
F7BEF7BE
F7BEF7BE
F7BEF7BE
F7BEF7BE
F7BEF7BE
F7BEF7BE
F7BEF7BE
F7BEF7BE
F7BEF7BE
F7BEF7BE
F7BEF7BE
F7BEF7BE
F7BEF7BE
F7BEF7BE
F7BEF7BE
F7BEF7BE
F7BEF7BE
F7BEF7BE
F7BEF7BE
F7BEF7BE
F7BEF7BE
F7BEF7BE
F7BEF7BE
F7BEF7BE
F7BEF7BE
F7BEF7BE
F7BEF7BE
F7BEF7BE
F7BEF7BE
F7BEF7BE
F7BEF7BE
F7DEF7BE
F7BEF7BE
F7BEF7BE
F7BEF7BE
F7BEF7BE
F7BEF7BE
F7BEF7BE
F7BEF7BE
F7BEF7BE
F7BEF7BE
F7BEF7BE
F7BEF7BE
F7BEF7BE
F7BEF7BE
F7BEF7BE
F7BEF7BE
F7BEF7BE
F7BEF7BE
F7BEF7BE
F7BEF7BE
F7BEF7BE
F7BEF7BE
F7BEF7BE
F7BEF7BE
F7BEF7BE
F7BEF7BE
F7BEF7BE
F7BEF7BE
F7BEF7BE
F7BEF7BE
F7BEF7BE
F7BEF7BE
F7BEF7BE
F7BEF7BE
F7BEF7BE
F7BEF7BE
F7BEF7BE
F7BEF7BE
F7BEF7BE
F7BEF7BE
F7BEF7BE
F7BEF7BE
F7BEF7BE
F7BEF7BE
F7BEF7BE
F7BEF7BE
F7BEF7BE
F7BEF7BE
F7BEF7BE
F7BEF7BE
F7BEF7BE
F7BEF7BE
F7BEF7BE
F7BEF7BE
F7BEF7BE
F7BEF7BE
F7BEF7BE
F7BEF7BE
F7BEF7BE
F7BEF7BE
F7BEF7BE
F7BEF7BE
F7BEF7BE
F7BEF7BE
F7BEF7BE
F7BEF7BE
F7BEF7BE
F7BEF7BE
F7BEF7BE
F7BEF7BE
F7BEF7BE
F7BEF7BE
F7BEF7BE
F7BEF7BE
F7BEF7BE
F7BEF7BE
F7BEF7BE
F7BEF7BE
F7BEF7BE
F7BEF7BE
F7BEF7BE
F7BEF7BE
F7BEF7BE
F7BEF7BE
F7BEF7BE
F7BEF7BE
F7BEF7BE
F7BEF7BE
F7BEF7BE
F7BEF7BE
F7BEF7BE
F7BEF7BE
F7BEF7BE
F7BEF7BE
F7BEF7BE
F7BEF7BE
F7BEF7BE
F7BEF7BE
F7BEF7BE
F7BEF7BE
F7BEF7BE
F7BEF7BE
F7BEF7BE
F7BEF7BE
F7BEF7BE
F7BEF7BE
F7BEF7BE
F7BEF7BE
F7BEF7BE
F7BEF7BE
F7BEF7BE
F7BEF7BE
F7BEF7BE
F7BEF7BE
F7BEF7BE
F7BEF7BE
F7BEF7BE
F7BEF7BE
F7BEF7BE
F7BEF7BE
F7BEF7BE
F7BEF7BE
F7BEF7BE
F7BEF7BE
F7BEF7BE
F7BEF7BE
F7BEF7BE
F7BEF7BE
F7BEF7BE
F7BEF7BE
F7BEF7BE
F7BEF7BE
F7BEF7BE
F7BEF7BE
F7BEF7BE
F7BEF7BE
F7BEF7BE
F7BEF7BE
F7BEF7BE
F7BEF7BE
F7BEF7BE
F7BEF7BE
F7BEF7BE
F7BEF7BE
F7BEF7BE
F7BEF7BE
F7BEF7BE
F7BEF7BE
F7BEF7BE
F7BEF7BE
F7BEF7BE
F7BEF7BE
F7BEF7BE
F7BEF7BE
F7BEF7BE
F7BEF7BE
F7BEF7BE
F7BEF7BE
F7BEF7BE
F7BEF7BE
F7BEF7BE
F7BEF7BE
F7BEF7BE
F7BEF7BE
F7BEF7BE
F7BEF7BE
F7BEF7BE
F7BEF7BE
F7BEF7BE
F7BEF7BE
F7BEF7BE
F7BEF7BE
F7BEF7BE
F7BEF7BE
F7BEF7BE
F7BEF7BE
F7BEF7BE
F7BEF7BE
F7BEF7BE
F7BEF7BE
F7BEF7BE
F7BEF7BE
F7BEF7BE
F7BEF7BE
F7BEF7BE
F7BEF7BE
F7BEF7BE
F7BEF7BE
F7BEF7BE
F7BEF7BE
F7BEF7BE
F7BEF7BE
F7BEF7BE
F7BEF7BE
F7BEF7BE
F7BEF7BE
F7BEF7BE
F7BEF7BE
F7BEF7BE
F7BEF7BE
F7BEF7BE
F7BEF7BE
F7BEF7BE
F7BEF7BE
F7BEF7BE
F7BEF7BE
F7BEF7BE
F7BEF7BE
F7BEF7BE
F7BEF7BE
F7BEF7BE
F7BEF7BE
F7BEF7BE
F7BEF7BE
F7BEF7BE
F7BEF7BE
F7BEF7BE
F7BEF7BE
F7BEF7BE
F7BEF7BE
F7BEF7BE
F7BEF7BE
F7BEF7BE
F7BEF7BE
F7BEF7BE
F7BEF7BE
F7BEF7BE
F7BEF7BE
F7BEF7BE
F7BEF7BE
F7BEF7BE
F7BEF7BE
F7BEF7BE
F7BEF7BE
F7BEF7BE
F7BEF7BE
F7BEF7BE
F7BEF7BE
F7BEF7BE
F7BEF7BE
F7BEF7BE
F7BEF7BE
F7BEF7BE
F7BEF7BE
F7BEF7BE
F7BEF7BE
F7BEF7BE
F7BEF7BE
F7BEF7BE
F7BEF7BE
F7BEF7BE
F7BEF7BE
F7BEF7BE
F7BEF7BE
F7BEF7BE
F7BEF7BE
F7BEF7BE
F7BEF7BE
F7BEF7BE
F7BEF7BE
F7BEF7BE
F7BEF7BE
F7BEF7BE
F7BEF7BE
F7BEF7BE
F7BEF7BE
F7BEF7BE
F7BEF7BE
F7BEF7BE
F7BEF7BE
F7BEF7BE
F7BEF7BE
F7BEF7BE
F7BEF7BE
F7BEF7BE
F7BEF7BE
F7BEF7BE
F7BEF7BE
F7BEF7BE
F7BEF7BE
F7BEF7BE
F7BEF7BE
F7BEF7BE
F7BEF7BE
F7BEF7BE
F7BEF7BE
F7BEF7BE
F7BEF7BE
F7BEF7BE
F7BEF7BE
F7BEF7BE
F7BEF7BE
F7BEF7BE
F7BEF7BE
F7BEF7BE
F7BEF7BE
F7BEF7BE
F7BEF7BE
F7BEF7BE
F7BEF7BE
F7BEF7BE
F7BEF7BE
F7BEF7BE
F7BEF7BE
F7BEF7BE
F7BEF7BE
F7BEF7BE
F7BEF7BE
F7BEF7BE
F7BEF7BE
F7BEF7BE
F7BEF7BE
F7BEF7BE
F7BEF7BE
F7BEF7BE
F7BEF7BE
F7BEF7BE
F7BEF7BE
F7BEF7BE
F7BEF7BE
F7BEF7BE
F7BEF7BE
F7BEF7BE
F7BEF7BE
F7BEF7BE
F7BEF7BE
F7BEF7BE
F7BEF7BE
F7BEF7BE
F7BEF7BE
F7BEF7BE
F7BEF7BE
F7BEF7BE
F7BEF7BE
F7BEF7BE
F7BEF7BE
F7BEF7BE
F7BEF7BE
F7BEF7BE
F7BEF7BE
F7BEF7BE
F7BEF7BE
F7BEF7BE
F7BEF7BE
F7BEF7BE
F7BEF7BE
F7BEF7BE
F7BEF7BE
F7BEF7BE
F7BEF7BE
F7BEF7BE
F7BEF7BE
F7BEF7BE
F7BEF7BE
F7BEF7BE
F7BEF7BE
F7BEF7BE
F7BEF7BE
F7BEF7BE
F7BEF7BE
F7BEF7BE
F7BEF7BE
F7BEF7BE
F7BEF7BE
F7BEF7BE
F7BEF7BE
F7BEF7BE
F7BEF7BE
F7BEF7BE
F7BEF7BE
F7BEF7BE
F7BEF7BE
F7BEF7BE
F7BEF7BE
F7BEF7BE
F7BEF7BE
F7BEF7BE
F7BEF7BE
F7BEF7BE
F7BEF7BE
F7BEF7BE
F7BEF7BE
F7BEF7BE
F7BEF7BE
F7BEF7BE
F7BEF7BE
F7BEF7BE
F7BEF7BE
F7BEF7BE
F7BEF7BE
F7BEF7BE
F7BEF7BE
F7BEF7BE
F7BEF7BE
F7BEF7BE
F7BEF7BE
F7BEF7BE
F7BEF7BE
F7BEF7BE
F7BEF7BE
F7BEF7BE
F7BEF7BE
F7BEF7BE
F7BEF7BE
F7BEF7BE
F7BEF7BE
F7BEF7BE
F7BEF7BE
F7BEF7BE
F7BEF7BE
F7BEF7BE
F7BEF7BE
F7BEF7BE
F7BEF7BE
F7BEF7BE
F7BEF7BE
F7BEF7BE
F7BEF7BE
F7BEF7BE
F7BEF7BE
F7BEF7BE
F7BEF7BE
F7BEF7BE
F7BEF7BE
F7BEF7BE
F7BEF7BE
F7BEF7BE
F7BEF7BE
F7BEF7BE
F7BEF7BE
F7BEF7BE
F7BEF7BE
F7BEF7BE
F7BEF7BE
F7BEF7BE
F7BEF7BE
F7BEF7BE
F7BEF7BE
F7BEF7BE
F7BEF7BE
F7BEF7BE
F7BEF7BE
F7BEF7BE
F7BEF7BE
F7BEF7BE
F7BEF7BE
F7BEF7BE
F7BEF7BE
F7BEF7BE
F7BEF7BE
F7BEF7BE
F7BEF7BE
F7BEF7BE
F7BEF7BE
F7BEF7BE
F7BEF7BE
F7BEF7BE
F7BEF7BE
F7BEF7BE
F7BEF7BE
F7BEF7BE
F7BEF7BE
F7BEF7BE
F7BEF7BE
F7BEF7BE
F7BEF7BE
F7BEF7BE
F7BEF7BE
F7BEF7BE
F7BEF7BE
F7BEF7BE
F7BEF7BE
F7BEF7BE
F7BEF7BE
F7BEF7BE
F7BEF7BE
F7BEF7BE
F7BEF7BE
F7BEF7BE
F7BEF7BE
F7BEF7BE
F7BEF7BE
F7BEF7BE
F7BEF7BE
F7BEF7BE
F7BEF7BE
F7BEF7BE
F7BEF7BE
F7BEF7BE
F7BEF7BE
F7BEF7BE
F7BEF7BE
F7BEF7BE
F7BEF7BE
F7BEF7BE
F7BEF7BE
F7BEF7BE
F7BEF7BE
F7BEF7BE
F7BEF7BE
F7BEF7BE
F7BEF7BE
F7BEF7BE
F7BEF7BE
F7BEF7BE
F7BEF7BE
F7BEF7BE
F7BEF7BE
F7BEF7BE
F7BEF7BE
F7BEF7BE
F7BEF7BE
F7BEF7BE
E71BE71B
E71BE71B
E71BE71B
E71CE71C
E71BE71B
E71BE71B
E71BE71B
E71BE71B
E71BE71B
E71BE71B
E71BE71B
E71BE71B
E71BE71B
E71BE71B
E71BE71B
E71BE71B
E71BE71B
E71BE71B
E71BE71B
E71BE71B
E71BE71B
E71BE71B
E71BE71B
E71BE71B
E71BE71B
E71BE71B
E71BE71B
E71BE71B
E71BE71B
E71BE71B
E71BE71B
E71BE71B
E71BE71B
E71BE71B
E71BE71B
E71BE71B
E71BE71B
E71BE71B
E71BE71B
E71BE71B
E71BE71B
E71BE71B
E71BE71B
E71BE71B
E71BE71B
E71BE71B
E71BE71B
E71BE71B
E71BE71B
E71BE71B
E71BE71B
E71BE71B
E71BE71B
E71BE71B
E71BE71B
E71BE71B
E71BE71B
E71BE71B
E71BE71B
E71BE71B
E71BE71B
E71BE71B
E71BE71B
E71BE71B
E71BE71B
E71BE71B
E71BE71B
E71BE71B
E71BE71B
E71BE71B
E71BE71B
E71BE71B
E71BE71B
E71BE71B
E71BE71B
E71BE71B
E71BE71C
E71BE71B
E71CE71B
E71BE71B
E71BE71B
E71BE71B
E71BE71C
E71BE71B
E71BE71B
E71BE71B
E71BE71C
E71BE71B
E71BE71B
E71BE71C
E71BE71B
E71BE71B
E71BE71B
E71BE71B
E71CE71B
E71BE71B
E71BE71B
E71BE71B
E71BE71B
E71BE71B
E71BE71B
E71BE71B
E71BE71B
E71BE71B
E71BE71B
E71BE71B
E71BE71C
E71BE71B
E71BE71B
E71BE71B
E71BE71B
E71BE71B
E71CE71C
E71CE71B
E71CE71C
E71BE71B
E71BE71B
E71BE71B
E71BE71B
E71BE71B
E71BE71B
E71BE71C
E71BE71B
E71BE71B
E71BE71B
E71BE71B
E71BE71B
E71BE71B
E71BE71B
E71BE71B
E71BE71B
E71BE71B
E71BE71B
E71BE71B
E71BE71B
E71BE71B
E71BE71B
E71BE71C
E71BE71B
E71BE71B
E71BE71B
E71BE71B
E71BE71B
E71BE71B
E71BE71B
E71BE71B
E71BE71B
E71BE71B
E71BE71B
E71BE71B
E71BE71B
E71BE71B
E71BE71B
E71BE71B
E71BE71B
E71BE71B
E71BE71B
E71BE71C
E71BE71B
E71BE71C
E71BE71B
E71BE71B
E71BE71B
E71BE71B
E71BE71B
E71BE71B
E71CE71B
E71BE71B
E71BE71B
E71BE71B
E71BE71B
E71BE71B
E71BE71B
E71BE71B
E71BE71B
E71BE71B
E71BE71B
E71BE71B
E71BE71B
E71BE71B
E71BE71B
E71BE71B
E71BE71B
E71BE71B
E71BE71B
E71BE71C
E71BE71B
E71BE71B
E71BE71B
E71BE71B
E71BE71B
E71BE71B
E71BE71B
E71CE71B
E71BE71B
E71BE71B
E71BE71B
E71BE71B
E71BE71B
E71BE71B
E71BE71B
E71BE71B
E71BE71C
E71BE71B
E71BE71B
E71BE71B
E71BE71B
E71BE71B
E71BE71B
E71BE71B
E71BE71B
E71BE71B
E71BE71B
E71BE71B
E71BE71B
E71BE71B
E71BE71B
E71BE71B
E71BE71B
E71BE71B
E71BE71B
E71BE71B
E71BE71B
E71BE71B
E71BE71B
E71BE71B
E71BE71B
E71BE71B
E71BE71B
E71BE71B
E71BE71B
E71BE71B
E71BE71B
E71BE71B
E71BE71B
E71BE71B
E71BE71B
E71BE71B
E71BE71B
E71BE71B
E71BE71B
E71BE71B
E71BE71B
E71BE71B
E71BE71B
E71BE71B
E71BE71B
E71BE71B
E71BE71B
E71BE71B
E71BE71B
E71BE71B
E71BE71B
E71BE71B
E71BE71B
E71BE71B
E71BE71B
E71BE71B
E71BE71B
E71BE71B
E71BE71B
E71BE71B
E71BE71B
E71BE71B
E71BE71B
E71BE71B
E71BE71B
E71BE71B
E71BE71B
E71BE71B
E71BE71B
E71BE71B
E71BE71B
E71BE71B
E71BE71B
E71BE71B
E71BE71B
E71BE71B
E71BE71B
E71BE71B
E71BE71B
E71BE71B
E71BE71B
E71BE71B
E71BE71B
E71BE71B
E71BE71B
E71BE71B
E71BE71B
E71BE71B
E71BE71B
E71BE71B
E71BE71B
E71BE71B
E71BE71B
E71BE71B
E71BE71B
E71BE71B
E71BE71B
E71BE71B
E71BE71B
E71BE71B
E71BE71B
E71BE71B
E71BE71B
DEFBE71B
E71BE71B
E71BE71B
E71BE71B
E71BE71B
E71BE71B
E71BE71B
E71BE71B
E71BE71B
E71BE71B
E71BE71B
E71BE71B
E71BE71B
E71BE71B
E71BE71B
E71BE71B
E71BE71B
E71BE71B
E71BE71B
E71BE71B
E71BE71B
E71BE71B
E71BE71B
E71BE71B
E71BE71B
E71BE71B
E71BE71B
E71BE71B
E71BE71B
E71BE71B
E71BE71B
E71BE71B
E71BE71B
E71CE71B
E71BE71B
E71BE71B
E71BE71B
E71BE71B
E71BE71B
E71BE71B
E71BE71B
E71BE71B
E71BE71B
E71BE71B
E71CE71B
E71BE71B
E71BDEFB
DEFBDEFB
DEFBE71B
E71BE71B
E71BE71B
E71BE71B
E71BDEFB
E71BE71B
E71BE71B
E71BE71B
E71BE71B
E71BE71B
E71BE71B
E71BE71B
E71BE71B
E71BE71B
E71BE71B
E71BE71B
E71BE71B
E71BE71B
E71BE71B
E71BE71B
E71BE71B
E71CE71B
E71BE71B
E71BE71B
E71BE71B
E71BE71B
E71BE71B
E71BE71B
E71BE71B
E71BE71B
E71BE71B
E71BE71B
E71BE71B
E71BE71B
E71BE71B
E71BE71B
E71BE71B
E71BE71B
E71BE71B
E71BE71B
E71BE71B
E71BE71B
E71BE71B
E71BE71B
E71BE71B
E71CE71B
E71BE71B
E71BE71B
E71BE71B
E71BE71B
E71BE71B
E71BE71B
E71BE71B
E71BE71B
E71BE71B
E71BE71B
E71BE71B
E71BE71B
E71BE71B
E71BDEFB
D699C658
DEDAE71B
EF5DEF7D
F7BEFFDF
FFDFF79D
DEFBC618
A5549492
AD75C638
D69ADEFB
E71BE71B
E71BE71B
E71BE71B
E71BE71C
E71BE71B
E71BE71B
E71BE71B
E71BE71B
E71BE71B
E71BE71B
E71BE71B
E71BE71B
E71BE71B
E71BE71B
E71BE71B
E71BE71B
E71BE71B
E71BE71B
E71BE71B
E71BE71B
E71BE71B
E71BE71B
E71BE71B
E71BE71B
E71BE71B
E71BE71B
E71BE71B
E71BE71B
E71BE71B
E71BE71B
E71BE71B
E71BE71B
E71BE71B
E71BE71B
E71BE71B
E71BE71B
E71BE71B
E71BE71B
E71BE71B
E71BE71B
E71BE71B
E71BE71B
E71BE71B
E71BE71B
E71BE71B
E71BE71B
E71BE71B
E71BE71B
E71BE71B
E71BE71B
E71BE71B
E71BE71B
E71BE71B
E71BE71B
E71BD6BA
A5348C71
C638FFDE
F7BEF7BE
F7BEE71C
D699BDF7
A5148430
5B0C4A89
6B8E8C91
B596D699
E73CE71B
E71BE71C
E71BE71B
E71BE71C
E71BE71B
E71BE71B
E71BE71B
E71BE71B
E71BE71B
E71BE71B
E71BE71B
E71BE71B
E71BE71B
E71BE71B
E71BE71B
E71CE71C
E71BE71B
E71BE71B
E71BE71B
E71BE71B
E71BE71B
E71BE71B
E71BE71B
E71BE71B
E71BE71B
E71BE71B
E71BE71B
E71BE71B
E71BE71B
E71BE71B
E71BE71B
E71BE71B
E71BE71B
E71BE71B
E71BE71B
E71BE71B
E71BE71B
E71BE71B
E71BE71B
E71BE71B
E71BE71B
E71BE71B
E71BE71B
E71BE71B
E71BE71B
E71BE71B
E71BE71B
E71BE71B
E71BE71B
E71BE71B
E71BE71B
E71BE71B
E71BE71B
E71BE71B
E71CD6DA
AD759492
C638EF5D
EF7DF7BE
EF9EE73C
D6DAC617
A5558451
6B6E4A8A
73CF9CD2
BDD6D69A
E73CE71B
E71BE71B
E71BE71B
E6FBE71B
E71BE71B
E71BE71B
E71BE71B
E71BE71B
E71BE71B
E71BE71B
E71BE71B
E71BE71B
E71BE71B
E71BE71B
E71BE71B
E71BE71B
E71BE71B
E71BE71B
E71BE71B
E71BE71B
E71CE71B
E71BE71B
E71BE71B
E71BE71B
E71BE71B
E71BE71B
E71BE71B
E71BE71B
E71BE71B
E71BE71B
E71BE71B
E71BE71B
E71BE71B
E71BE71B
E71BE71B
E71BE71B
E71BE71B
E71BE71B
E71BE71B
E71BE71B
E71BE71B
E71BE71B
E71BE71B
E71BE71B
E71BE71B
E71BE71B
E71BE71B
E71BE71B
E71BE71B
E71BE71B
E71BE71B
E71BE71B
E71BE71B
E71BE71B
E71BDEDB
AD9594B2
BE18DEFC
E73CEF5D
EF7DE73C
D6DAC617
A5558451
634D4AAA
73CF94B2
BDD6D69A
E73CE71B
E71BDEFB
E71BE71B
E71BE71B
E71BE71B
E71BE71B
E71BE71B
E71BE71B
E71BE71B
E71BE71B
E71BE71B
E71BE71B
E71BE71B
E71BE71B
E71BE71B
E71BE71B
E71BE71B
E71BE71B
E71CE71B
E71BE71B
E71BE71B
E71BE71B
E71BE71B
E71BE71C
E71CE71B
E71BE71B
E71BE71B
E71BE71B
E71BE71B
E71BE71B
E71BE71B
E71BE71B
E71BE71B
E71BE71B
E71BE71B
E71BE71B
E71BE71B
E71BE71B
E71CE71B
E71BE71B
E71BE71B
E71BE71B
E71BE71B
E71BE71B
E71BE71B
E71BE71B
E71BE71B
E71BE71B
E71BE71B
E71BE71B
E71BE71B
E71BE71B
E71BE71B
E71BE71B
E71BDEDB
AD9594B2
B5B7D6BA
DEFBE73C
EF5DE73C
D6DAC617
A5558451
634D4AAA
73CF94B2
BDD6D69A
E73CE6FB
E6FBDEFB
E71BE71B
E71BE71B
E71BE71B
E71BE71B
E71BE71B
E71BE71B
E71BE71B
E71BE71B
E71BE71B
E71BE71B
E71CE71C
E71BE71B
E71BE71B
E71BE71B
E71BE71B
E71BE71B
E71CE71B
E71CE71C
E71BE71B
E71BE71B
E71BE71B
E71BE71C
E71CE71B
E71BE71B
E71BE71B
E71BE71B
E71BE71B
E71BE71B
E71BE71B
E71BE71B
E71BE71B
E71BE71B
E71BE71B
E71BE71B
E71BE71B
E71BE71B
E71BE71B
E71BE71B
E71BE71B
E71BE71B
E71BE71B
E71BE71B
E71BE71B
E71BE71B
E71BE71B
E71BE71B
E71BE71B
E71BE71B
E71BE71B
E71BE71B
E71BE71B
E71BE71B
E71BD6DB
AD7594B3
AD96CE59
D6BADEDB
E73DE73C
DEDAC617
A5558451
636E4AAA
73CF9CD3
BDD6D69A
E73CDEFB
E71BDEFB
DEFBE71B
E71BE71B
E71BE71B
E71BE71B
E71BE71B
E71BE71B
E71BE71B
E71BE71B
E71BE71B
E71BE71B
E71CE71C
E71BE71B
E71BE71B
E71BE71B
E71BE71B
E71BE71B
E71BE71C
E71CE71C
E71BE71B
E71BE71B
E71BE71B
E71BE71B
E71BE71B
E71BE71B
E71BE71B
E71BE71B
E71BE71B
E71BE71B
E71BE71B
E71BE71C
E71BE71B
E71BE71B
E71BE71B
E71BE71B
E71BE71B
E71BE71B
E71BE71B
E71BE71B
E71BE71B
E71BE71B
E71BE71B
E71BE71B
E71BE71B
E71BE71B
E71BE71B
E71BE71B
E71BE71B
E71BE71B
E71BE71B
E71BE71B
E71BE71B
E71BE71B
DF1BD6BA
AD7594B2
94B3BDD7
CE59D6DA
DEFBE71B
D6BABE17
A5558451
5B0C4A6A
73CF94B3
BDD7D69A
E73CE71B
DEFBDEFB
DF1BDF1B
DEFBDEFB
DEFBE71B
E71BE71B
E71BE71B
E71BE71B
E71BE71B
E71BE71B
E71BE71B
E71BE71B
E71BE71B
E71BE71B
E71BE71B
E71BE71B
E71BE71B
E71BE71B
E71BE71B
E71BE71B
E71BE71B
E71BE71B
E71BE71B
E71BE71B
E71BE71B
E71BE71B
E71BE71B
E71BE71B
E71BE71B
E71BE71B
E71BE71B
E71BE71C
E71BE71B
E71BE71B
E71BE71B
E71BE71B
E71BE71B
E71BE71B
E71BE71B
E71BE71B
E71BE71B
E71BE71B
E71BE71B
E71BE71B
E71CE71B
E71BE71B
E71BE71B
E71BE71C
E71BE71C
E71BD6BA
CE59D699
D6BAD6BA
DEDBE71C
E73CEF7D
F7BEFFFF
EF9EEF7D
EF9DEF9D
F7BEFFDF
FFDFFFDE
F7DEF79D
E75DEF7D
DEFCCE9A
D6BBC659
BE18B5D7
AD7694B2
8C5194B2
A534BDF7
C617CE59
D6BADEDB
DEFBE71B
DEFBE71B
E73CE73C
E71BE71B
E71BE71B
E71BE71B
E71BE71B
E71BE71B
E71BE71B
E71BE71B
E71BE71B
E71BE71B
E71CE71B
E71BE71B
E71BE71B
E71BE71B
E71BE71B
E71BE71B
E71BE71B
E71BE71B
E71BE71B
E71BE71B
E71CE71C
DEFBE71B
E71BE71B
E71BE71B
E71BE71B
E71BE71B
E71BE71B
E71BE71B
E71BE71B
E71BE71B
E71BE71B
E71BE71B
E71BE71B
E71BE71B
E71BE71B
E71BE71B
E71BE71B
E71BE71B
E71BE71B
E71BE71B
D69AC638
BDD7B5B6
A534CE59
FFDFFFDF
FFDFFFDF
FFDEFFDF
F7BEFFDF
CE59CE79
CE7AD6BA
D6DBDEFB
DF1CE71C
DF1CD6DA
CE79C638
BE18AD96
A5359CF3
8C928431
73CF6B8E
5B0C52AA
4A6952AA
630C6B6D
7BEF8430
AD75CE79
D69ADEDA
D699CE79
D69AE71C
E71BE71B
E71BE71B
E71BE71B
E71BE71B
E71BE71B
E71BE71B
E71BE71B
E71BE71B
E71BE71B
E71CE71B
E71BE6FB
E71BE71B
E71BE71B
E71BE71B
E71BE71B
E71BE71B
E71BE71B
E71BE71C
E71BE71B
E71BE71B
E71BE71C
E71BE71B
E71CE71B
E71BE71B
E71BE71B
E71BE71B
E71BE71B
E71BE71B
E71CE71C
E71BE71B
E71BE71B
E71BE71B
E71BE71B
E71BE71B
E71BE71B
E71BE71B
E71BE71B
E71BE71B
E71BE71B
DEDBCE99
C638BDF7
B5D6C638
E73CEF7D
F79DF79D
EF5DF7BE
EF5CFFDF
C638CE79
D69ADEDB
DF1CE73C
E73DE73C
E71CDEFB
D6BACE79
C638B5D7
AD759D34
94D38C71
843173CF
6B6E5AEB
4A8A5AEB
6B6D73AE
84508C71
BDD7CE59
D69ADEDB
CE79D6B9
DEDAEF5C
E71CE71B
E71BE71B
E71BE71B
E71BE71B
E71BE71B
E71BE71B
E71BE71B
E71BE71B
E71BE71B
E71BE71B
E71BE71B
E71BE71B
E71BE71B
E71BE71B
E71BE71B
E71BE71B
E71BE71B
DEFBE71C
E71BE71B
E71BE71B
E71BE71B
E71BE71B
E71CE71B
E71BE71B
E71BE71B
E71BE71B
E71BE71B
E71BE71B
E71CE71C
E71BE71B
E71BE71B
E71BE71B
E71BE71B
E71BE71B
E71BE71B
E71BE71B
E71BE71B
E71BE71B
E71BE71B
D6BACE79
C638BDD7
AD96BDF7
DF1CE71C
E71CE73D
E75DE75D
EF7DEF9D
C659D69A
D6BADEDB
DEFBE71C
E75CE73C
E71CDEFB
D69ACE59
C618BDD7
AD75A514
9CD38C91
843073CF
6B6D5AEB
52AA5AEB
6B6D73CF
84308C92
AD96C638
CE59D699
CE79D699
DEDAEF5C
E71CE71B
E71BE71B
E71BE71B
E71BE71B
E71BE71B
E71BE71B
E71BE71B
E71CE71C
E71BE71B
E71BE71B
E71BE71B
E71CE71C
E71BE71B
E71BE71B
E71BE71B
E71BE71B
E71BE71B
E71BE71C
E71BE71B
E71BE71B
E71BE71B
E71BE71B
E71BE71B
E71BE71B
E71BE71B
E71BE71B
E71BE71B
E71BE71B
E71BE71B
E71BE71B
E71BE71B
E71BE71B
E71BE71B
E71BE71B
E71BE71B
E71BE71B
E71BE71B
E71BE71B
E71BE71B
DEDACE79
C638BDD7
AD96BDF7
D6DBDEFB
DEFBDEFC
E71CDF1C
E73CEF5D
C658D699
D6BADEDB
DEFBE71C
E73CE73C
E71CDEDB
D69ACE79
C617BDD6
AD75A534
9CD38C92
843073CF
6B4D5AEB
52AA5AEB
6B6D73CF
84309492
AD95C617
C638CE79
CE79D699
DEDAE75C
E71BE71B
E71BE71B
E71BE6FB
E6FBE71B
E71BE71B
E71BE71B
E71BE71B
E71BE71B
E71BE71B
E71BE71B
E71BE71B
E71CE71C
E71BE71B
E71BE71B
E71BE71B
E71CE71B
E71BE71B
E71BE71B
E71BE71B
E71BE71B
E71BE71B
E71BDEFB
E71BE71B
E71BE71B
E71BE71B
E71BE71B
E71BE71B
E71BE71B
E71BE71B
E71BE71B
E71BE71B
E71BE71B
E71BE71B
E71BE71B
E71BE71B
E71BE71B
E71BE71B
E71BE71B
E71BE71B
D6BACE79
C638BDD7
AD96B5D7
CE7AD69A
D6BADEDB
DEDBDEDB
DF1BE73C
C659CE79
D6BADEDB
DEFBE71B
E73CE73C
E71CDEDB
D69ACE79
C618BDD6
AD75A534
9CD38C92
843073CF
6B4D5AEB
52AA5AEB
6B6D73CF
84308C92
AD75BDF7
C618CE79
CE79D699
DEDAE73C
E71BE71B
E71BE71B
E71BE71B
E6FBE6FB
E71BE71B
E71BE71B
E71BE71B
E71BE71B
E71BE71B
E71BE71B
E71BE71B
E71CE71B
E71BE71B
E71BE71B
E71BE71B
E71BE71B
E71BE71B
E71BE71B
E71BE71B
E71BE71B
E71CE71B
E71CE71B
DEFBE71B
E71BE71B
E71BE71B
E71BE71B
E71BE71B
E71BE71B
E71BE71B
E71BE71B
E71BE71B
E71BE71B
E71BE71B
E71BE71B
E71BDEFB
DEFBE71B
E71BE71B
E71BE71B
E71BE71B
D6BACE79
C618BDD7
AD96B5B7
C638C638
CE59D69A
D69AD69A
D6DBDF1C
CE59CE79
D6BADEDB
DEFBE71B
E73CE73C
E71CDEDB
D6BACE59
C618BDD6
AD95A534
9CD38C92
843073CF
6B6D5AEB
52AA5AEB
6B6D73CF
7C108C92
A554B5B6
BDF7CE59
CE58D6B9
DEDAE73C
E71BE71B
E71BE71B
E71BE71B
E71BE6FB
E71BE71B
E71BE71B
E71BE71B
E71BE71B
E71BE71B
E71BE71B
E71BE71B
E71BE71B
E71BE71B
E71BE71B
E71BE71B
E71BE71B
E71BE71B
E71CE71C
E71BE71B
E71BE71B
E71BE71B
E71BE71B
DEFBE71B
E71BE71B
E71BE71B
E71BE71B
E71BE71B
E71BE71B
E71BE71B
E71BE71B
E71BE71B
E71BE71B
E71BE71B
E71BE71B
E71BE71B
E71BE71B
E71BE71B
E71BE71B
E71BE71B
DEDACE79
C618BDF7
AD75AD96
BE18BDD7
C618CE59
CE79D69A
D69AD6BA
CE59CE79
D6BADEDA
DEFBE71C
E75CE73C
DF1BDEDB
D6BACE79
C638BDD7
AD95A534
9CD38C72
843073AE
634D5AEB
52AA5AEC
6B8E73CF
84308C71
9D13B5B6
BDF7C618
C658CE99
D6DAE71B
E71BDEFB
E71BE71B
E71BE71B
E71BE71B
E71BE71B
E71BE71B
E71BE71B
E71BDEFB
E71BE71B
E71BE71B
E71BE71B
E71BE71B
E71BE71B
E71BE71B
E71BE71B
E71BE71B
E71BE71B
E71BE71B
E71BE71B
E71BE71B
E71BE71B
E71BE71B
E71BE71B
E71BE71B
E71BE71B
E71BE71B
E71BE71B
E71BE71B
E71BE71B
E71BE71B
E71BE71B
E71BE71B
E71BE71B
E71BE71B
E71BE71B
E71BE71B
E71BE71B
E71BE71B
E71BE71B
D69ACE79
C638BDF8
AD76AD75
AD96B596
BDD7C618
C618C618
CE59D69A
C658CE99
D69AD69A
D6BAE71B
E73CDF1B
DEFBDEFB
D6BACE58
BDF7B5D6
AD75A534
94D28C51
7C1073CF
634D5AEC
528A5AEC
6B6D73AE
7C108C92
A534AD75
B5B6BDF7
C638CE78
D6B9E73C
DEFBDEFB
E71BE71B
E71BE71B
E71BE71B
E71BE71B
E71BE71B
E71BE71B
E71BE71B
E71BE71B
E71BE71B
E71BE71B
E71BE71B
E71BE71B
E71BE71B
E71BE71B
E71BE71B
E71BE71B
E71BE71B
E71CE71B
E71BE71B
E71BE71B
E71BE71B
E71BE71B
E71BE71B
E71BE71B
E71BE71B
E71BE71B
E71BE71B
E71BE71B
E71BE71B
E71BE71B
E71BE71B
E71BE71B
E71BE71B
E71BE71B
E71BE71B
E71BE71B
E71BE71B
E71BDEFB
CE59BDD7
AD55AD75
A5348430
7BCF7BCF
73CF738E
738E6B6E
634D6B4D
6B6E73CE
84308C91
9CF39CF3
AD75B5B6
BDD7B5D6
B5B6B595
AD75AD95
A5349CF3
94927C10
6B8E5B0C
52AB4A69
42284A49
52AB5AEB
630C634D
73AE6B8D
7BEF9492
A554B5B6
BDF6D6B9
DF1BDEFB
DEFBE6FB
E71BE71B
E71BE71B
E71BE71B
E71BE71B
E71BE71B
E71BE71B
DEFBE71B
E71BE71B
E71BE71B
E71BE71C
E71BE71B
E71BE71B
DEFBE71B
E71BE71B
E71BE71B
E71BE71B
E71BE71B
E71BE71B
E71BE71B
E71BE71B
E71BE71B
E71BE71B
E71BE71B
E71BE71B
E71BE71B
E71BE71B
E71BE71B
E71BE71B
E71BE71B
E71BE71B
E71CE71B
E71BE71B
E71BE71B
E71BE71B
E71BE71B
E71BE71B
E71BE71B
EF7DEF5D
E73CEF5D
F79EF79E
EF9DEF9D
F79DEF9D
EF9DF79E
EF7DEF7D
EF9DEF9D
EF9DF79D
EF9DF79D
F7BEF7BE
F7BEF7BE
F79EF7BE
F79EF7BE
F7BEF7BE
F79EF79E
EF9EEF9E
EF7DEF7D
EF7DEF9E
EF7DEF7D
EF9EF79D
F79DEF9D
EF9DF79E
F7BDEF7D
EF7DF7BD
E71CDEFB
DEFBDEFB
E71BE71B
E71BE71B
E71BE71B
E71BE71C
E71CE71B
E71BE71B
E71BE71B
E71BE71B
E71BE71B
E71BE71B
E71BE71B
E71BE71B
E71BE71B
E71BE71B
E71CE71C
E71BE71B
E71BE71B
E71BE71B
E71BE71B
E71BE71B
E71BE71B
E71BE71B
E71BE71B
E71BE71B
E71BE71B
E71BE71B
E71BE71B
E71BE71B
E71BE71B
E71BE71B
E71CE71B
E71BE71B
E71BE71B
E71BE71B
E71BE71B
E71BE71B
E71BE71B
F7BEFFFE
FFFEF7DE
FFDEFFDF
FFDFFFDF
FFDFFFDF
FFFFFFFF
FFFFFFDF
F7DEF7DE
F7DEF7DE
F7BEF7DE
FFDEF7DE
F7BEEF5C
FFDFF7BE
FFDEF7BE
F7DEF7DE
F7DEF7DE
F7DEF7DE
F7DEF7DE
F7DEF7DE
F7DEF7DE
F7DFF7BE
FFDFFFDF
FFFFFFFF
F7DEF7DE
F7BEFFDE
E71CDEFB
E71BE71B
E71BE71B
E71BE71B
E71BE71B
E71BE71C
E71CE71B
E71BE71B
E71BE71B
E71BE71B
E71BE71B
E71BE71B
E71BE71B
E71BE71B
E71BE71B
E71BE71B
E71CE71C
E71BE71B
E71BE71B
E71BE71B
E71BE71B
E71BE71B
E71BE71B
E71BE71B
E71BE71B
E71BE71B
E71BE71B
E71BE71B
E71BE71B
DEFBE71B
E71BE71B
E71BE71B
E71BE71B
E71BE71B
E71BE71B
E71BE71B
E71BE71B
E71BE71B
E71BE71B
F7DEF7DE
F7DEF7DE
F7DEF7DF
FFDFFFDF
FFFFFFFF
FFFFFFDF
FFFFFFDF
F7BEF7DE
F7DEF7DE
F7DEF7DE
F7DEF7DE
F7BEF7BE
EF7DF7BE
EF5CF7BE
F7BEF7DE
F7DEF7DE
F7DEF7DE
F7DEF7DE
F7DEF7BE
F7DEF7DE
F7DEF7BE
FFDEFFDF
FFFFFFFF
F7DEF7DE
F7DEFFFE
E73CE71B
E71BE71B
E71BE71B
E71BE71B
E71BE71B
E71BE71B
E71BE71B
E71BE71B
E71BE71B
E71BE71B
E71BE71B
E71BE71B
E71BE71B
E71BE71B
E71BE71B
DEFBE71B
E71BE71B
E71BDEFB
E71BE71B
E71BE71B
E71BE71B
E71BE71B
E71BE71B
E71BE71B
E71BE71B
E71BE71B
E71BE71B
E71BE71B
E71BE71B
E71BE71B
E71BE71B
E71BE71B
E71BE71B
E71BE71B
DF1BE71B
E71BE71B
E71BE71C
E71BE71B
E71BE71B
F7DEFFDE
F7DEF7DE
F7DEF7DF
F7DFFFDF
FFFFFFFF
FFFFFFDF
FFDFFFFF
F7DEF7DE
F7DEF7DE
F7DEEFDE
EFDEEFDE
F7DEDEFB
8C717BCE
F7BEF7BE
F7DEEFDE
EFDEF7DE
F7DEF7BE
F7DEEFDE
EFDEEFDE
EFDEEFDE
EFDEF7BE
FFDEFFFF
FFFFFFDF
F7DEF7DE
F7BEFFDE
E73CE71B
E71BE71B
E71BE71B
E71BE71B
E71BE71B
E71CE71B
E71BE71B
E71BE71B
E71BE71B
E71BE71B
E71BE71B
E71BE71B
E71BE71B
E71BE71B
E71BE71B
E71BE6FC
E6FCE71B
E71BE71C
E71BE71B
E71BE71B
E71BE71B
E71BE71B
E71BE71B
E71BE71B
E71BE71B
E71BE71B
E71BE71B
E71BE71B
E71BE71B
E71BE71B
E71BE71B
E71BE71B
E71BE71B
E71BE71B
DF1BE71B
E71BE71B
E71BE71C
E71BE71B
E71BE71B
F7BEF7DD
EFDDEFDE
EFBDEFDE
FFDFFFDE
FFDFFFFF
FFFFFFDF
FFDFFFDF
F7BEF7BD
F7BDEFBD
EFDDEFDD
EFDDEFDD
EFBDCE99
52AA2985
EF7DEFBE
EFBDEFDE
EFDDEFDD
EFBDEFBD
EFBDEFBD
EFBDEFBD
EFBDEFDE
EFDDF7BD
F7BEFFDE
FFDFFFDF
F7DEEFBD
EFBDF7DE
E71CE71B
E71BE71B
E71BE71B
E71BE71B
E71BE71B
E71CE71B
E71BE71B
E71BE71B
E71BE71B
E71BE71B
E71BE71B
E71BE71B
E71BE71B
E71BE71B
E71BE71C
E71BE71B
E71BE71B
E71BE71C
E71BE71B
E71BE71B
E71BE71B
E71BE71B
E71BE71B
E71BE71B
E71BE71B
E71BE71B
E71BE71B
E71BE71B
E71BE71B
E71BE71B
E71BE71B
E71BE71B
E71BE71B
E71BE71B
E71BE71B
E71BE71B
E71BE71B
E71BE71B
E71BE71B
F7BDEFDD
EFDDEFDD
EFDDF7DE
FFFFFFFF
FFDEFFDF
FFDFFFFF
FFDFFFFF
F7BDEFDD
EFBDEFBD
EFBDEFDD
EFDDEFDE
EFDED6DA
4A6931A6
E75DEF9D
F7FEE77C
EFBDEFBD
EFBDEFBD
EFBDEFBD
EFBDEFBD
EFDDEFBD
EFBDEF9D
F7DEFFDE
FFDEF7FF
F7BEEFDD
EFBDF7BE
E73CE71B
E71BE71B
E71BE71C
E71BE71C
E71CE71C
E71BE71B
E71BE71C
E71BE71B
E71BE71B
E71BE71B
E71BE71B
E71BE71B
E71BE71B
E71BE71B
E71BE71B
E71BE71B
E71BE71B
E71BE71B
E71CE71B
E71BE71B
E71BE71B
E71BE71B
E71BE71B
E71BE71B
E71BE71B
E71BE71B
E71BE71B
E71BE71B
E71BE71B
E71BE71B
E71BE71B
E71BE71B
E71BE71B
E71BE71B
E71BE71B
E71BE71B
E71BE71B
E71BE71B
E71CE71C
EFDDEFDD
EFDDEFDD
EFDDF7DE
FFDFFFDF
FFDFFFDF
FFDEFFFF
FFDFFFFF
EF9DEFBD
EFBDEFBD
E7BDE79D
EFBDE77C
EFBDC637
52AA2985
E77DE79D
E77CEFBE
DF5CEFBD
EFBDEFBD
EFBDEFBD
EFBDEFBD
EFBDEFBD
EFBDEF9D
F7BDFFDE
F7FEF7FF
EFBEE7DD
EFBDF7DE
E73CE71B
E71BE71B
E71BE71B
E71BE71B
E71BE71B
E71BE71B
E71BE71B
E71BE71B
E71BE71B
E71BE71B
E71BE71B
E71BE71B
E71BE71B
E71BE71B
E71BE71B
E71BE71B
E71BE71B
E71BE71B
E71CE71B
E71BE71B
E71BE71B
E71BE71B
E71BE71B
E71BE71B
E71BE71B
E71BE71B
E71BE71B
E71BE71B
E71BE71B
E71BE71B
E71BE71B
E71BE71B
E71BE71B
E71BE71B
E71BE71B
E71BE71B
E71BE71B
E71BE71B
E71CE71C
EFBDE7DC
E7DCE7DC
E7BDEFDD
FFDFFFDF
FFFFFFDF
FFDEFFFF
FFDEFFFF
EF9DE7BD
E7BDEFBD
EFBDDF1B
C678BDF7
B595A533
424839E7
9CF394D2
84508C91
DF3BE79D
E7BDE7BD
E7BDE7BD
E7BDE7BD
E7BDE7BC
E79DE79D
F7BDFFDE
F7DEF7DE
EFBDE7BD
E79DEFDE
E73CE71B
E71BE71B
E71BE71B
E71BE71B
E71BE71B
E71BE71B
E71BE71B
E71BE71B
E71BE71B
E71BE71B
E71BE71B
E71BE71B
E71BE71B
E71BE71B
E71BE71B
E71BE71B
E71BE71B
E71BE71B
E71BE71B
E71BE71B
E71BE71B
E71BE71B
E71BE71B
E71BE71B
E71BE71B
E71BE71B
E71BE71B
E71BE71B
E71BE71B
E71CE71B
E71BE71B
E71BE71B
E71BE71B
E71BE71B
E71BE71B
E71BE71B
E71BE71B
E71BE71B
E71BE71B
E79DE7DC
E7DCE7DC
E7BDEFBD
F7FFFFDF
FFDFFFDF
FFDFFFFF
FFDEFFFF
EF9DE7BD
E7BDE7BD
EF9DC638
7BEF738D
734D630B
4A694228
296518E3
10810841
C658E79C
E7BCE7BC
E7BCE7BC
E7BCE7BC
E7BCE79C
E79CE79C
EFBDF7DE
F7DEF7DE
EFBDDFBC
E7BDEFBD
E73CE71B
E71BE71B
E71BE71B
E71BE71B
E71BE71B
E71BE71B
E71BE71B
E71BE71B
E71BE71B
E71BE71B
E71BE71B
E71BE71B
E71BE71B
E71BE71B
E71BE71B
E71BE71B
E71BE71B
E71BE71C
E71BE71B
E71BE71B
E71BE71B
E71BE71B
E71BE71B
E71BE71B
E71BE71B
E71BE71B
E71BE71B
E71BE71B
E71BE71B
E71BE71B
E71BE71B
E71BE71B
E71BE71B
E71BE71B
E71BE71B
E71BE71C
E71BE71B
E71BE71B
E71BE71B
E79CE7BC
DFBCE7DC
DFBCEFDD
F7DEF7DE
F7DEF7BE
F7DEFFDF
F7BEF7DE
E79CE7BC
DFBCE7BC
DFBCB616
6BAD634C
52CA5ACA
528A3A07
21030861
00000020
BE18DF9C
DFBCDFBC
DFBCE7BC
DF9CDFBC
DFBCE7BC
E7BDDF9C
EFBDF7DE
F7DEF7FF
EFBDDFBC
E79CEFBD
E73CE71B
E71BE71B
E71BE71B
E71BE71B
E71BE71B
E71BE71B
E71BE71B
E71BE71B
E71BE71B
E71BE71B
E71BE71B
E71BE71B
E71BE71B
E71BE71B
E71CE71B
E71BE71B
E71BE71B
E71BE71B
E71BE71B
E71BE71B
E71BE71B
E71BE71B
E71BE71B
E71BE71B
E71BE71B
E71BE71B
E71BE71B
E71BE71B
E71BE71B
E71BE71B
E71BE71B
E71BE71B
E71BE71B
E71BE71B
E71BE71B
E71BE71C
E71BE71B
E71BE71B
E71BE71B
E79DE7BC
DFBCDFBC
DFBCEFBD
F7DEF7DE
FFDEFFDE
FFDEFFDE
F7DEF7DE
DF7CDFBC
DF9CDFBC
DFBCD77B
DF7BDF7B
DF5BC617
422839E6
D6DBDF3B
D71BDF5C
EFBEDF9C
DFBCDFBC
DFBCDF9C
DF9CDF9C
DF9CDFBC
DFBDDF9C
EFBDF7DE
F7DEF7FF
E79DDFBC
E79CEFBD
E73CE71B
E71BE71B
E71BE71B
E71BE71B
E71BE71B
E71BE71B
E71BE71B
E71BE71B
E71BE71B
E71BE71B
E71BE71B
E71BE71B
E71BE71C
E71CE71B
E71CE71B
E71BE71B
E71BE71B
E71BE71B
E71BE71B
E71BE71B
E71BE71B
E71BE71B
E71BE71B
E71BE71B
E71BE71B
E71BE71B
E71BE71B
E71BE71B
E71CE71C
E71CE71B
E71BE71B
E71BE71B
E71BE71B
E71BE71B
E71BE71C
E71BE71B
E71BE71B
E71BE71B
E71BE71C
E79CDFBC
DFBCDFBC
DF9CE7BD
F7DEF7DE
FFDEFFDE
FFDEF7FE
F7DEF7DE
DF7CDF9C
DF9CDF9C
DF9CDF9C
DFBCD77B
DF7CCE79
4A4931E6
E77DDF7C
DF7CD75B
DF9CDF9C
DF9BDF9C
DF9CDF9B
DF9BDF9B
DF9BDF9C
DFBCD79C
EFDDF7BE
F7BEF7DE
E7BDDF9B
DF9CE79D
E73CE71B
E71BE71B
E71BE71B
E71BE71B
E71BE71B
E71BE71B
E71BE71B
E71BE71B
E6FBE71B
E71BE71B
E71BE71B
E71BE71B
E71BE71B
E71BE71B
E71BE71B
E71BE71B
E71BE71B
E71BE71B
E71BE71B
E71BE71B
E71BE71B
E71BE71B
E71BE71B
E71BE71B
E71BE71B
E71BE71B
E71BE71B
E71BE71B
E71BE71B
E71BE71B
E71BE71B
E71BE71B
E71BE71B
E71BDEFB
E71BE71B
E71BE71B
E71BE71B
E71BE71C
E71BE71B
E79CDFBC
D7BBDFBB
DF9CE7BC
F7DEF7DE
F7DEF7DE
FFDEF7DE
EFDEF7DE
DF9CD79B
D79BD79B
DFBCD77B
DFBCDFDC
DF7CCEBA
3A4831E6
EF7DDFBC
D77BDFBC
CF7ADF9B
D79BD79B
D79BD77B
D79BD79B
D79BD79B
D79CD79C
E7DDEFBD
F7BDF7DE
E79DD79B
DF9BE79D
E73CDEFB
E71BE71B
E71BE71B
E71BE71B
E71BE71B
E71BE71B
E71BE71B
E71BE71B
E71BE71B
E71BE71B
E71BE71B
E71BE71B
E71BE71B
E71BE71B
E71BE71B
E71BE71B
E71BE71B
E71BE71B
E71BE71B
E71BE71B
E71BE71B
E71BE71B
E71BE71B
E71BE71B
E71BE71B
E71BE71B
E71BE71B
E71BE71B
E71BE71B
E71BE71B
E71BE71B
E71BE71B
E71BE71C
E71CE71B
E71BE71B
E71BE71B
E71BE71B
E71BE71C
E71BE71C
E79CD7BC
D7BBD7DB
DF9BE79C
F7DEEFDE
F7DEF7DE
F7DEF7DE
EFDEEFDE
DF9CD7BB
D79BD79B
D7BBD7BB
D7BBD79B
DF9CB617
32071103
DF5CCF7A
DFDBD7BA
D7BBD79B
D79BD79B
D79BD79B
D79BD79B
D79BD77B
D79BCF9B
E7BCEFDE
F7BDEFDE
DF9CD79B
D77BE79C
E73CDEFB
E71BE71B
E71BE71B
E71BE71B
E71BE71B
E71BE71B
E71BE71B
E71BE71B
E71BE71B
E71BE71B
E71BE71B
E71BE71B
E71BE71B
E71BE71B
E71BE71B
E71BE71B
E71BE71B
E71BE71B
E71BE71B
E71BE71B
E71BE71B
E71CE71C
E71CE71B
E71BE71B
E71BE71B
E71BE71B
E71BE71B
E71BE71B
E71BE71B
E71BE71B
E71BE71B
E71BE71B
E71BE71B
E71CE71C
E71BE71B
E71BE71B
E71BE71B
E71BE71B
E71BE71C
DF9CCF9B
CFBACFDB
D79BE79C
EFDDEFDE
F7DEF7DE
F7DEF7DE
EFDEEFFE
DF9CD7BB
D79BCF9B
CF9BD7BB
D79BCF9B
D79BDF9C
C6DAC6B9
E7DDD79B
D79ACF9A
CFBAD79B
D79BD79B
D79BCF9B
CF9BD79B
D79BD79B
D79BCF7B
E7DCEFBD
F7BDEFDD
DF9CD79B
CF7BE7BD
E75CDEFB
E71BE71B
E71BDEFB
E71BE71B
E71BE71B
E71BE71B
E71BE71B
E71BE71B
E71BE71B
E71BE71B
E71BE71B
E71BE71B
E71BE71B
E71BE71B
E71BE71B
E71BE71B
E71BE71B
E71BE71C
E71BE71B
E71BE71B
E71BE71B
E71CE71C
E71CE71B
E71BDF1B
E71BE71B
E71BE71B
E71BE71B
E71BE71B
E71BE71B
E71BE71B
E71BE71B
E71BE71B
E71BE71B
E71CE71C
E71BE71B
E71BE71B
E71BE71B
E71BE71B
E71BE71C
DF9CCFBB
CFDBCFDB
D79BE79C
EFDDEFDE
F7DEF7DE
F7DEF7DE
EFDEEFDE
D77BCFBB
CFBBCF9B
CF9ACF9B
CF9BCF9B
CF9BD7BB
C77AD79B
C75AD79B
CF9ACF9A
CFBACF7A
CF7ACF7A
CF7AD77B
D77BCF9B
CF9BD79B
CF9BCF7B
DFBCEFDD
EFBDEFDD
DF9CCF9A
CF5AE7BD
E75CDEFB
E71BDEFB
E71BE71B
E71BE71B
E71BE71B
E71BE71B
E71BE71B
E71BE71B
E71BE71B
E71BE71B
E71BE71B
E71BE71B
E71BE71C
E71CE71B
E71CE71C
E71BE71B
E71BE71B
E71BE71C
E71BE71B
E71BE71B
E71BE71B
E71BE71B
E71BE71B
E71BE71B
E71BE71B
E71BE71B
E71BE71B
E71BE71B
E71BE71B
E71BE71B
E71BE71B
E71CE71C
E71BE71B
E71BE71B
E71BE71B
E71BE71B
E71BE71B
E71BE71B
E71BE71C
DF9CC79A
C7BACFDB
D79ADF9B
EFFDEFDE
EFDEF7DE
F7DEF7DE
EFDEEFDE
D77BCF9A
CF9ACF9A
CF9ACF9A
CF9BCF9A
CF9AC77A
CFBAC77A
CFBBCF9A
CF9ACF7A
CF9ACF7A
CF7ACF7A
CF7ACF9A
CF9ACF9A
CF9ACF7A
CF9ACF7A
DFBBE7DD
EFBDE7BD
D79CCF9A
CF5AE7DD
E73CE71B
E71BE71B
E71BE71B
E71BE71B
E71BE71B
E71BE71B
E71BE71C
E71BE71B
E71BE71B
E71BE71B
E71BE71B
E71BE71B
E71BE71B
E71BE71B
E71BE71B
E71BE71B
E71BDEFB
DEFBE71B
E71BE71B
E71BE71B
E71BE71B
E71CE71C
E71BE71B
E71BE71B
E71BE71B
E71BE71B
E71BE71B
E71BE71B
E71BE71B
E71BE71B
E71BE71B
E71BE71B
E71BE71B
E71BE71B
E71BE71B
E71BE71B
E71BE71B
E71BE71B
E71BE71C
DF9CC7BA
C7DACFBA
CF9BDFBB
F7DEEFDE
EFDEEFDE
F7DEEFDE
EFDEEFDE
CF7AC79A
C79AC79A
C79ACF9A
C79AC79A
C79ACFBA
BF59C77A
CF9ACF7A
CF9ACF9A
CF7ACF7A
CF7ACF7A
CF7ACF9A
CF9ACF7A
C77ACF7A
CF9AC77A
D7BCE7BD
E79CE7BC
D77BC79A
CF5AE7BD
E73CE71B
E71BE71B
E71BE71B
E71BE71B
E71BE71B
E71BE71B
E71BE71B
E71BE71B
E71CE71B
E71BDEFB
E71BE71B
E71BE71B
E71BE71B
E71BE71B
E71BE71B
E71BE71B
E71BE71B
E71BE71B
E71BE71B
E71BE71B
E71BE71B
E71CE71C
E71BE71B
E71BE71B
E71CE71C
E71BE71B
E71BE71B
E71BE71B
E71BE71B
E71BE71B
E71BE71B
E71BE71B
E71BE71B
E71BE71B
E71BE71B
E71BE71B
E71BE71B
E71BE71B
E71BE71C
DF9CBFBA
BFDAC7BA
C7BADFBC
F7DEEFDE
EFDEEFDE
EFDEF7BD
F7DDEFDE
C75AC79A
C79AC79A
C79AC79A
C79AC79A
C79AC79A
CF9ACF9A
CF9ACF9A
C77ACF7A
C77AC77A
C77AC77A
C79AC77A
C77AC77A
C77AC779
C79AC759
D79CE7BD
E79CE7DD
CF9AC779
C739DF9C
E73CE71B
E71BE71B
E71BE71B
E71BE71B
E71BE71B
E71BE71B
E71BE71B
E71BE71B
E71CE71B
E71BE71B
E71BE71C
E71BE71B
E71BE71B
E71BE71B
E71BE71B
E71BE71B
E71BE71B
E71BE71B
E71BE71B
E71BE71B
E71BE71B
E71BE71B
E71BE71B
E71BE71B
E71CE71C
E71BE71B
E71BE71B
E71BE71B
E71BE71B
E71BE71B
E71BE71B
E71BE71B
E71BE71B
E71BE71B
E71BE71B
E71BE71B
E71BE71B
E71BE71B
E71BE71B
DF9BBFBA
BFD9C7BA
C79AD7BC
EFDEEFDE
EFDEE7DD
F7DEEF9D
EFBDEFDD
C75AC79A
C79AC799
C799C79A
C79AC79A
C79ABF9A
C79ACF9A
CF9AC77A
C779C779
C79AC77A
C77AC779
C77AC77A
C77AC779
C77AC779
C779BF59
D79BE7BD
E79CE7BC
CF7AC779
C739E79C
E75CDEFB
E6FBE6FB
E71BE71B
E71BE71B
E71BE71B
E71CE71B
E71BE71B
E71BE71B
E71BE71B
E71BE71B
E71BE71C
E71BE71B
E71BE71B
E71BE71B
E71BE71B
E71BE71B
E71BE71B
E71BE71B
E71BE71B
E71BE71B
E71BE71B
E71BE71B
E71BE71B
E71BE71B
E71BE71B
E71BE71B
E71BE71B
E71BE71B
E71CE71C
E71BE71B
E71BE71B
E71BE71B
E71BE71B
E71BE71B
E71BE71B
E71BE71B
E71BE71B
E71BE71B
E71BE71B
D77BBFBA
BFDAC7BA
BFBAD7BB
EFDDEFBD
E7DDE7DD
EFDDEFBD
EFDDE7DD
C759C799
C799C799
C799C799
C799C799
C799C79A
C779C779
C779C779
C779C779
C779C779
C779C779
C779C779
C779C779
C779C779
C77ABF59
CF9BDF9C
DF7BDFBC
CF7ABF79
C739DF9C
E73CDEFB
E6FBE6FB
E71BE71B
E71BE71B
E71CE71C
E71BE71B
E71BE71B
E71BE71B
E71BE71B
E71BE71B
E71BE71B
E71BE71B
E71BE71B
E71BE71B
E71BE71B
E71BE71B
E71BE71B
E71BE71B
E71BE71B
E71BE71B
E71BE71B
E71BE71B
E71BE71B
E71BE71B
E71BE71B
E71BE71B
E71BE71B
E71BE71B
E71CE71C
E71BE71B
E71BE71B
E71BE71B
E71BE71B
E71BE71B
E71BE71B
E71BE71B
E71BE71B
E71BE71B
E71BE71B
D77BB7B9
B7D9C799
BF9AD7BB
EFDDEFDD
E7DDE7DD
EFDDEFBD
EFDCE7DD
C759BF99
BF99BF99
BF99BF99
BF99BF99
BF99C799
C779C779
BF59C779
C779BF79
BF79BF79
BF79BF79
BF79BF79
BF79BF79
BF79BF79
BF79BF59
CF9BDF9C
DF7BDFBC
C77ABF79
BF39DF9C
E73CDEFB
E71BE71B
E71BDEFB
E71BE71B
E71CE71C
E71BE71B
E71BE71B
E71BE71B
E71BE71B
E71BE71B
E71BE71B
E71BE71B
DEFBE71B
E71BE71B
E71BE71B
E71BE71B
E71BE71B
E71BE71B
E71BE71B
E71BE71B
E71BE71C
E71BE71B
E71BE71B
E71BE71B
E71BE71B
E71BE71B
E71BE71B
E71CE71C
E71BE71B
E71BE71B
E71BE71B
E71BE71B
E71BE71B
E71BE71C
E71CE71B
E71BE71B
E71BE71B
E71BE71B
E71BE71B
D79BB7B9
B7D9BF99
BFBAD7BB
EFDDE7DD
E7DDE7DD
EFDDEFDD
E7BCE7FC
BF59BF99
BF99BF99
BF99BF99
BF99BF99
BF99BF99
BF79C779
C779BF79
BF79BF79
BF79BF79
BF79BF79
BF79BF79
BF79BF79
BF79BF78
BF79B759
CF9BDF9B
DF7BD7BB
C779BF79
BF39DF9C
E73BDEFB
E71BE71B
E71BE71B
E71BE71B
E71BE71B
E71BE71B
E71BE71B
E71BE71B
E71BE71B
E71BE71B
E71BE71B
E71BE71B
E71BE71B
E71BE71B
E71BE71B
E71BE71B
E71BE71B
E71BE71C
E71CE71B
E71BE71B
E71BE71B
E71BE71B
E71BE71B
E71BE71B
E71BE71B
E71BE71B
E71BE71B
E71BE71B
E71BE71B
E71BE71B
E71BE71B
E71BE71B
E71BE71B
E71BE71B
E71BE71B
E71BE71B
E71BE71B
E71BE71B
E71BE71B
D79BB7B9
B7D9BF98
B7B9CFBB
E7DDE7DD
E7DDDFDD
E7DDE7BC
E7DCDFDD
BF59BF78
BF79BF99
BF99BF99
BF99BF99
BF99BF79
BF78BF79
BF79BF78
BF78B779
BF78BF78
BF78BF78
BF78BF58
BF58BF78
BF78BF78
B779B759
C79AD79B
D77BD7BB
C759B758
BF39D77B
E73BDEFB
E71BE71B
E71BE71B
E71BE71B
E71BE71B
E71BE71B
E71BE71B
E71BE71B
E71BE71B
E71BE71B
E71BE71B
E71BE71B
E71BE71B
E71BE71B
E71BE71B
E71BE71B
E71BE71B
E71BE71B
E71CE71B
E71BE71B
E71BE71B
E71BE71B
E71BE71B
E71BE71B
E71BE71B
E71BE71B
E71BE71B
E71BE71B
E71BE71B
E71BE71B
E71BE71B
E71BE71B
E71BE71B
E71BE71B
E71BE71B
E71BE71B
E71BE71B
E71BE71B
E71BE71B
D79AAFB8
AFD8B778
B799CFBA
E7BCE7BD
DFDDDFDD
E7BCE7BC
E7BCDFDD
BF59B778
B778B798
BF78BF78
BF78BF79
BF79BF99
B778BF78
BF78BF78
BF78B778
B778B778
B778B778
BF78B778
B778B778
B778B758
B778B758
C79AD79B
D77BD7BB
BF59B758
B739DF9C
E73BDEFB
E71BE71B
E71BE71B
E71BE71B
E71BE71B
E71BE71B
E71BE71B
DEFBE71B
E71BE71B
E71BE71B
E71BE71B
E71BE71B
E71BE71B
E71BE71B
E71BE71B
E71BE71B
E71BE71B
E71BE71B
E71CE71B
E71BE71B
E71BE71B
E71BE71B
E71BE71B
E71BE71B
E71BE71B
E71BE71B
E71BE71B
E71BE71B
E71BE71B
E71BE71B
E71BE71B
E71BE71B
E71BE71B
E71BE71B
E71BE71B
E71BE71B
E71BE71B
E71BE71B
E71BDF1B
CF9BAFB8
B7D8B798
AFB8CFBB
E7BCE7DD
DFDDDFDC
E7DCE7BC
E7DCDFDC
BF58B778
B778B778
B798B798
B798B798
B798BF78
B798B778
B778BF78
B778B778
B778B778
B778B778
B778B778
B778B778
B778B778
B778B738
C77ACF9B
CF7ACF9A
BF59AF58
BF38D77B
E73BDEFB
E71BE71B
E71BE71B
E71BE71B
E71BE71B
E71BE71B
E71BE71B
E71BE71B
E71BE71B
E71BE71B
E71BE71B
E71BE71B
E71BE71B
E71BE71B
E71BE71B
E71BE71B
E71BE71B
E71BE71B
E71BE71B
E71BE71B
E71BE71B
E71BE71B
E71BE71B
E71BE71B
E71BE71B
E71BE71B
E71BE71B
E71BE71B
E71BE71B
E71BE71B
E71BE71B
E71BE71B
E71BE71B
E71BE71B
E71BE71B
E71BE71B
E71BE71B
E71BE71B
E6FCDF3C
C79AAFB8
B7B7AF97
A7D8CFBB
EFBCE7BC
DFDCDFDC
E7BCE79C
DFBBDFDC
B738B778
B798B798
B778B778
B778B778
B778B778
B778B778
B778B758
B778AF58
AF98B758
B778B778
B758B758
B758B758
B758B758
B758B738
C779CF9A
CF7ACF9B
BF59B757
BF18DF9C
E73BDEFB
E71BE71B
E6FBE71B
E71BE71B
E71BE71B
E71BE71B
E71BE71B
E71BE71B
E71BE71B
E71BE71B
E71BE71B
E71BE71B
E71BE71B
E71BE71B
E71BE71B
E71BE71B
E71BE71B
DF1BDF1B
E71BE71B
E71BE71B
E71BE71B
E71BE71B
E71BE71B
E71BE71B
E71BE71B
E71BE71B
E71BE71B
E71BE71B
E71BE71B
E71BE71B
E71BE71B
E71BE71B
E71BE71B
E71BE71B
E71BE71B
E71BE71B
E71BE71B
E71BE71B
E6FBDF3C
C7BAA7B8
AF97AF97
A7B8C7BA
EF9CDFBC
DFBCDFDC
DFBCDF9B
DFBBD7DC
B738AF78
AF98B778
AF78AF78
AF78AF78
B778B778
AF78A798
AF78B758
AF38B758
AF37AF78
AF58AF58
AF58AF58
AF58AF78
AF58AF58
AF58B738
C779C79A
CF7ACF9A
BF39B737
B718DF9C
E73CDEFB
E71BE71B
E71BE71B
E71BE71B
E71BE71B
E71BE71B
E71BE71B
E71BE71B
E71BE71B
E71BE71B
E71BE71B
E71BE71B
E71BE71B
E71BE71B
E71BE71B
E71BE71B
E71BE71B
E71BE71B
E71CE71B
E71BE71B
E71BE71B
E71BE71B
E71BE71B
E71BE71B
E71BE71B
E71BE71B
E71BE71B
E71BE71B
E71BE71B
E71BE71B
E71BE71B
E71BE71B
E71CE71B
E71BE71B
E71BE71B
E71BE71B
E71BE71B
E6FBE6FB
DEFBE71C
C7BAA7B8
AF97AF97
9FB7C7BA
E79CDFBC
D7BCD7DC
DFBCDF9B
DFBBD7DC
AF38AF78
AF77AF77
AF77AF77
AF77AF77
AF77B757
A777A798
AF78AF78
B758BF99
B737AF57
AF57AF57
AF57AF57
AF57AF57
AF57AF57
AF57AF37
BF79C779
C779C77A
BF38AF37
B718DF9C
E73CDEFB
E6FBDEFB
E71BE71B
E71BE71B
E71BE71B
E71BE71B
E71BE71B
E71BE71B
E71BE71C
E71BE71B
E71BE71B
E71BE71B
E71BE71B
E71BE71B
E71BE71B
E71BE71B
E71BE71B
E71BE71B
E71BE71B
E71BE71B
E71BE71B
E71BE71B
E71BE71B
E71BE71B
E71BE71B
E71BE71B
E71BE71B
E71BE71B
E71CE71B
E71BE71B
E71BE71B
E71CE71C
E71BE71B
E71BE71B
E71CE71B
E71BE71B
E71BE71B
E71BDEFB
DEFBDF3C
C79AA7B8
A7B7AF97
9FD7C7B9
E79BDFBC
D7BBD7DB
DFBBD79B
D7BBD7DB
AF37AF77
AF77AF77
AF77AF77
AF77AF77
AF77AF77
A777A798
A757A6F7
CFBCBF79
B758AF57
AF57AF57
AF57AF57
AF57AF57
AF57A757
AF57AF37
B758BF79
BF59BF79
B738A736
B738D77B
E73CDEFB
E71BE71B
E71BE71B
E71BE71B
E71BE71B
E71BE71B
E71BE71B
E71BE71B
E71BE71B
E71BE71B
E71BE71B
E71BE71B
E71BE71B
E71BE71B
E71BE71B
E71BE71B
E71BE71B
E71BE71B
E71BE71B
E71BE71B
E71BE71B
E71BE71B
E71BE71B
E71BE71B
E71BE71B
E71BE71B
E71BE71B
E71BE71B
E71BE71B
E71BE71B
E71BE71B
E71BE71B
E71BE71B
E71BE71B
E71BE71B
E71BE71B
E71BE71B
E71BE71B
DEFBDF3C
C79AA7B7
A7B7A796
9FB7BFB9
DFBBDFBC
D7BBD7DB
DFDCDFBB
D7BBD7DB
AF37AF77
AF77AF77
A777AF77
AF77AF77
A777AF76
A777AF78
A717C79A
DFDCAF17
AF77A757
A757A757
A757A757
A757A757
A757A757
A757A717
B758BF79
BF59BF79
B738A756
AF17D79B
E73CDEFB
E71BE71B
E71BE71B
E71BE71B
E71BE71B
E71BE71B
E71BE71B
E71BE71B
E71BE71B
E71BE71B
E71BE71B
E71BE71B
E71BE71B
E71BE71B
E71BE71B
E71BE71B
E71BE71B
E71BE71B
E71BE71B
E71BE71B
E71BE71B
E71CE71B
E71BE71B
E71BE71B
E71BE71B
E71BE71B
E71BE71B
E71BE71B
E71BE71B
E71BE71B
E71BE71B
E71BE71B
E71BE71C
E71CE71B
E71BE71B
E71BE71B
E71BE71B
E71BE71B
E71BDF3C
BF9A9FB7
A796A796
97B7B7B9
DFBBD7BB
D7DBD7DB
D7BBD7BB
D7BBCFDB
A737A776
A776A776
A776A756
A777A776
A7769F76
AF77A6F7
C77AE7DE
CF9AA737
9F56A736
A736A736
A736A736
A756A756
A7569F57
A757A716
AF58B778
B758B778
AF37A736
A6F6D79C
E73CDEFB
E71BE71B
E71BE71B
E71BE71B
E71CE71C
E71BE71B
E71BE71B
E71BE71B
E71BE71B
E71BE71B
E71BE71B
E71BE71B
E71BE71B
E71BE71B
E71BE71B
E71BE71B
E71BE71B
E71BE71B
E71BE71B
E71BE71B
E71BE71C
E71BDEFB
E71BE71B
E71BE71B
E71BE71B
E71BE71B
E71BE71B
E71BE71B
E71BE71B
E71BE71B
E71BE71B
E71BE71B
E71BE71B
E71BE71B
E71BE71B
E71BE71B
E71BE71B
E71BE71B
DEFBDF3C
BF999FB7
A7969F96
97B6B7B9
DFBBD7BB
D7BBCFBB
D7BBD79B
D7BACFDB
A737A776
A776A776
A776A756
A776A776
A7769F76
A757BF58
EFDEEFDD
B6F7A776
9796A736
A736A736
A736A736
A736A736
A7569F56
A7369F16
AF58B778
B758B758
AF179F36
A716CF7B
E73CDEFB
DEFBE71B
E71BE71B
E71BE71B
E71CE71B
E71BE71B
E71BE71B
E71BDEFB
E71BE71B
E71BE71B
E71BE71B
E71BE71B
E71BE71B
E71BE71B
E71BE71B
E71BE71B
E71BE71B
E71BE71B
E71BE71B
E71BE71B
E71BE71B
E71BE71B
E71BE71B
E71BE71B
E71BE71B
E71BE71B
E71BE71B
E71BE71B
E71BE71B
E71BE71B
E71BE71B
E71CE71C
E71BE71B
E71BE71B
E71BE71B
E71BE71B
E71BE71B
E71BE71B
E71CDF1B
B79997B6
9FB69F75
97B6B7B9
D79AD7BB
CFDBCFDB
D7BBD79B
CFBACFDB
A7369F76
9F76A776
A7769F76
A7969F76
9F76A777
B757EFDD
EFBDE7DC
AEB6A776
9776A736
A756A756
9F369F56
9F569F36
9F569F56
9F569F36
AF57AF58
AF58B778
A7179F35
A716CF7A
E73CE6FB
E6FBE71B
E71BE71B
E71BE71B
E71BE71B
E71CE71B
E71BE71B
E71BE71B
E71BE71B
E71BE71B
E71BE71B
E71BE71B
E71BE71B
E71BE71B
E71BE71B
E71BE71B
E71BE71B
E71BE71B
E71CE71B
E71BE71B
E71BE71B
E71BE71B
E71BE71B
E71BE71B
E71BE71B
E71BE71B
E71BE71B
E71BE71C
E71BE71B
E71BE71B
E71BE71B
E71BE71B
E71BE71B
E71BE71B
E71BE71B
E71BE71B
E71BE71B
E71BE71B
E71BE71C
B7B997B6
9F959F75
9F96B7B9
D79ACFBA
CFBBCFBB
D79BCF9B
CF9AC7DA
9F369776
97759F75
9F759F95
97559F96
9777AF18
E7DDFFDE
F7DEC77A
9F36A756
9F559F35
9F359F56
9F579F36
9F369F55
9F559F55
9F359F36
A737A757
A758AF78
A7169735
A6F6D75A
E73CDEFB
E71BE71B
E71BE71B
E71BE71B
E71BE71B
E71BE71B
E71BE71B
E71BE71B
E71BE71B
E71BE71B
E71BE71B
E71BE71B
E71BE71B
E71BE71B
E71BE71B
E71BE71B
E71BE71B
E71BE71B
E71CE71B
E71BE71B
E71BE71B
E71BE71B
E71BE71B
E71BE71B
E71BE71B
E71BE71B
E71BE71B
E71BE71C
E71BE71B
E71BE71B
E71BE71B
E71BE71B
E71BE71B
E71BE71B
E71BE71B
E71BE71B
E71BE71B
E71BE71B
E71BE71C
B79997B6
9F959F75
9796B798
D79ACFBA
C7BAC7BB
CF9BCF9A
CF9AC7DA
9F169776
97759775
97759F75
9F769F77
9EF6DFDD
F7DFF7DE
F7DEAF18
9F579F35
A7559755
97559F35
9F369F36
9F359735
97559F55
9F359ED5
AF37BF79
AF17AF37
A7169735
A6D5CF5A
E73CDEFB
E71BE71B
E71BE71B
E71BE71B
E71BE71B
E71BE71B
E71BE71B
E71BE71B
E71BE71B
E71BE71B
E71BE71B
E71BE71B
E71BE71B
E71BE71B
E71BE71B
E71BE71B
E71BE71B
E71BE71B
E71BE71B
E71BE71B
E71BE71B
E71BE71B
E71BE71B
E71BE71B
E71BE71B
E71BE71B
E71BE71B
E71BE71B
E71BE71B
E71BE71B
E71BE71B
E71BE71B
E71BE71B
E71BE71B
E71BE71B
E71BE71B
E71BE71B
E71BE71B
E71BE71C
B79997B6
97959F75
9795AFB8
D79AC7BA
C7BAC7BA
CF9BCF9A
CF9AC7DA
9F159F75
97759775
97959756
A7379ED6
D7DCFFDF
F79EF7FF
D7BC9F17
97569755
9F358F75
8F559735
9F359F35
97359755
8F558F35
9F159ED5
C7BACFDA
B758A736
9F159735
9ED5CF5A
E73CDEFB
E71BE71B
E71BE71B
E71BE71B
E71BE71B
E71BE71B
E71BE71B
E71BE71B
E71BE71B
E71BE71B
E71BE6FB
E71BE71B
E71BE71B
E71BE71B
E71BE71B
E71BE71B
E71BE71B
E71BE71B
E71CE71B
E71BE71B
E71BE71B
E71BE71B
E71BE71C
E71BE71B
E71BE71B
E71BE71B
E71BE71B
E71BE71B
E71BE71B
E71BE71B
E71BE71B
E71BE71B
E71BE71B
E71BE71B
E71BE71B
E71BE71B
E71BE71B
E71BE71C
E71BE71B
AF788FB6
97949775
8F96AFB8
CF9AC7BA
C7BAC7BA
CF9ACF7A
CF9AC7DA
9F159755
97758F95
97769F56
9ED6CFBB
EFDEFFDF
F7DEEFFE
A6D79776
8F758F75
97348F75
8F559735
97359F15
97358F54
87548735
975596D4
BF99B778
A7369F36
97158F35
9ED5CF5A
E73CDEFB
E71BE71B
E71BE71B
E71BE71B
E71BE71B
E71BE71B
E71BE71B
E71BE71B
E71BE71B
E71BE71B
E71BE71C
E71BE71B
E71BE71B
E71BE71B
E71BE71B
E71BE71B
E71BE71B
E71BE71B
E71CE71B
E71BE71B
E71BE71B
E71BE71B
E71BE71C
E71BE71B
E71BE71B
E71BE71B
E71BE71B
E71BE71B
E71BE71B
E71BE71B
E71BE71B
E71BE71B
E71BE71B
E71BE71B
E71BE71B
E71BE71B
E71BE71B
E71BE71C
E71BE71B
AF988FB6
97949774
8F95A7B8
CF99C7BA
BF99C7BA
C79ACF9A
C79AC7DA
97159755
8F758F75
977696F5
B759EFDE
FFDFFFDE
FFDED79B
9ED58F55
8F958F54
8F148F14
8F349715
97159714
8F148F54
8F548735
8F158EF5
9F369F35
97158F35
8F358714
96F5CF5A
E73CDEFB
E71BE71B
E71BE71B
E71BE71B
E71BE71B
E71BE71B
E71BE71B
E71BE71B
E71BE71B
E71BE71B
E71BE71B
E71BE71B
E71BE71B
E71BE71B
E71BE71B
E71BE71B
E71BE71B
E71BE71B
E71BE71B
E71BE71C
E71BE71C
E71BE71B
E71BE71B
E71BE71B
E71BE71B
E71BE71B
E71BE71B
E71BE71B
E71BE71B
E71BE71B
E71BE71B
E71BE71B
E71BE71B
E71BE71B
E71BE71B
E71BE71B
E71BE71B
E71BE71B
E71BE71B
AF988FB5
97948F74
8F95A7B8
CFBAC7BA
BFB9BFB9
C79AC799
C799BFDA
97158F54
8F559755
96F5BF59
EFFEF7DF
FFDFFFDF
F7DEC739
A6D69F15
9EF59EF5
9F16A716
9EF696D5
97358F14
8F149715
96F596F5
97159715
86B38F14
8F148F34
8F347F14
96D4CF7A
E73CE71B
E71BE71B
E71BE71B
E71BE71B
E71BE71B
E71BE71B
E71BE71B
E71BE71B
E71BE71B
E71BE71B
E71BE71B
E71BE71B
E71BE71B
E71BE71B
E71BE71B
E71CE71B
E71BE71B
E71BE71B
E71BE71B
E71BE71B
E71BE71C
E71BE71B
E71BE71B
E71BE71B
DEFBE71B
E71BE71B
E71BE71B
E71BE71B
E71CE71C
E71BE71B
E71BE71B
E71BE71B
E71BE71B
E71BE71B
E71BE71B
E71BE71B
E71BE71B
E71BE71B
E71BE71C
AF988FB5
97949774
87959F97
C799BFB9
BF99BFB9
C799C799
C799BFD9
97158F74
8F559F36
AEF6EFDE
F7DFFFDF
FFDFFFDF
EFDEEFDD
E7DDE7FD
EFFDE7DD
DFBCE7DD
E7DCCFDB
96F58F14
8F1596B4
A716BFB9
9EF68ED4
97358F13
87138EF4
8F148734
8EB4C75A
E73CE71B
E71BE71B
E71BE71B
E71BE71B
E71BE71B
E71BE71C
E71CE71B
E71BE71B
E71BE71B
E71BE71B
E71BE71B
E71BE71B
E71BE71B
E71BE71B
E71BE71B
E71BE71B
E71BE71B
E71BE71B
E71BE71B
E71BE71B
E71BE71B
E71BE71B
E71BE71B
E71BE71B
E71BE71B
E71BE71B
E71BE71B
E71BE71B
E71CE71C
E71BE71B
E71BE71B
E71BE71B
E71BE71B
E71BE71B
E71BE71B
E71BE71B
E71BE71B
E71BE71B
E71BE71C
AF9887B5
97958F54
87949F97
BF98BFB9
BFB9BFB9
BF99C799
BF99B7D9
8F158F95
9735AF17
EFFEF7DF
FFDFFFDF
FFDFFFDF
F7DEFFDF
F7DEFFDF
FFDFFFDF
EF9EF7FE
DF9C8633
8F358734
8EF49EF6
D7FCCFB9
B77796D4
8EF48F13
87138EF4
8EF47F13
96D5C75A
E73CE71B
E71BE71B
E71BE71B
E71BE71B
E71BE71B
E71BE71C
E71CE71B
E71BE71B
E71BE71B
E71BE71B
E71BE71B
E71BE71B
E71BE71B
E71BE71B
E71BE71B
E71BE71B
E71BE71B
E71BE71B
E71BE71C
E71BE71B
E71BE71B
E71BE71B
E71BE71B
E71BE71B
E71CE71C
E71BE71B
E71BE71B
E71BE71B
E71BE71B
E71BE71B
E71BE71B
E71BE71B
E71BE71B
E71BE71B
E71BE71B
E71BE71B
E71BE71B
E71BE71B
E71BE73C
A79787B5
97748F54
87749F96
B798BFB9
B799B799
BF99BF99
BF99B7D9
8F148F35
A716E7FE
F7DEFFDF
FFDEFFDE
F7DEFFBE
FFDFFFDF
FFFFFFDF
FFFFFFDF
F7DFE7DC
AEF78E93
87348734
8F149EF6
C7DBB777
9F158EF4
87148714
871386F3
7F137EF3
8EB4C75A
E73CDEFB
E71BE71B
E71BE71B
E71BE71B
E71BE71B
E71BE71B
E71CE71B
E71BE71B
E71BE71B
E71BE71B
E71BE71B
E71BE71B
E71BE71B
E71BE71B
E71BE71B
E71BE71B
E71BE71B
E71BE71B
E71BE71B
E71BE71B
E71BE71B
E71CE71C
E71CE71B
E71CE71B
E71BE71B
E71BE71B
E71BE71B
E71BE71B
E71BE71B
E71BE71B
E71BE71B
E71BE71B
E71BE71B
E71BE71B
E71BE71B
E71BE71B
E71BE71B
E71BE71B
E71BE71C
A79787B5
97748F54
87749F96
B797BF98
B7B8B799
BF99BF99
B798B7B8
8F359776
B7D9D7DB
D7BBDFBB
DF9BD7BB
D7BADFDC
DFDCEFDE
FFDFFFFF
FFDFFFFE
EFDEAF57
96D486F3
7F337F32
86F48EB4
9F369735
87147EF3
871386F3
86F386F3
86F38714
96D4CF7A
E73CDEFB
E71BE71B
E71BE71B
E71BE71B
E71BE71B
E71BE71B
E71BE71B
E71BE71B
E71BE71B
E71BE71B
E71BE71B
E71BE71B
E71BE71B
E71BE71B
E71BE71B
E71BE71B
E71BE71B
E71BE71C
E71BE71B
E71BE71B
E71BE71B
E71CE71C
E71CE71B
E71CE71B
E71BE71B
E71BE71B
E71BE71B
E71BE71B
E71BE71B
E71BE71B
E71BE71B
E71BE71B
E71BE71B
E71BE71B
E71BE71B
E71BE71B
E71BE71B
E71BE71B
E71BE71C
A77787D5
97539775
8FB69776
B7B8B797
AF98AFB8
B798BF98
B778AF97
8F347733
7F337F14
7F148715
86F48714
871486D5
B79AF7DF
FFDFFFDF
FFDEEFFD
BF7986F4
87137F33
7F337F33
7F337EF3
7EF47F14
7EF37EF3
86F386F3
86D38EF3
8ED38714
8E93CF5A
E73CDEFB
E71BE71B
E71BE71B
E71BE71B
E71BE71B
E71BE71B
E71BE71B
E71BE71B
E71BE71B
E71BE71B
E71BE71B
E71BE71B
E71BE71B
E71BE71B
E71BE71B
E71BE71B
E71BE71B
E71BE71C
E71BE71B
E71BE71B
E71BE71B
E71CE71C
E71BE71B
E71BE71B
E71BE71B
E71BE71B
E71BE71B
E71BE71B
E71BE71B
E71BE71B
E71BE71B
E71BE71B
E71BE71B
E71BE71B
E71BE71B
E71BE71B
E71BE71B
E71BE71B
DF1BE71B
A75787B4
86F27ED2
7F339FB6
B797AF97
AFB8A798
AF78B798
AF57AFD7
86F38F54
87138733
7F137F13
87548733
87537F14
D7FCEFBE
FFDFF7DF
EFDEBF99
86727F33
77327712
7F127F12
7F137F13
7F1386D4
8ED48693
86B286F3
86F286D2
8EF37692
8653BED8
E73BDEFB
E71BE71B
E71BE71B
E71BE71B
E71BE71B
E71BE71B
E71BE71B
E71BE71B
E71BE71B
E71BE71B
E71BE71B
E71BE71B
E71BE71B
E71BE71B
E71BE71B
E71BE71B
E71BE71B
E71BE71B
E71BE71B
E71BE71B
E71BE71B
E71BE71B
E71BE71B
E71BE71B
E71BE71B
E71BE71B
E71BE71B
E71BE71B
E71BE71B
E71BE71B
E71BE71B
E71BE71B
E71BE71B
E71BE71B
E71BE71B
E71BE71B
E71BE71B
E71BE71B
E71CE71C
A77687B4
86F18713
7F949776
AF77AF97
A7B7A798
AF98AF77
AF97A7D7
87138713
87337753
77727772
77527F52
87339F15
EFDDFFDE
FFDFEFFF
C7BA86B3
87137712
7F127EF2
86F27EF2
7EF27F12
7EF28EB4
AF56CFDA
B7D87EB2
76F276D2
86D27ED3
8E53C739
E73CDEFB
E71BE71B
E71BE71B
E71BE71B
E71BE71B
E71BE71B
E71BE71B
E71BE71B
E71BE71B
E71BE71B
E71BE71B
E71BE71B
E71BE71B
E71BE71B
E71BE71B
E71BE71B
E71BE71B
E71BE71B
E71BE71B
E71BE71B
E71BE71B
E71BE71B
E71BE71B
E71BE71B
E71BE71B
E71BE71B
E71BE71B
E71BE71B
E71BE71B
E71BE71B
E71BE71B
E71BE71B
E71BE71B
E71BE71B
E71BE71B
E71BE71B
E71BE71B
E71BE71B
E71CE71C
9F567FD4
87527F33
77748F75
AF96A796
A7B7A7B7
A797AF77
A797A7D7
7F137F33
77537772
6F726F52
77326F52
8713DFBC
F7DDF77C
FFDEC7BA
7EB37F33
76F17F12
7F127EF2
7EF27EF2
7ED27EF2
7EF27652
CFDAB777
AF567ED3
771276F2
7EB276F3
8673C739
E73CDEFB
E71BE71B
E71BE71B
E71BE71B
E71BE71B
E71BE71B
E71BE71B
E71BE71B
E71BE71B
E71BE71B
E71BE71B
E71BE71B
E71BE71B
E71BE71B
E71BE71B
E71BE71B
E71BE71B
E71BE71B
E71BE71B
E71BE71B
E71BE71B
E71BE71B
E71BE71B
E71BE71B
E71BE71B
E71BE71B
E71BE71B
E71BE71B
E71BE71B
E71BE71B
E71BE71B
E71BE71B
E71BE71B
E71BE71B
E71BE71B
E71BE71B
E71BE71B
E71BE71B
E71CE71C
9F757793
7F527F53
77738775
A796A796
9FB69F97
A796A776
A7769FD6
7F127F32
7F327F32
7F327F32
87337F13
86B3EFDE
F7DDF7DD
DFDC86D3
77326F11
7F317EF2
7EF276F2
77127712
76F276F2
76F26ED2
9F76AF76
96F476D2
6EF26EF2
86D26EF3
7EB3C719
E73BDEFB
E71BE71B
E71BE71B
E71BE71B
E71BE71B
E71BE71B
E71BE71B
E71BE71B
E71BE71B
E71BE71B
E71BE71B
E71BE71B
E71BE71C
E71CE71B
E71BE71B
E71BE71B
E71BE71B
E71BE71B
E71BE71C
E71BE71B
E71BE71B
E71BE71B
E71BE71B
E71BE71B
E71BE71B
E71BE71B
E71BE71B
E71BE71B
E71BE71B
E71BE71B
E71BE71B
E71BE71B
E71CE71C
E71BE71B
E71BE71B
E71BE71B
E71BE71B
E71BE71B
E71BE71C
9F966FB3
77527752
77738774
A7959F96
9F969F96
9F96A796
A7769FB6
77126F72
6F526F52
6F526F52
6F327753
8EF6E79E
EFFEEFFD
8E737712
67517752
76F17712
76F276F2
76F376F3
6F127712
76F26733
6ED27E92
7EB376F2
6EF176D2
7EB26ED1
7EB3BF19
E73BDEFB
E71BE71B
E71BE71B
E71BE71B
E71BE71B
E71BE71B
E71BE71B
E71BE71B
E71BE71B
E71BE71B
E71BE71B
E71BE71B
E71BE71B
E71BE71B
E71BE71B
E71BE71B
E71BE71B
E71CE71B
E71BE71B
E71BE71B
E71BE71B
E71BE71B
E71BE71B
E71BE71B
E71BE71B
E71BE71B
E71BE71B
E71BE71B
E71BE71B
E71BE71B
E71BE71B
E71BE71B
E71CE71C
E71BE71B
E71BE71B
E71BE71B
E71BE71B
E71BE71B
E71BE71C
9F766FB2
77517792
6F728773
A7959F95
9F959F75
9F959F96
9F759FB6
76F26F72
77327731
6F7167B2
6F327E72
E7DDFFDF
DFDD86D4
77336F31
771176F1
76F26731
7F138653
AF38BF9A
9F777ED2
6EB176D1
76F16EF1
6EF176D1
7ED176D1
6ED26ED1
76B2BF18
E71BDEFB
DEFBE71B
E71BE71B
E71BE71B
E71BE71B
E71BE71B
E71BE71B
E71BE71B
E71BE71B
E71BE71B
E71BE71B
E71BE71B
E71BE71B
E71BE71B
E71BE71B
E71BE71B
E71BE71B
E71CE71C
E71CE71B
E71BE71B
E71BE71B
E71BE71B
E71BE71B
E71BE71B
E71BE71B
E71BE71B
E71BE71B
E71BE71B
E71BE71B
E71BE71B
E71BE71B
E71BE71B
E71BE71B
E71BE71B
E71BE71B
E71BE71B
E71BE71B
E71BE71B
E71BE71B
9F966FB2
77716F92
67727F73
9F959795
97759775
9F759F75
977597B6
76F26F32
77127711
6F515F30
6ED28E94
E7DDE7DD
9ED676D3
67116731
6F116EF1
6F126F33
7651CFDB
DFDCCF9B
BFD99FB6
76B16ED1
6EF166F1
6EF16ED1
6ED16ED1
6EF176D0
6E91BF19
DF1BDEFB
DEFBE71B
E71BE71B
E71BE71B
E71BE71B
E71BE71B
E71BE71B
E71BE71B
E71BE71B
E71BE71B
E71BE71B
E71BE71B
E71BE71B
E71BE71B
E71BE71B
E71BE71B
DEFBE71B
E71BE71B
E71CE71B
E71BE71B
E71BE71B
E71BE71B
E71BE71B
E71BE71B
E71BE71B
E71BE71B
E71BE71B
E71BE71B
E71BE71B
E71BE71B
E71BE71B
E71BE71B
E71BE71B
E71BE71B
E71BE71B
E71BE71B
E71BE71B
E71BE71B
E71BE71B
977567B2
6F506F71
6F727F73
9F959795
97759775
97759775
979597B5
77126F52
77317711
6F516F32
7F13BFBA
DFDDA777
76926F12
67316711
67116711
67326E92
A777E7BD
DF7BD75A
B7799F96
7EF366D1
66F166D1
6ED16ED1
66D166D1
66D16ED0
6671BF19
E73BDEFB
E71BE71B
E71BE71B
E71BE71B
E71BE71B
E71BE71B
E71BE71B
E71BE71B
E71BE71B
E71BE71B
E71BE71B
E71BE71B
E71BE71B
E71BE71B
E71BE71B
E71BE71B
E71BE71B
E71BE71B
E71BE71B
E71BE71B
E71BE71B
E71BE71B
E71BE71B
E71BE71B
E71CE71C
E71CE71B
E71BE71B
E71BE71B
E71BE71B
E71BE71B
E71BE71B
E71BE71B
E71BE71B
E71BE71B
E71CE71B
E71BE71B
E71BE71B
E71BE71B
E71BE71B
9F766FB2
6F506F71
67717F73
97958F95
8F758F75
97748F74
8F948FB5
6EF26751
6F316F11
6F316F12
6E71CFDC
AF9866D1
6F326F31
6F116EF0
6EF06711
67116651
AFB8D7BB
CF39C739
AF378F35
76F366D1
6EB17691
76B276B2
6ED166B1
66D166B0
6671BF18
E73CDEFB
E71BE71B
DEFBE71B
E71BE71B
E71BE71B
E71BE71B
E71BE71B
E71BE71B
E71BE71B
E71BE71B
E71BE71B
E71BE71B
E71BE71B
E71BE71B
E71CE71C
E71CE71B
E71BE71B
E71BE71B
E71BE71B
E71BE71B
E71BE71B
E71BE71B
E71BE71B
E71BE71B
E71BE71B
E71BE71B
E71BE71B
E71BE71B
E71BE71B
E71BE71B
E71BE71B
E71BE71B
E71BE71B
E71BE71B
E71BE71B
E71BE71B
E71BE71B
E71BE71B
E71CDF3C
977567B2
6F706771
5F717772
8F948F74
8F748F74
8F748F74
87748794
6F116751
67316731
6F316EF2
8F55B7B9
7E726711
67106710
6EF076D0
76D066F0
5EF166B1
8F35BFB9
BF58AF17
97157ED3
6EB266D1
6E7086B2
9F567EB3
66916EB1
6EB066AF
6EB2B718
E73BDEFB
E71BE71B
E71BE71B
E71BE71B
E71BE71B
E71BE71B
E71BE71B
E71BE71B
E71BE71B
E71BE71B
E71BE71B
E71BE71B
E71BE71B
E71BE71B
E71BE71B
E71BE71B
E71BE71B
E71BE71B
E71BE71B
E71BE71B
E71BE71B
E71BE71B
E71BE71B
E71BE71B
E71BE71B
E71BE71B
E71BE71B
E71BE71B
E71BE71B
E71BE71B
E71BE71B
E71BE71B
E71BE71B
E71BE71B
E71BE71B
E71BE71B
E71BE71B
E71BE71B
E71CDF3C
97756791
6F506770
5F717752
8F748774
87748F74
87748774
87748774
6F116730
5F506730
673066D0
9FD66E90
7EF266F0
671066F0
6EF076B0
6EB066F0
5EF066F1
66B19775
97758734
77126ED1
66D166B0
7651C7DA
BF989FD8
6ED166B1
6E905EAF
6691B718
E73BDEFB
E71BE71B
E71BE71B
E71BE71B
E71BE71B
E71BE71B
E71BE71B
E71BE71B
E71BE71B
E71BE71B
E71BE71B
E71BE71B
E71BE71B
E71BE71B
E71BE71B
E71BE71B
E71BE71B
E71BE71B
E71BE71B
E71BE71B
E71BE71B
E71BE71B
E71BE71C
E71BE71B
E71BE71B
E71CE71B
E71BE71B
E71BE71B
E71BE71B
E71CE71B
E71BE71B
E71BE71B
E71BE71B
E71BE71B
E71BE71B
E71BE71B
E71BE71B
E71BE71B
E71CDF3C
97756791
6F506770
57716F52
87938774
87738774
87748774
7F737F93
6F116730
5F305F30
5F305ECF
775166F0
5ECF66F0
5F105F10
66F066F0
66D05EF0
57105EF0
5ED06EB0
6ED16EF1
66D066B0
66B06710
7691C7DA
A7578F15
66D15E90
66B05EAF
6690BF18
E71BDEFB
E71BE71B
E71BE71B
E71BE71B
E71BE71B
E71BE71B
E71BE71B
E71BE71B
E71BE71B
E71BE71B
E71BE71B
E71BE71B
E71BE71B
E71BE71B
E71BE71B
E71BE71B
E71BE71B
E71CE71C
E71BE71B
E71BE71B
E71BE71B
E71BE71B
E71BE71B
E71BE71B
E71BE71B
E71BE71B
E71BE71B
DEFBE71B
E71BE71B
E71BE71B
E71BE71B
E71BE71B
E71BE71B
E71BE71B
E71BE71B
E71BE71B
E71BE71B
E71BE71B
E71CE73C
97555F91
676F5F70
5F716751
87937F73
7F737F73
7F737F73
77537F73
67115F30
5F305F30
5F306730
5F0F5F4F
570F66F0
5F105F10
57105EF0
5EF05EF0
570F5F10
5EF066D0
5ED05EF0
5ECF66AF
66AF56F0
66909715
9F3676B3
56705ED1
5EAF5ED0
66B0AEF7
DF1BDEFB
DEFBE71B
E71BE71B
E71BE71B
E71BE71B
E71BE71B
E71BE71B
E71BE71B
E71BE71B
E71BE71B
E71BE71B
E71BE71B
E71BE71B
E71BE71C
E71BE71B
E71BE71B
E71BE71B
E71BE71B
E71BE71B
E71BE71B
E71BE71B
E71BE71B
E71BE71B
E71BE71B
E71BE71B
E71BE71B
E71BE71B
E71BE71B
E71BE71B
E71BE71B
E71BE71B
E71BE71B
E71BE71B
E71BE71B
E71BE71B
E71BE71B
E71BE71B
E71BE71B
E71CE73C
97555FB1
5F705F70
5F516771
77727773
77737753
7F537F73
77537772
67115F30
5F305F30
5F105F10
5F305F10
5F305F10
5F105710
5EF05EF0
5EF05EEF
5EEF5ED0
66B06690
6E8F6ECF
56AE56EF
4F115711
56F056AE
5E8E668F
66705E8F
56AF568F
5E70B6F7
E73CDEFB
DEFBE71B
E71BE71B
E71BE71B
E71BE71B
E71BE71B
E71BE71B
E71BE71B
E71BE71B
E71BE71B
E71BE71B
E71BE71B
E71BE71B
E71BE71B
E71BE71B
E71BE71B
E71BE71B
E71BE71B
E71BE71B
E71BE71B
E71BE71B
E71BE71B
E71BE71B
E71BE71B
E71BE71B
E71BE71B
E71BE71B
E71BE71B
E71BE71B
E71BE71B
E71BE71B
E71BE71B
E71BE71B
E71BE71B
E71BE71B
E71BE71B
E71BE71B
E71BE71B
DEFBE73B
97555FB1
578F5F70
5F506771
77927772
77727752
77527773
77527773
5F105F30
57305710
5F105F10
5F105F10
5EF05EF0
570F570F
56EF5EEF
56EF5ECF
5ECF5EEF
5ECF56F0
570F56EE
4E8D66B0
5E0F5E2F
5E2F56CF
56EF56CF
56AF568F
568F56AF
5E70AEF7
E73CDEFB
DEFBE71B
E71BE71B
E71BE71B
E71BE71B
E71BE71B
E71BE71B
E71BE71B
E71BE71B
E71BE71B
E71BDEFB
E71BE71B
E71BE71B
E71BE71B
E71BE71B
E71BE71B
E71BE71B
E71BE71B
E71BE71B
E71BE71B
E71BE71C
E71BE71B
E71BE71B
E71BE71B
E71BE71B
E71BE71B
E71BE71B
E71BE71B
E71BE71B
E71BE71B
E71BE71B
E71BE71B
E71BDEFB
E71BE71B
E71BE71B
E71BE71B
E71CE71B
E71BE71B
DEFBE73B
973557B0
578F5F50
5F505F51
6F726F72
6F526F52
6F527752
6F516F52
5F105730
572F570F
570F570F
570F5710
570F56EF
56EF56EF
56EF56EF
56EF56CF
56EE56CF
56CF4EF0
472F472F
56CF6E30
AF57BFD8
8EF35E6F
46CE470F
46CF568F
5E8F568F
5E70B6F7
E73CDEFB
E71BE71B
E71BE71B
E71BE71B
E71BE71B
E71CE71B
E71BE71B
E71BE71B
E71BE71B
E71BE71B
E71BE71B
E71BE71B
E71BE71B
E71BE71B
E71BE71B
E71BE71B
E71BE71B
E71BE71B
E71BE71B
E71BE71B
E71BE71C
E71BE71B
E71BE71B
E71BE71B
E71BE71B
E71BE71B
E71BE71B
E71BE71B
E71BE71B
E71BE71B
E71BE71B
E71BE71B
E71BE71B
E71BE71B
E71BE71B
E71BE71B
E71CE71B
E71BE71B
DEFBE73B
8F345791
4F8F574F
57305F71
67916771
6F716F51
6F526F51
67716772
57105710
570F570F
570F570F
570F56EF
56EF570F
56EF56EF
56EF56EF
56CE56CE
56CE56CF
56CF56D1
4EF03EAE
5EF06E51
C7DAA775
8EF36E51
5E904ED0
4EAF568F
566F568E
5E70AEF7
E73CDEFB
E71BE71B
E71BE71B
E71BE71B
E71BE71B
E71CE71B
E71BE71B
E71BE71B
E71BE71B
E71BE71B
E71BE71B
E71BE71B
E71BE71B
E71BE71B
E71BE71B
E71BE71B
E71BE71B
E71BE71B
E71BE71B
E71BE71B
E71BE71C
E71BE71B
E71BE71B
E71BE71B
E71BE71B
E71BE71B
E71BE71B
E71BE71B
E71BE71B
E71BE71B
E71BE71B
E71BE71B
E71BE71B
E71BE71B
E71BE71B
E71BE71B
E71BE71B
E71BE71B
E6FBE73B
8F344F8F
4F8F574F
572F5770
5F916771
67716751
67516F51
67516751
57104F0F
4F0F4F0F
4EEE570F
56EF56EE
56EE4EEF
56EE56EF
56CF4ECE
4ECE4ECE
56EE5F10
5E4F6E50
6E905E8F
568F5E90
97B77F54
6E716DF0
7E726650
564F568F
566E4E8E
566FAED6
E71BDEFB
E71BE71B
E71BE71B
E71BE71B
E71BE71B
E71BE71B
E71BE71B
E71BE71B
E71BE71B
E71BE71B
E71BE71B
E71BE71B
E71BE71B
E71BE71B
E71BE71B
E71BE71B
E71BE71B
E71BE71B
E71BE71B
E71BE71B
E71BE71B
E71BE71B
E71BE71B
E71BE71B
E71BE71B
E71BE71B
E71BE71B
E71BE71B
E71BE71B
E71BE71B
E71BE71B
E71BE71B
E71BE71B
E71BE71B
E71BE71B
E71BE71B
E71BE71B
E71BE71C
E71BE73C
8F544F90
4F8E4F4E
4F4F5770
5F905F70
5F705F70
5F506750
5F505F70
570F4F0F
4F0F4F0E
4EEF4EEF
4EEF4EEE
4EEE4EEE
4EEE4EEE
4ECE4ECE
4ECE4ECE
4ECE56CE
8733C7F9
B7F7668F
4E8E4E8E
4E6F4E8F
76D3CFDB
CFDBB7B9
6E91566E
4E8D4E8E
4E4EAED7
E73BDEFB
E71BE71B
E71BE71B
E71BE71B
E71BE71B
E71BE71B
E71BE71B
E71BE71B
E71BE71B
E71BE71B
E71BE71B
E71BE71B
E71BE71B
E71BE71B
E71BE71B
E71BE71B
E71BE71B
E71BE71B
E71BE71B
E71BE71B
E71BE71B
E71BE71B
E71BE71B
E71BE71B
E71BE71B
E71BE71B
E71BE71B
E71BE71B
E71BE71B
E71BE71B
E71BE71B
E71BE71B
E71BE71B
E71BE71B
E71BE71B
E71BE71B
E71BE71B
E71BE71C
E71BE73C
8F344F8F
4F8E4F4E
4F4F4F6F
5F705F50
5F505F50
5F505F30
5F305F50
4F0F4F0E
4F0E4F0E
4EEE4EEF
4EEE4EEE
4EEE4EEE
4EEE4EEE
4ECE4ECE
4ECE4ECE
4ECE468E
8F95A776
86F35ECF
3EAC4ECE
4E6E4E2F
AFB9C799
BF389F56
77534E6D
466C468D
4E2FAED7
E71BDEFB
E71BE71B
E71BE71B
E71BE71B
E71BE71B
E71BE71B
E71BE71B
E71BE71B
E71BE71B
E71BE71B
E71BE71B
E71BE71B
E71BE71B
E71BE71B
E71BE71B
E71BE71B
E6FBE71B
E71BE71B
E71BE71B
E71BE71B
E71BE71B
E71BE71B
E71BE71B
E71BE71B
E71BE71B
E71BE71B
E71BE71B
E71BE71B
E71BE71B
E71BE71B
E71BE71B
E71BE71B
E71BE71B
E71BE71B
E71BE71B
E71BE71B
E71BE71B
E71BE71B
E71BE73C
8F54476F
476E4F4E
4F4F4F4F
57705750
57505F4F
5F505F2F
5F2F5F50
4F0E470E
470E46EE
46EE4EEE
4EEE4EEE
4EEE4ECE
4EEE4ECD
4ECE4EAD
4ECD46CE
46CD4F0F
5E707EF3
66B046AD
3ECC46AD
566E4DAE
C7DBB717
B73886F4
67324E8E
4E6D466D
4E4FAED7
E73CDEFB
DEFBE71B
E71BE71B
E71BE71B
E71BE71B
E71BE71B
E71BE71B
E71BE71B
E71BE71B
E71BE71B
E71BE71B
E71BE71B
E71BE71B
E71BE71B
E71BE71B
E71BE71B
E71BE71B
E71BE71B
E71BE71B
E71BE71B
E71BE71B
E71BE71B
E71BE71B
E71BE71B
E71BE71B
E71BE71B
E71BE71B
E71BE71B
E71BE71B
E71BE71B
DF1BE71B
E71BE71B
E71BE71B
E71BE71B
E71BE71B
E71BE71B
E71BE71B
E71BE71B
E71BE73C
8F54476F
3F8D476E
476E4F6F
4F6F4F6F
4F504F50
574F572F
572F572F
4F0E470E
470E46EE
46EE46EE
46EE46EE
46EE46EE
468D5ECF
462D4E8E
46CE46CE
46AE4EAF
3EEE3ECE
4E8D4E6D
46ED3ECE
468E3E6D
8712AFB6
7EF366F2
564F464D
3E8D466C
464EA6F6
E73CDEFB
DEFBE71B
E71BE71B
E71BE71B
E71BE71B
E71BE71B
E71BE71B
E71BE71B
E71BE71B
E71CE71B
E71BE71B
E71BE71B
E71BE71B
E71BE71B
E71BE71B
E71BE71B
E71BE71B
E71BE71C
E71BE71B
E71BE71B
E71BE71B
E71BE71B
E71BE71B
E71BE71B
E71BE71B
E71BE71B
E71BE71B
E71BE71B
E71BE71B
E71BE71B
E71BE71B
E71BE71B
E71BE71B
E71BE71B
E71BE71B
E71BE71B
E71BE71B
E71BE71B
E71BE73C
8F54476E
3F8D474E
474E474E
4F6F4F6F
4F4F4F4F
4F4F4F2F
4F2F4F2E
470E470E
470E3F0E
46ED46EE
46EE46ED
46EE46CE
4EAE5EAF
4E6E4EAE
46CE3EAD
46AE4E8D
36CD2ECC
3E8C468D
36AD3E8D
462D3EAD
55ED7690
66D04E8F
464D462D
3E6D464C
3E2DA6F6
E73BDEFB
E71BE71B
E71BE71B
E71BE71B
E71BE71B
E71BE71B
E71BE71B
E71BE71B
E71BE71B
E71CE71B
E71BE71B
E71BE71B
E71BE71B
E71BE71B
E71BE71B
E71BE71B
E71BE71B
E71BE71C
E71BE71B
E71BE71B
E71BE71B
E71BE71B
E71BE71B
E71BE71B
E71BE71B
E71BE71B
E71BE71B
E71BE71B
E71BE71B
E71BE71B
E71BE71B
E71BE71B
E71BE71B
E71BE71B
E71BE71B
E71BE71B
E71BE71B
E71BE71B
E71CE73B
8F543F6E
3F6D3F4E
474E474E
474E4F4E
474E472E
472E472E
4F2E4F2E
470E3F0E
3F0E3EED
3EED3EED
3EED3EED
3EED3ECD
4ECE5F10
56CF46AE
3EAD3EAD
3EAD46CC
3F0D3EAD
464D462D
3E4D3E8D
4E8E3E8D
4E6D4E0C
3E6C368C
3E4C464C
464D464C
3E2DA717
E73CDEFB
E71BE71B
DEFBE71B
E71BE71B
E71BE71B
E71BE71B
E71BE71B
E71BE71B
E71BE71B
E71BE71B
E71BE71B
E71BE71B
E71BE71B
E71BE71B
E71BE71B
E71CE71B
E71BE71B
E71BE71B
E71BE71B
E71BE71B
E71BE71B
E71BE71B
E71BE71B
E71BE71B
E71BE71B
E71BE71B
E71BE71B
E71BE71B
E71BE71B
E71BE71B
E71BE71B
E71BE71B
E71BE71B
E71BE71B
E71BE71B
E71BE71B
E71BE71B
E71BE71B
E71CE73B
87343F6E
3F6D3F4D
3F4D3F4D
474E472E
472E472E
472E470E
470E470E
3F0D3F0D
3EED3EED
3EED3EED
3EED3ECD
3ECD3ECD
3E8D56EE
3E6D3EAD
3EAD3EAD
3ECD2EEB
3E6C662F
AEF6AF36
8F35466E
3E4C3E6D
3E8C366B
2EAB2EAB
366C464C
462C3E6C
3E4D9ED6
E71BDEFB
E71BE71B
DEFBE71B
E71BE71B
E71BE71B
E71BE71B
E71BE71B
E71BE71B
E71BE71B
E71BE71B
E71BE71B
E71BE71B
E71BE71B
E71BE71B
E71BE71C
E71CE71B
E71BE71B
E71BE71B
E71BE71B
E71BE71B
E71BE71B
E71BE71B
E71CE71C
E71CE71B
E71BE71B
E71BE6FB
E71BE71B
E71BE71B
E71BE71B
E71BE71B
E71BE71B
E71BE71B
E71BE71B
E71BE71B
E71BE71B
E71BE71B
E71BE71B
E71BE71B
E71CE75B
87333F6E
376D374D
374D374D
3F4D3F4D
3F2D3F2D
3F2D3F0D
3F0D3F0D
3F0D3F0D
36ED3EED
3EED3EED
3EED3EED
36CC36CD
3EAD468D
3EAD36CD
36CD3E8C
3ECD470F
6651E7FD
D79BCF7A
AF589FF7
4E4E466D
366C36AC
2E6A3EAC
3E6C3E4C
464D3E4B
3E4D96D5
E73BDEFB
DEFBDEFB
E71BE71B
E71BE71B
E71BE71B
E71BE71B
E71BE71B
E71BE71B
E71BE71B
E71BE71B
E71BE71B
E71BE71B
E71BE71B
E71BE71B
E71BE71B
E71CE71B
E71BE71B
E71CE71C
E71BE71B
E71BE71B
E71BE71B
E71BE71B
E71BE71B
E71BE71B
E71BE71B
E71BE71B
E71BE71B
E71BE71B
E71BE71B
E71BE71B
E71BE71B
E71BE71B
E71BE71B
E71BE71B
E71BE71B
E71BE71B
E71BE71B
E71BE71B
E71CE75B
87133F6E
378C374C
374D374D
374D372D
3F4D372D
372D370D
3F0C370C
36EC36EC
36EC36ED
36EC36EC
36EC36EC
36CC36EC
36CD3EAD
36AC36AC
36CC3EAC
3E8D45AD
D7FCD79B
CF7BBF5A
AF189F15
8F54466C
366C368C
3E0C3D8B
3E2C468D
360B3E4B
3E2C96D6
E73BDEFB
DEFBDEFB
E71BE71B
E71BE71B
E71BE71B
E71BE71B
E71BE71B
E71BE71B
E71BE71B
E71BE71B
E71BE71C
E71BE71B
E71BE71B
E71BE71B
E71BE71B
E71BE71B
E71BE71B
E71BE71B
E71BE71B
E71BE71B
E71BE71B
E71BE71B
E71BE71B
E71BE71B
E71BE71B
E71BE71B
E71BE71B
E71BE71B
E71BE71B
E71BE71B
E71BE71B
E71BE71B
E71BE71B
E71BE71B
E71BE71B
E71BE71B
E71BE71B
E71BE71B
E71CE75B
7EF33F6D
376C376C
374D2F4D
374C372D
374D372D
370C370C
370C370C
36EC36EC
36EC36EC
36EC36EC
36EC36CC
36CC2EEC
36CC36AC
36AC2ECC
36CC36AC
468D7ED4
D7DCD77A
A7989797
8F158ED3
7EB1468C
366C2DCC
7EB29F76
564E2DEA
3E6C362B
362C9EF6
E73BDEFB
DEFBDEFB
E71BE71B
E71BE71B
E71BE71B
E71BE71B
E71BE71B
E71BE71B
E71BE71B
E71BE71B
E71BE71C
E71BE71B
E71BE71B
E71BE71B
E71BE71B
E71BE71B
E71BE71B
E71BE71B
E71BE71B
E71BE71B
E71BE71B
E71BE71B
E71BE71B
E71BE71B
E71BE71B
E71BE71B
E71BE71B
E71BE71B
E71BE71B
E71BE71B
E71BE71B
E71BE71B
E71BE71B
E71BE71B
E71BE71B
E71BE71B
E71BE71B
E71BE71B
E71CE75B
7F33376D
2F6C2F4C
2F4C2F4D
2F4C2F2C
2F2C2F2C
2F2C2F0C
2F0C2F0C
2EEC36EC
36EC2EEC
36EC2ECC
36CC36CC
2ECC2ECB
2ECC36AC
2ECC2ECC
2ECC36AC
46AD7F55
C7DAC737
9F368775
7F336EF1
5ECF468C
366C5EB1
C7DBB758
7F543E8D
262A362B
362C96D5
E71BDEFB
E71BE71B
E6FBE71B
E71BE71B
E71BE71B
E71BE71B
E71BE71B
E71BE71B
E71BE71B
E71BE71B
E71BE71B
E71CE71C
E71BE71B
E71BE71B
E71BE71B
E71BE71B
E71BE71B
E71BE71B
E71BE71B
E71BE71B
E71BE71B
E71BE71B
E71BE71B
E71BE71B
E71BE71B
E71BE71B
E71BE71B
E71BE71B
E71BE71B
E71BE71B
E71BE71B
E71BE71B
E71BE71B
E71BE71B
E71BE71B
E71BE71B
E71BE71B
E71BE71B
E71CE75C
7F322F8C
2F6C2F6C
2F4C274D
2F4B2F4C
2F2C2F2C
2F0C2F0C
2F0C2F0C
2EEC36EC
2EEC2ECC
2ECC2ECC
2ECC2ECB
2ECB2ECC
2ECB2ECC
2EAC2EAC
2EAC2EAB
368C5E70
A7D7A735
9F357EF3
66F156CF
4EAD366C
3E6C5EB0
9FB78F33
5E6F3E2C
2E4B2E4A
2E2C96B5
E71BDEFB
E71BE71B
E71BE71B
E71BE71B
E71BE71B
E71BE71B
E71BE71B
E71BE71B
E71BE71B
E71BE71B
E71BE71C
E71BE71B
E71BE71B
E71BE71B
E71BE71B
E71BE71B
E71BE71B
E71BE71B
E71BE71B
E71BE71B
E71BE71B
E71BE71B
E71BE71B
E71BE71B
E71BE71B
E71BE71B
E71BE71B
E71BE71B
E71BE71B
E71BE71B
E71BE71B
E71BE71B
E71BE71B
E71BE71B
E71BE71B
E71BE71B
E71BE71B
E71BE71B
E71CE75C
7F322F8C
274C274C
2F4D274D
2F4B2F2B
2F2B2F2C
2F0C2F0C
270C270C
2EEC2EEC
2ECC2EEB
2ECB2ECB
2ECB2ECB
2ECB2EAB
2EAB2EAB
2EAC2EAB
2EAB2EAB
368B3E2D
77529796
7EF36EF2
56D046AD
364B262A
368C35CC
66F156AF
462C2E2B
262A2E4A
2E0B9ED6
E71BDEFB
DEFBDEFB
E71BE71B
E71BE71B
E71BE71B
E71BE71B
E71BE71B
E71BE71B
DEFBE71B
E71BE71B
E71BE71C
E71BE71B
E71BE71B
E71BE71B
E71BE71B
E71BE71B
E71BE71B
E71BE71B
E71BE71B
E71BE71B
E71BE71B
E71BE71B
E71BE71B
E71BE71B
E71BE71B
E71BE71B
E71BE71B
E71BE71B
E71BE71B
E71BE71B
E71BE71B
E71BE71B
E71BE71B
E71BE71B
E71BE71B
E71BE71B
E71BE71B
E71BE71B
E71BE75C
7F322F8C
1F6B274B
274C274C
274B272B
272B272B
272B272B
270B270B
26EB2EEB
2EEB2EEB
26CB26CB
26CB26CB
26AB26AB
26AB26AB
26AB2EAB
268B2E8B
2E8B2E6C
360C5ED0
673156EF
3EAD368C
264B266B
266B262B
2E2B2E4B
262B264B
264A2649
260B9ED6
E71CDEFB
DEFBE71B
E71BE71B
E71BE71B
E71BE71B
E71BE71B
E71BE71B
E71BE71B
E71BE71B
E71BE71B
E71BE71B
E71BE71B
E71BE71B
E71BE71B
E71BE71B
E71BE71B
E71BE71B
E71BE71B
E71BE71B
E71BE71B
E71BE71B
E71BE71B
E71BE71B
E71BE71B
E71BE71B
E71BE71B
E71BE71B
E71BE71B
E71BE71B
E71BE71B
E71BE71B
E71BE71B
E71BE71B
E71BE71B
E71BE71B
E71BDEFB
E71BE71B
E71BE71B
DF1BE75C
7F32278C
1F6B274B
272C1F4C
274B272B
272B272B
272B270B
270B270B
26EB26EB
26EB26EB
26EB26CB
26CB26CB
26CB26CB
26AB26AB
268B268B
268B268A
268A1EAB
266B2E2C
364C2E8C
266B266B
264A264A
1E2A268B
264B1E6A
1E4A262A
264A2649
260B96D6
E73CDEFB
E71BE71B
E71BE71B
E71BE71B
E71BE71B
E71BE71B
E71BE71B
E71BE71B
E71BE71B
E71BE71B
E71BE71B
E71CE71B
E71BE71B
E71BE71B
E71BE71B
E71BE71B
E71BE71B
E71BE71B
E71BE71B
E71BE71B
E71BE71B
E71BE71B
E71BE71B
E71BE71B
E71BE71B
E71BE71B
E71BE71B
E71BE71B
E71BE71B
E71BE71B
E71BE71B
E71BE71B
E71BE71B
E71BE71B
E71BE71B
E71BE71B
E71BE71B
E71BDEFB
DF1BE75C
7732278B
1F4B272B
272C1F2C
272B272B
272A1F2B
270B270B
1F0B1F0B
26EB26EA
26EA26CA
26CB26CB
1ECB1EAA
1ECB1ECB
1EAB26AA
268B268A
268A268A
1E8A1EAA
1E8A2E4B
264A266A
1E6A266A
264A264A
1E4A1E49
16491E49
1E2A262A
260A1E49
1DEB96B6
E73CDEFB
E71BE71B
E71BE71B
E71BE71B
E71BE71B
E71BE71B
E71BE71B
E71BE71B
E71BE71B
E71BE71B
E71BE71B
E71CE71B
E71BE71B
E71BE71B
E71BE71B
E71BE71B
E71BDEFB
E71BDEFB
E71BE71C
E71BE71B
E71BE71B
E71BE71B
E71BE71B
E71BE71B
E71BE71B
E71BE71B
E71BE71B
E71BE71B
E71BE71B
E71BE71B
E71BE71B
E71BE71B
E71BE71B
E71BE71B
E71BE71B
E71BE71B
E71BE71B
DEFBDEFB
DEFBE75C
77321F8B
176B1F4B
1F2B1F2B
1F4A1F2A
1F2A1F0B
1F0A1F0A
1F0B1F0B
1EEA1EEA
1EEA1ECA
1ECA1ECA
1ECA1ECA
1ECA1ECA
1EAA1EAA
1E8A1E8A
1E8A1E8A
1E8A1E8A
1E6A266A
264A1E6A
1E6A264A
2E2A262A
1E4A1E49
1E491E49
1E492629
260A2629
1DEA8ED6
E73CDEFB
E71BE71B
E71BE71B
E71BE71B
E71BE71B
E71BE71B
E71BE71B
E71BE71B
E71BE71B
E71BE71B
E71BE71C
E71BE71B
E71BE71B
E71BE71B
E71CE71C
E71CE71B
E71BE71B
E71BDEFB
E71BE71B
E71BE71B
E71BE71B
E71BE71B
E71BE71B
E71BE71C
E71BE71B
E71BE71B
E71BE71B
E71BE71B
E71BE71B
E71BE71B
E71BE71B
E71BE71B
E71BE71B
E71BE71B
E71BE71B
E71BE71B
E71BE71B
E71BE71B
E71BE77C
77511F8A
176B1F4A
1F2B1F4B
1F4A1F2A
1F2A1F0A
1F0A1F0A
1EEA1EEA
1EEA1EEA
1ECA1ECA
1ECA16CA
1ECA1ECA
1ECA16CA
1EAA1EAA
16AA16AA
1E8A1E6A
1689168A
1E6A2669
1E6A168A
1E6A1E4A
262A1E4A
1E4A1649
1E291E29
1E291E29
1E291E49
15EA96D6
E73BDEFB
E71BE71B
E71BE71B
E71BE71B
E71BE71B
E71BE71B
E71BE71C
E71BE71B
E71BE71B
E71CE71B
E71BE71B
E71BE71B
E71BE71B
E71BE71B
E71BE71B
E71BE71B
E71BE71B
E71BE71B
E71BE71B
E71BE71B
E71BE71B
E71BE71B
E71BE71B
E71BE71B
E71BE71B
E71BE71B
E71BE71C
E71BE71B
E71BE71B
E71BE71B
E71BE71B
E71BE71B
E71BE71B
E71BE71B
E71BE71B
E71BE71B
E71BE71B
E71BE71B
E71BE75C
6F111F6A
174A1F4A
1F2B172B
172A172A
172A16EA
1EEA1EEA
1EEA1EEA
1EEA16EA
1ECA16CA
16CA1ECB
26CB1ECB
26EB26EB
26EB26CB
1ECB1EAB
26CB1E8B
1E6A1669
1E6A1E69
1669166A
166A164A
1E2A164A
164A1649
1E291629
16291629
162A1628
15EA8EB6
E73CDEFB
DEFBE71B
DEFBE71B
E71BE71B
E71BE71B
E71BE71B
E71BE71B
E71BE71B
E71BE71B
E71BE71B
E71BE71B
E71BE71B
E71BE71B
E71BE71B
DEFBE71B
E71BE71B
E71BE71B
E71BE71B
E71BE71B
E71BE71B
E71BE71C
E71CE71C
E71BE71B
E71BE71B
E71BE71B
E71BE71B
E71BE71B
E71BE71B
E71BE71B
E71BE71B
E71BE71B
E71BE71B
E71BE71B
E71BE71B
E71BE71B
E71BE71B
E71BE71B
E71BE71B
E71CE75C
77111F6A
174A174A
172A174B
172A170B
170B170A
16EB16EB
16EB16EB
1ECA26A8
26A916E9
16EA0404
00E00120
01200140
01400160
01410120
01400160
3D8B164A
166A166A
164A166A
166A164A
162A164A
162A164A
162A162A
162A162A
16091608
15EA86B5
E73CDEFB
DEFBDEFB
E71BE71B
E71BE71B
E71BE71B
E71BE71B
E71BE71B
E71BE71B
E71BE71B
E71BE71B
E71BE71B
E71BE71B
E71BE71B
E71BE71B
E71BE71B
E71BE71B
E71BE71B
E71BE71C
E71BE71B
E71BE71B
E71BE71B
E71BE71B
E71BE71B
E71BE71B
E71BE71B
E71BE71B
E71BE71B
E71BE71B
E71BE71B
E71BE71B
E71BE71B
E71BE71B
E71BE71C
E71CE71B
E71BE71B
E71BE71B
E71BE71B
E71BE71B
E6FBE75C
77311F8A
0F4A174A
172A0F4B
0F29170A
170A1709
170A170A
0EEA16EA
0F090EEA
16CA06EA
0EEC1C8A
3A2741E9
3A4A4A08
42283A29
42294A09
3A072286
452C1669
0E890E69
0E690E69
16690E49
0E490E48
0E490E49
16490E48
0E280E29
16081E08
15CA8E95
E73BDEFB
DEFBE71B
E71BE71B
E71BE71B
E71BE71B
E71BE71B
E71BE71B
E71BE71B
E71BE71B
E71BE71B
E71BE71B
E71BE71B
E71BE71B
E71BE71B
E71BE71B
E71BE71B
E71BE71B
E71BE71B
E71BE71B
E71BE71B
E71BE71B
E71BE71B
E71BE71B
E71BE71B
E71BE71B
E71BE71B
E71BE71B
E71BE71B
E71BE71B
E71BE71B
E71BE71B
E71BE71B
E71BE71B
E71BE71B
E71BE71B
E71BE71B
E71BE71B
E71BE71B
E6FBE75C
6F31178A
076A0F49
172A170A
17091708
170916E9
16E916E9
16E816C8
0EE906E9
0EC90EEA
0ECA2DAB
648C646D
5CAD648D
5CAD5C8E
648E6C6D
5C6C550C
45AB1E48
16681648
1E481648
1E281628
16281628
16281628
16281608
1E081608
1E071DE7
1DA98E94
E71BDEFB
DEFBE71B
E71BE71B
E71BE71B
E71BE71B
E71BE71B
E71BE71B
E71BE71B
E71BE71B
E71BE71B
E71BE71B
E71BE71B
E71BE71B
E71BE71B
E71BE71B
E71BE71B
E71BE71B
E71BE71B
E71CE71B
E71BE71B
E71BE71B
E71BE71B
E71BE71B
E71BE71B
E71BE71B
E71BE71B
E71BE71B
E71BE71B
E71BE71B
E71BE71B
E71BE71B
E71BE71B
E71BE71B
E71BE71B
E71BE71B
E71BE71B
E71BE71B
E71BE71B
E6FBE75C
6F310F8A
07690749
0F290F29
0F280F09
0F090F0A
06EA0F0A
06E90EE9
0EE90EE9
16C80EC8
06E81669
36292629
1E6A1E49
1E691E49
260A1DE9
1E081669
06480E69
0E690E69
0E690E69
0E480E49
0E490E49
0E290E29
0E290E29
0E290E09
0E080E07
15C88E94
E73BDEFB
DEFBE71B
E71BE71B
E71BE71B
E71BE71B
E71BE71B
E71BE71B
E71BE71B
E71BE71B
E71BE71B
E71BE71B
E71BE71B
E71BE71B
E71BE71B
E71BE71B
E71BE71B
E71BE71B
E71BE71B
E71BE71B
E71BE71B
E71BE71B
E71BE71B
E71BE71B
E71BE71B
E71BE71B
E71CE71C
E71CE71B
E71BE71B
E71BE71B
E71BE71B
E71BE71B
E71BE71B
E71BE71B
E71BE71B
E71BE71B
E71BE71B
E71BE71B
E71BE71B
E6FBE75C
6F300F49
0F8A0749
0F290749
07280F0A
070A070A
06EA0EEA
0EE906C9
0EC90EC9
16A90EC9
06E90EC9
16C90EC9
06C90EA9
0ECA0EAA
0E8A0E69
0E690688
06880E69
0E690E69
0E690628
0E290E28
0E290E29
0E290E29
0E090E29
0E290E09
0DE90627
060986B4
DF3BDEFB
DEFBE71B
E71BE71B
E71BE71B
E71BE71B
E71BE71B
E71BE71B
E71BE71B
E71BE71B
E71CE71B
E71BE71B
E71BE71B
E71BE71B
E71BE71B
E71BE71B
E71BE71B
E71BE71B
E71BE71B
E71BE71B
E71BE71B
E71BE71B
E71BE71B
E71BE71B
E71BE71B
E71BE71B
E71CE71C
E71CE71C
E71CE71B
E71BE71B
E71BE71B
E71BE71B
E71BE71B
E71BE71B
E71BE71B
E71BE71B
E71BE71B
E71BE71B
E71BE71B
DEFBE75B
7F111F49
0F490F08
0F290729
0F280F08
07080EE8
0EE80EE8
0EE80EC8
06E906C9
0EC90EC9
06C90EC9
0EC90EC9
0EC90EC9
0EA90EA9
16890E69
0E891689
0E880E67
0E470E67
0E470E47
0E270E27
0E270E27
0E270E07
0E070E07
0E270E28
0E070607
05C986D6
DF3BDEFB
DEFBE71B
E71BE71B
E71BE71B
E71BE71B
E71BE71B
E71BE71B
E71BE71B
E71BE71B
E71CE71B
E71BE71B
E71BE71B
E71BE71B
E71BE71B
E71BE71B
E71BE71B
E71BE71B
E71BE71B
E71BE71B
E71BE71B
E71BE71B
E71BE71B
E71BE71B
E71BE71B
E71BE71B
E71BE71C
E71BE71B
E71BE71C
E71BE71B
E71BE71B
E71BE71B
E71BE71B
E71BE71B
E71BE71B
E71BE71B
E71BE71B
E71BE71B
E71BE71B
E6FCE73C
6F311729
1F4B1F0B
16EB070A
07280709
07090709
06E90EE9
0EE906E8
06E806E9
06E906E9
06C906A8
0EA80EA8
0E8806A8
06A806A8
06A80688
06880667
06680668
06680648
06470647
06470648
06270E48
06270627
0E070E47
06270627
0DE71D88
1DAA8EB6
E73CDEFB
E71BE71B
E71BE71B
E71BE71B
E71BDEFB
E71BE71B
E71BE71B
E71BE71B
E71CE71C
E71BE71B
E71BE71B
E71BE71B
E71BE71B
E71BE71B
E71BE71B
E71BE71B
E71BE71B
E71BE71B
E71BE71B
E71BE71B
E71BE71C
E71BE71B
E71BE71B
E71BE71B
E71BE71B
E71BE71C
E71BE71B
E71BE71C
E71BE71B
E71BE71B
E71BE71B
E71BE71B
E71BE71B
E71BE71B
E71BE71B
E71BE71B
E71BE71B
E71BE71B
E6FCE73C
86F24EEE
4E8E668E
5E8E468D
464C466D
464D464D
4E4E4E4D
4E4D4E4D
4E6D4E4D
564D562D
4E2D462D
462D460D
4E0D4E0D
4E0D4E0C
4E0D460D
45EC45EC
45CC45CD
45AC3D6B
3D2B3D4B
3D2B3D2B
456C3D4B
3D4C4D6C
4DCC456B
458C458C
4D6C5DED
562E9EB6
DF1BDEFB
DEFBE71B
E71BE71B
E71BE71B
E71BE71B
E71BE71B
E71BE71B
E71BE71B
E71CE71C
E71BE71B
E71BE71B
E71BE71B
E71BE71B
E71BE71B
E71BE71B
E71BE71B
E71BE71B
E71BE71B
E71BE71B
E71BE71B
E71BE71B
E71BE71B
E71BE71B
E71BE71B
E71BE71B
E71BE71B
E71BE71B
E71BE71B
E71BE71B
E71BE71B
E71BE71B
E71BE71B
E71BE71B
E71BE71B
E71BE71B
E71BE71B
E71BE71B
E71BE71B
DEFBE71C
E7BCD7BB
CF3ACF19
D73ACF5A
CF5ADF9B
DF9BDF9B
E7BCE7DD
E7DDE7FD
D73BE7BD
E7BDEFDD
EFDDE7DD
E7DEE7DD
E7DDE7DD
E7BDE7BD
DF9CD79C
CF5BCEF9
BED8B697
AE369DD5
95937CB0
746F7CB0
95339DB4
AE16B676
CF3AD75B
DF7BE7BC
DF7BD79A
D79BE7BD
DF1BDEFB
DEFBE71B
E71BE71B
DEFBE71B
E71BE71B
E71BE71B
E71BE71B
E71CE71C
E71BE71B
E71BE71B
E71BE71B
E71BE71B
E71BE71B
E71BE71B
E71BE71B
E71BE71B
E71BE71B
E71BE71B
E71BE71B
E71BE71B
E71BE71B
E71BE71B
E71CE71B
E71BE71B
E71BE71B
E71BE71B
E71BE71B
E71BE71B
E71BE71B
E71BE71B
E71BE71B
E71BE71B
E71BE71B
E71BE71B
E71CE71C
E71BE71B
E71BE71B
E71BE71B
DEFBE71B
DEFBC658
B5D7B5D7
AD96C639
F7BEF7BE
F7BEF7BE
F7BFF7BF
F7BEF7BE
C639CE9A
D69AD6BB
DEFBDEFB
E71BE71B
DEFBDEFB
D699C638
BDF7B5B6
AD559D13
94B28451
7BF06B8E
634D52CB
4A6A52AB
632D6B8E
7BF08C71
B5D6CE59
D699DEDA
D699C637
C658E73B
DF1BDEFB
DEFBE71B
E71BE71B
DEFBE71B
E71BE71B
E71BE71B
E71BE71B
E71BE71B
E71BE71B
E71BE71B
E71BE71B
E71BE71B
E71BE71B
E71BE71B
E71BE71B
E71BE71B
E71BE71B
E71BE71B
E71BE71B
E71BE71B
E71BE71B
E71BE71B
E71CE71B
E71BE71B
E71BE71B
E71BE71B
E71BE71B
E71BE71B
E71BE71B
E71BE71B
E71BE71B
E71BE71B
E71BE71B
E71BE71B
E71CE71C
E71BE71B
E71BE71B
E71BE71B
DEFBE71C
DEFBCE79
BDF8B5B7
AD76BDF8
E75DE75D
EF5DEF7D
EF7DEF5D
EF7DF7BE
C659CE7A
D69AD6BB
DEFBE71C
E75CE73C
E71BD6DA
CE99C658
BE17B5B6
AD75A513
94D38451
7BF06B8E
634D5AEB
4A8A5AEB
634D73CF
84108C71
B595C659
CE79D6BA
CE79CE99
CE79EF7C
DF1BDEFB
DEFBE71B
E71BE71B
DEFBDEFB
E71BE71B
E71BE71B
E71BE71B
E71BE71B
E71BE71B
E71BE71B
E71BE71B
E71BE71B
E71BE71B
E71BE71B
E71BE71B
E71BE71B
E71BDF1B
E71BE71B
E71CE71B
E71BE71B
E71BE71B
E71BE71B
E71BE71B
E71BE71B
E71BE71B
E71BE71B
E71BE71B
E71BE71B
E71BE71B
E71CE71B
E71BE71B
E71BE71B
E71BE71B
E71BE71B
E71CE71C
E71BE71B
E71BE71B
E71BE71B
E71BE71C
DF1BCE99
C618B5B7
B5B7BDF8
DEDBE71C
E73CE73D
E73CE73C
E73DEF7E
C638CE7A
D6BAD6DB
DEFBE71C
E75CE75C
E71BDEFB
D69AC638
BDF7B5D6
AD75A514
94B38471
7BF06B8E
634D5AEC
52AA5AEC
634D73AF
84308C71
B596C638
CE59D6BA
CE79D699
DEDAEF7C
E71BDEFB
DEFBE71B
E71BE71B
DEFBE71B
E71BE71B
E71BE71B
E71BE71B
E71BE71B
E71BE71B
E71BE71B
E71BE71B
E71BE71B
E71BE71B
E71BE71B
E71BE71B
E71BE71B
E71BE71B
E71BE71B
E71CE71B
E71BE71B
E71BE71B
E71BE71B
E71BE71B
E71BE71B
E71BE71B
E71BE71B
E71BE71B
E71BE71B
E71BE71B
E71CE71B
E71BE71B
E71BE71B
E71CE71B
E71BE71B
E71CE71C
E71BE71B
E71BE71B
E71CE71B
E71BE71C
DEFBCE9A
C638BDF7
AD96B5B7
D69AD69A
D6BBDEFB
DEFBDF1C
DF1CE75D
CE59CE9A
D6BADEDB
DEFBE71C
E75CE75C
E71BDEFB
D69ACE79
C618BDD7
B595A534
94D38C92
843073CF
634D5AEC
52AA5AEC
6B6E73CF
84308C72
AD75BDF7
C638CE79
CE78D6B9
DEFAE75C
E71BDEFB
DEFBE71B
E71BE71B
DEFBE71B
E71BE71B
E71BE71B
E71BE71B
E71BE71B
E71BE71B
E71BE71B
E71BE71B
E71CE71C
E71BE71B
E71BE71B
E71BE71B
E71BE71B
E71BE71B
E71BE71B
E71CE71B
E71BE71B
E71BE71B
E71BE71B
E71BE71B
E71BE71C
E71BE71B
E71BE71B
E71BE71B
E71BE71B
E71BE71B
E71CE71B
E71BE71B
E71BE71B
E71CE71B
E71BE71B
E71CE71C
E71BE71B
E71BE71B
E71CE71B
E71BE71C
DF1BCE9A
C618BDD7
AD96B5B7
CE59CE79
CE7AD6BA
D6BADEFB
DEDBE71C
CE59D69A
D6BADEDB
DEFBE71B
E73CE73C
DF1BDEFB
D6BACE59
C618BDD7
AD95A534
9CD38C92
843073CF
634D52CB
4A8A5AEB
6B6E73CF
84308C92
AD55BDD7
C618CE59
CE78D699
DEFAE75C
E71BDEFB
DEFBE71B
E71BE71B
DEFBE71B
E71BE71B
E71BE71B
E71BE71B
E71BE71B
E71BE71B
E71BE71B
E71BE71B
E71BE71B
E71BE71B
E71BE71B
E71BE71B
E71BE71B
E71BE71B
E71BE71B
E71BE71B
E71BE71B
E71BE71B
E71BE71B
E71BE71B
E71BE71B
E71BE71B
E71BE71B
E71BE71B
E71BE71B
E71CE71C
E71CE71B
E71BE71B
E71BE71B
E71BE71B
E71BE71B
E71BE71B
E71BE71B
E71BE71B
E71BE71B
E71BE71C
DEFBCE99
C618BDD7
B596B596
BDF8C618
C659CE79
CE7AD6BB
D6BBDEFC
CE59D69A
D6BBDEFB
DEFBE71B
E75CE75C
E73BDEDB
D6BACE79
C638BDD7
AD75A534
9CD38C92
7C3073CF
634D5B0C
52AA5B0C
6B6E73CF
84308C92
A534B5B6
BDF7CE58
CE58D6B9
DEFAEF5C
E71BDEFB
E71BE71B
E71BE71B
DEFBE71B
DEFBE71B
E71BE71B
E71BE71B
E71BE71B
E71BE71B
E71BE71B
E71BE71B
E71BE71B
E71BE71B
E71BE71B
E71BE71B
E71BE71B
E71BE71B
E71CE71B
E71BE71B
E71BE71B
E71BE71B
E71BE71B
E71BE71B
E71BE71B
E71BE71B
E71BE71B
E71BE71B
E71BE71B
E71BE71B
E71BE71C
E71CE71B
E71BE71B
E71BE71B
E71BE71B
E71BE71B
E71BE71B
E71BE71B
E71BE71B
E71BE71C
DEFBCE99
C618BDD7
B596AD76
B596B5D6
BDF7C618
C638CE79
CE79D6BB
C659CE7A
D6BAD6DB
DEFBE71B
E73CE73C
DF1BDEDB
D6BACE79
C638BDD6
AD95A534
94D38C92
843073CF
636D52CB
4A8A52EB
634D73CF
843094B2
A535B596
BDF6C638
CE78D699
DEFAEF5C
E71BDEFB
DEFBDEFB
E71BE71B
DEFBDEFB
E71BE71B
E71BE71B
E71BE71B
E71BE71B
E71BE71B
E71BE71B
E71BE71B
E71BE71B
E71BE71B
E71BE71B
E71BE71B
E71BE71B
E71BE71B
E71CE71B
E71BE71B
E71BE71B
E71BE71B
E71BE71B
E71BE71B
E71BE71B
E71BE71B
E71BE71B
E71BE71B
E71BE71B
E71BE71B
E71BE71B
E71BE71B
E71BE71B
E71BE71B
E71BE71B
E71BE71B
E71BE71B
E71BE71B
E71BE71B
E71BE71C
E71CCE9A
C659BDF7
B5B6AD75
AD76B5D6
B5B6BDF8
BDF7CE59
C638CE79
CE99CE79
D6BADEFB
DF1BE71C
E75CEF5C
E73CDEFB
D6BACE99
C659BDD7
B596AD55
9D1494B2
8C517BCF
6B6D632C
52CB632C
6B8E7BF0
8C5194B2
A514AD75
B5B6C617
CE58D699
DEDAE75C
DEFBDEFB
DEFBE71B
E71BE71B
DEFBDEFB
E71BE71B
E71BE71B
E71BE71B
E71BE71B
E71BE71B
E71BE71B
E71BE71B
E71BE71B
E71BE71C
E71CE71B
E71BE71B
E71BE71B
E71BE71B
E71CE71B
E71BE71B
E71BE71B
E71BE71B
E71BE71B
E71BE71C
E71CE71B
E71BE71B
E71BE71C
E71CE71C
E71CE71C
E71BE71B
E71BE71B
E71BE71B
E71BE71B
E71BE71B
E71BE71B
E71BE71B
E71BE71B
E71BE71B
E71BE71B
E71BE71B
D6BAC638
BDD7B5B6
AD549CF3
9CD294B2
8C718C71
840F7BEF
73AE738E
73AE7C0F
8C7194D2
9CF3A534
AD75B5B6
BDD6BE17
C617C618
C638BE17
BDF7B5B6
AD75A534
9D148C92
8C517BEF
73CE7C0F
7BEF8430
8C508C71
94B294B2
9CF3A534
AD75B5B6
BE17DEDA
E71BE71B
E71BE71B
E71BE71B
DEFBDEFB
E71BE71B
E71BE71B
E71BE71B
E71BE71B
E71BE71B
E71BE71B
E71BE71B
E71BE71B
E71BE71C
E71CE71B
E71BE71B
E71BE71B
E71BE71B
E71BE71B
E71CE71B
E71BE71B
E71BE71B
E71BE71B
E71CE71B
E71BE71B
E71BE71B
E71BE71B
E71BE71B
E71BE71C
E71BE71B
E71BE71B
E71BE71B
E71BE71B
E71BE71B
E71BE71B
E71BE71B
E71BE71B
E71BE71B
E71CDEFB
E71BE71B
DEFBDEFB
DEFBDEFB
DEFBDEFB
DEFBDEFB
DEFBDEFB
DEFBDEFB
DEFBDEFB
DEFBDEFB
DEFBDEFB
DEFBDEFB
DEFBDEFB
DEFBE71B
DEFBDEFB
E71BDEFB
DEFBDEFB
DEFBDEFB
E71BE71B
E71BDEFB
E71BE71B
E71BE71B
E71BDEFB
DEFBDEFB
DEFBDEFB
DEFBDEFB
DEFBE71B
E71BE71B
E71BE71B
E71BE71B
DEFBE71B
E6FBE6FB
E71BE71B
E71BE71B
E71BE71B
E71BE71B
E71BE71B
E71BE71B
E71BE71B
E71BE71B
E71BE71C
E71BE71B
E71BE71B
E71BE71B
E71BE71B
E71CE71B
E71BE71B
E71BE71B
E71BE71B
E71BE71B
E71BE71B
E71BE71B
E71BE71B
E71BE71B
E71BE71C
E71BE71B
E71BE71B
E71BE71B
E71BE71B
E71BE71B
E71BE71B
E71BE71B
E71BE71B
E71BE71B
E71CE71B
E71BE71B
E71BE71B
E71BE71B
E71BE71B
E71CE71B
E71BE71B
E71CE71B
E71BE71B
E71BE71B
E71BE71B
E71BE71B
E71BE71B
E71BE71B
E71BE71B
E71BE71B
E71BE71B
E71BE71B
E71BE71B
E71BE71B
E71BE71B
E71BE71B
E71BE71B
E71BE71B
E71BE71B
E71BE71B
E71BE71B
E71BE71B
E71BE71B
E71BE71B
DEFBE71B
E71BE71B
E71BE71B
E71BE71B
E71BE71B
E71BE71B
E71BE71B
E71BE71B
E71BE71B
E71BE71C
E71CE71B
E71BE71B
E71BE71B
E71BE71B
E71BE71B
E71BE71B
E71BE71B
E71BE71B
E71BE71B
E71BE71B
E71BE71B
E71BE71B
E71BE71B
E71BE71B
E71BE71B
E71BE71B
E71BE71B
E71BE71B
E71BE71B
E71BE71B
E71BE71B
E71BE71B
E71BE71B
E71BE71B
E71BE71B
E71BE71B
E71BE71B
E71BE71B
E71BE71B
E71BE71B
E71BE71B
E71BE71B
E71BE71B
E71BE71B
E71BE71B
E71BE71B
E71BE71B
E71BE71B
E71BE71B
E71BE71B
E71BE71B
E71BE71B
E71BE71B
E71BE71B
E71BE71B
E71BE71B
E71BE71B
E71BE71B
E71BE71B
E71BE71B
E71BE71B
E71BE71B
E71BE71B
E71BE71B
DEFBDEFB
E71BE71B
E71BE71B
E71BE71B
E71BE71B
E71BE71B
E71BE71B
E71BE71B
E71BE71B
E71BE71C
E71CE71B
E71BE71B
E71BE71B
E71BE71B
E71BE71B
E71BE71B
E71CE71B
E71BE71B
E71BE71B
E71BE71B
E71BE71B
E71BE71B
E71BE71B
E71BE71B
E71BE71B
E71BE71B
E71BE71B
E71BE71B
E71BE71B
DEFBE71B
E71BE71B
E71BE71B
E71BE71B
E71BE71B
E71BE71B
E71BE71B
E71BE71B
E71BE71B
E71BE71B
E71BE71B
E71BE71B
E71BE71B
E71BE71B
E71BE71B
E71BE71B
E71BE71B
E71BE71B
E71BE71B
E71BE71B
E71BE71B
E71BE71B
E71BE71B
E71BE71B
E71BE71B
E71BE71B
E71BE71B
E71BE71B
E71BE71B
E71BE71B
E71BE71B
E71BE71B
E71BE71B
E71BE71B
E71BE71B
E71BE71C
E71BE71B
E71BE71C
E71CE71B
E71BE71B
E71BE71B
E71BE71B
E71BE71B
E71BE71B
E71BE71B
E71BE71B
E71BE71B
E71BE71B
E71BE71B
E71BE71B
E71BE71B
E71CE71B
E71BE71B
E71BE71B
E71BE71C
E71CE71B
E71BE71B
E71BE71B
E71BE71B
E71BE71B
E71BE71B
E71BE71B
E71BE71B
E71CE71B
E71BE71B
E71BE71B
E71BE71B
E71BE71B
E71BE71B
E71BE71B
E71BE71B
E71BE71B
E71BE71B
E71BE71B
E71BE71B
E71BE71B
E71BE71B
E71BE71B
E71BE71B
E71BE71B
E71BE71B
E71CE71B
E71BE71B
E71BE71B
E71CE71B
E71BE71B
E71BE71B
E71BDEFB
E71BE71B
E71BE71B
DEFBDEFB
DEFBE71B
E71BE71B
E71BE71B
E71CE71B
E71BE71B
E71BE71B
E71BE71B
E71BE71C
E71CE71C
E71BE71B
E71BE71B
E71BE71B
E71BE71B
E71BE71C
E71CE71C
E71CE71C
E71CE71C
E71BE71B
E71BE71B
E71CE71C
E71BE71B
E71BE71B
E71BE71B
9D159D15
9D159D15
9D159D15
A535A535
A535A536
A536A536
C5D8DDF9
E5F8D576
CD36BD16
C516C516
C516C537
D578E5D9
E5FAEE1B
EE3BF67B
F69CFE9C
FEBCF6BC
EE9CD63A
B597AD77
AD77AD77
AD77AD97
AD77AD77
AD97AD97
AD97AD97
AD97AD97
AD97AD97
AD97AD97
AD97AD97
AD97AD97
AD97AD97
AD97B5B7
B5B7B5B7
AD97AD97
AD97ADB7
AD97AD97
AD97AD97
B5B7B5B7
B5B7B5B7
B5B7B5B8
B5B8B5B7
B5B7B5B7
B5B7B5B7
B5B7B5B7
ADB7AD97
AD97AD97
B597B5B7
B5B7AD97
AD97AD97
AD96B595
C592CD8E
CD6DCD0C
C4AAC448
CCAAD4EC
D4CCCC2A
C388AB06
9AC68A45
8A24A2C5
9AC69265
92459245
9A86AB49
B389BB67
CBE8D44A
D44ACC2A
D44AD4ED
D58FD5F1
9D159D15
9D159D15
9D159D15
A535A536
A536A535
A556BDD8
D5F9E619
DDB7D597
CD37BCF6
C516C516
C537CD57
CD57DD99
E5D9E5FA
EE3BEE5B
F65BF65B
FE9CFEBC
FEDDF6BC
D63AAD97
AD77AD77
AD97AD77
AD77AD77
AD77AD97
AD97AD97
AD97AD97
AD97AD97
AD97AD97
AD97AD97
AD97AD97
B5B7AD97
B5B7B5B7
B5B7B5B7
B5B7B5B7
B5B7AD97
B5B7B5B7
B5B7B5B7
B5B7B5B7
B5B8B5D8
B5B8B5B7
B5B7B5B7
AD97B5B7
B5B7B5B7
AD97AD97
ADB7AD97
AD97AD97
B5B7B5B7
AD97AD97
AD96AD96
AD76B575
C592CD8E
CD6DCD2B
CCEACCEB
CD2DCD6E
CD4ED50C
CCABCC4A
CC29C3C9
BBE9C46A
C4CCC48B
BBC8BBA8
CC2ADCAC
DCCCE4CC
ED2CED6D
E58EE58E
DD8FDDD0
DE11D633
9D159D15
9D15A535
A536A536
A536A556
A536A556
BDB8D5F9
E639E5D8
DD97D597
CD37C516
C536C516
CD57D578
CD58DDB9
DDB9E5FA
EE3BEE3B
EE3BF65B
F69CFE9C
FEBCFEDD
EE9CCE19
AD97AD76
AD76AD76
AD77AD77
AD97AD97
AD97AD97
AD97CE7A
B5B7B5B7
AD97AD97
AD97DF1C
AD97B5B7
B5B7B5B7
EF7EB5B7
B5B7B5B7
B5B7C639
B5B7C639
B5B7AD97
AD97B5B7
B5D8B5B8
B5B8B5B8
B5B7B5D7
BE19CE7A
B5B7B5B7
B5B7B5B7
B5B7B5B7
AD97AD97
B5B7B5B7
B5B7ADB7
AD97AD96
AD76AD76
AD75B574
C592CDAF
CD6DCD2C
CD2CCD6D
CD8FCDB0
CDB0CD6F
CD4ECD2D
CD0CCD0C
D52DD56E
DDAFDD8F
DD4DDD2D
E54EE58F
EDAFEDAE
EDCEEDEF
E5EFDDF0
DE11DE32
D632D653
A535A536
A536A536
A536A556
A536A556
A556AD56
CDD8E639
E5F8DDB7
DD97D577
C536CD57
C537C517
CD58D557
CD58DDB9
DDD9E5DA
EE1BEE1A
EE3BEE5B
EE5BF67C
F69CFEBC
FEDCEE9B
CE19AD96
AD77AD97
AD97AD97
AD97AD97
AD97AD97
AD97E73D
B5B7B5B7
AD97B5B7
B5B7CE9B
B5D7B5B7
B5B7BDF8
D6BBCE7A
B597B5B7
B5B7B5B7
B5B7B5B7
B5B7AD97
D6BBCE9A
EF9EC65A
B5D8B5D8
B5D8CE9B
BDF8BDD8
B5B8B5B7
B5D8C639
B5D7B5B7
B5B8E73D
CE9BCE9A
D6BBADB7
AD97AD76
AD76AD56
AD55AD54
BD92CDD0
CDAFCD6D
CD8DCDAF
CDD0CDD0
CDB0CDB0
CD8FCD8F
CD8FCD8F
D58FD5AF
DDCFDDCF
DDAFDDAF
E5CFE5D0
E5F0E5F0
E610DDF0
DDEFDE11
DE31DE31
D632D633
A535A536
A536A536
A556A536
A536A556
A556BDB8
DE19E5F8
DDB7DDB7
D597CD57
CD57CD57
C537CD58
D578CD57
CD78DDB9
DDB9E5D9
E5FAEE1A
EE3BEE3B
EE3BF65B
F69CF69C
FEBCFEDC
EE7BC619
AD97AD97
AD97AD97
AD97AD97
AD97AD97
B5B7EF7E
D6DCADB7
B597C639
B5D7C639
C659B5B7
AD97BDF8
CE9AD6BB
ADB7AD97
B5D8E75E
D6DBB5B7
B5B7B5B8
ADB7B5B7
BE18B5D8
B5B8B5B8
CE7ACE9B
DEFCBDF8
B5B8E73D
EF9EC619
B5D8B5D8
B5D8E73D
B5D8D6BB
CE9AB5B7
B5B7AD96
AD76A556
A535A513
B551CDB0
CDD0CDAF
CDAFCDD0
CDF1CDF1
CDD0CD8F
CD8FCDAF
CDB0CDB0
D5B0D5AF
D5AFD5AF
D58FDD90
ED70ED70
ED90EDB1
E5B0E58F
E58FDDD1
DDD0D58F
DDD1D612
A535A535
9D15A535
A535A536
A536A556
BDB7DDF8
DDD8DDB7
DDB7DDB7
CD56CD57
CD77CD57
C537CD78
D578CD78
D599DDB9
DDB9DDB9
E5FAE61A
EE1AEE3B
EE5BEE5B
F67CF67C
F69CFEDD
F6BCE67B
BDF8ADB7
AD97AD97
AD97AD97
B5B7B5B7
B5D8E73D
B5B7B5B7
B5B7BDD8
C639CE9A
E71CAD97
AD97DEDC
E71DD67B
B5B7AD97
BE18BE18
CE7AC659
BDF8B5B7
D6BBB5B8
DEDCB5B8
B5B8B5B8
B5B8B5B7
B5B8BDF8
B5D8B5D8
EF9EB5D8
BE18B5D8
B5D8CE7A
C639CE9A
CE7AB5B7
ADB7AD96
AD76AD56
A5359CD3
ACF1C570
CDD0CDCF
CDD0CDF1
CDF2D5F2
CDD1CDB0
CDB0CDB0
CDB0CDB0
D5B0D5B0
D58FDD6F
D4EED4AE
E4CEECCE
ECEFED10
ECCEE46B
DC2BDC4B
DC6BCC0A
D4ADDD2F
9D159D15
9D159D15
A535A535
A536AD76
CDB7DDD7
DDB7DDD8
DDB7D556
CD57D578
D578CD37
CD57D578
D558CD58
D578DDB9
D598DDB9
E5FAE61A
E61AEE3B
EE5BEE3B
F67CF67C
F67BFE9C
FEBCEE7B
CE19B5B7
AD97AD97
AD97B5B7
B5B7B5B7
B5B7E73D
BDF8C639
B5B7E75E
DEDCC65A
E73DAD97
C619EEDC
F71DF6FC
CE5AB5B7
C659B5B7
D6BBB5D7
B5B7B5B8
B5B8B5D8
B5D8B5D8
B5D8B5B7
BE18BDF9
C639BDF8
B5D8EF7E
EF9EC639
CE9BB5D8
B5D8B5D8
BDF8B5D8
BE19B5D8
B5B7AD96
AD76A555
A51594B2
9490B510
CDB0CDD0
CDF1CDF2
CDF2CDF2
CDD1CDD0
CDD0CDD0
CDB0D5B0
D54FCCEE
D4ADE4AD
DC6CD44D
DC6DDC6D
DCAECBCA
CB47D367
D3C9D3A8
CB25C327
CBEBD42B
9D15A535
A535A535
A535A535
A535AD56
C597DDD7
E5F8DDB7
D556CD36
D577D598
CD37CD37
CD57D578
CD57CD57
CD58DD99
D599D578
DDB9E5FA
E5FAEE1A
EE3BEE3B
F65CF67C
F65CF67C
F67BEE7B
DE3AB5B7
AD97AD97
AD97AD97
B5B7B5B7
AD97B5B8
B5B8B5B7
AD97AD97
AD97AD97
AD97B5B7
CDF8E619
E619EE3A
E65AB5D8
B5B7B5B7
B5D8B5B8
B5D8B5D8
B5D8B5D8
B5D8B5D8
B5D8B5D8
B5D8B5D8
B5D8BDF9
BDF9BDF9
BDF8B5D8
B5D8B5D8
BE19B5D8
BDF8BE19
BE19BDF9
B5D8AD97
AD76A556
A5158C92
8C309C90
B52FCDB0
CDD1D5F2
D612CDF2
CDF1CDB0
D590D56F
DD4FE52F
DCEFCBEB
C348D388
D3C9C389
BB68D40B
D46CCBEA
CBA9DC0A
E409DB86
C305BB48
CC0CD44C
9D159D15
A535A535
A535A535
A535AD76
D5D8E5F8
DDD7D556
CD35D577
D577CD36
C4F6CD57
D578CD57
CD37CD78
D578DD98
D578D578
DD99E5DA
E5DAE5FA
EE1BEE3B
EE3BF65B
F65CF65B
EE5BEE5B
DE3ABDD8
AD97AD97
AD97B5B7
B5B7B5B7
B5B7B5B7
B5B7B5B7
AD97AD97
AD97B5B7
B5B7B5B7
CD97C4F5
C4D5D557
EE3AD63A
B5B7B5B8
B5D8B5B8
B5B8B5B7
B5B7B5B8
B5B8B5D8
B5D8B5D8
BDF9BDF9
BE19BE19
BE19BDF9
B5D8B5D8
B5F8B5D8
BDF8B5D8
BDF9BE19
C639BE19
B5B7B5B7
AD76A556
A51594D3
8C518C30
9C6FA4AE
BD6FCDD1
CDF1CDF1
D5D1CD8F
D4CCDC8B
DC6BE4AD
E4EED42B
D3C9D40B
DC4BCBEA
9A85C3A9
ECEEFD90
FDB1FDB0
ECACAA43
A223B2C6
C369D44C
9D159D15
A535A536
A535A535
A536C5B7
DDF8DDB7
CD55CD36
D597D577
CD36C4F5
C516D598
D577C516
C537CD57
D598D598
D578DD98
DD98DDB9
DDB9E5DA
EE1AEE1A
EE1AEE3B
EE5BEE3B
EE3BEE1A
DE1AC5F9
B597AD97
AD97B5B8
B5D8B5B7
AD97B5B7
B5B7B5B7
AD97AD97
AD97B5B8
B5B7C5F8
CD56BCB5
BCB5C516
DDD9E67B
BDD8B5B8
B5B8B5B8
B5D8B5D8
B5B8B5B8
B5D8B5D8
B5D8BDF8
BDF9BDF9
BDF9C63A
C63ABE19
BDF9B5D8
BDF8BDF9
BDF9BDF9
BE19BE39
C63ABE19
BDF9AD97
AD76AD76
A5359CD4
8C728431
7BF083EE
944DB50F
CDB1CDF1
D5D1CD0E
CC2AD3E9
CBC9E44A
ECCDE44A
E46BDCAC
DCCDD48D
CC2CECED
FD2EFD6F
FDB0FD6F
E46B9245
9245A285
B2E6C3AA
9D159D35
9D35A535
A535A535
AD56C597
D596CD55
D556DDB7
DDB7CD36
BCD5C516
D577D557
C516BCF6
C537CD58
CD57CD57
D578D578
DD99DD99
DD99DDB9
E5DAE5FA
E5FAEE1A
EE1BEE1B
EE1BE5FA
DDFACDF9
B5B7AD97
AD97B5B7
B5D8B5B8
B5D8B5B8
B5D8B5B8
AD97AD97
B5B7B5B8
BDF9D5F9
C535BCD5
BCD5C4F6
DD98EE5B
E67BB5B8
B5B8B5B8
B5D8B5D8
B5B8B5D8
BDF8B5D8
B5D8B5D8
B5D8BDF8
BE19C63A
BE3ABDF9
BDF9B5F8
BDF9BDF9
BE19C639
C65ACE7B
C65ABE39
BDF8B5B8
AD76AD76
A5559D35
94B38452
7C116B8F
736D83CC
9C4DB4EE
CD4FD4AD
C3A8BB47
BB06CB46
E3E8DBC6
E428D44B
CC6DD48E
E4EFE4AC
DC09ECAC
F50EECED
E4CDCC4C
CBCADC4B
ED0CE54D
A535A535
A535A535
A535A535
AD56BD35
CD35D596
DDB7DD97
CD35C4F5
C516D577
D578CD16
BCD5C517
CD58D598
CD57C516
D578DDB9
DDB9D598
DD99DD98
DDB9E5FA
E5FAEE1A
E61AE5FA
E5FADDFA
DDD9CDF9
B5B7AD97
AD97B5B7
D6DBB5D8
CE7ACE9B
DEDCDEFC
C639BE19
D6DCE71D
E69BD5D8
F6DCE69B
BCF5CD77
F6FCF71D
EEBCE69B
C639B5D7
CE7AB5D8
B5D8CE7A
E75DBDF8
B5B8C639
E71DC65A
BE19C65A
CE7ACE7B
C65ABDF9
BE19BE19
CE9BD6DC
E73DD6BC
C65ADF1D
E73DC639
AD97AD96
AD76CE7A
A5358C93
84527C12
6B6E632D
6B4C93AC
C40ACBE9
CBE9C347
9A65A264
CB46CB25
C345CBE9
CC4CC3EB
D44DCBEB
B38ABBCB
E48CFD90
FDD1F54F
D40BDC2B
ECECFDCF
9D15A535
A535A535
A535A535
A535B4F4
CD55DDB7
DD96CD15
BCD4C4F6
D577D577
CD37BCD5
BCD5C557
CD78D578
CD57C537
CD58DD99
D578D558
DD99DD99
DDB9DDB9
E5DAE5FA
E5D9DDB9
DDD9DDD9
D5B9CDD8
BDB8B5B7
C639B5B7
B5B7B5B7
B5B7B5B8
E73DB5D8
D6BCB5D8
EF5EDE5A
E639DE39
C577B4D5
BCB5C536
D5B8E63A
EE9BFF5E
E6FCD69B
DF1CB5D8
DEFCBDF8
B5D8B5D8
CE7ACE9A
BE19BE19
D6FCC65A
DEFCDEFC
BE19C65A
BE3AC63A
C63ACE9B
C65AC65B
D6BBC65A
BDF8B5B8
AD77AD97
BDF8D6BB
A55694B4
8C938C93
7BF173F1
8431940F
AB69B307
CBA8BB88
9AC78A46
8A248A24
A284BB46
D44BD4AD
C40DC3AA
D4AFC48E
ED70FE12
FDD1ED50
CC2DC369
D42AE4CD
9D15A535
A535A536
A535A535
A515B4F4
CD55D575
C4F4BCB3
CD16D597
D577CD36
BC94B4B5
C537CD78
CD37C516
C516C537
CD58D578
CD57D578
DD99DDB9
DDB9DD99
DDB9DDD9
DD99D558
D578D599
D598C598
D69ADF1C
C639E73D
AD97B5B7
D6BBF7BF
BE19BDD8
BDF8CE7A
E69BEE7A
F73DCD97
C536C516
BD16C577
E65AE5FA
EE5BF6FC
F6FCFF7E
D65ABDF8
BDF8B5D8
CE9AB5D8
BDF8BDF8
E71DBE19
C639CE5A
DEFCBE19
BE19C63A
C63AC63A
C63ACE9B
C65AE73D
C639BE19
BDF9D69B
CE9BC659
EF7EB5B8
AD769D15
A5369D36
94D494B4
9D15ACD2
BC0CAB28
C3A9BBCA
AB08A329
720571C3
9A45A264
B306BBCA
BBECC389
CBEAD46C
F5B0FDB0
F550E4EF
D46DD44C
ED2FD46C
9D15A535
A535A535
A535A535
A514B4F4
C4F3BCD3
B472C4F4
D577DD97
CD35BC94
B494C516
CD78D578
CD37BCF6
BCF6C517
C516C517
C537CD58
DD99E5D9
DD98D558
D578DDB9
DD99CD57
CD57D598
C557BD77
DEDBB5B7
F79EB5B8
B5B7BE19
BDF8B5B7
B5D8BE19
C63AE6BB
EE5AE619
CD97E65A
CD36CD37
E65ACD57
D5D8DDD9
E63AEE5B
FF5EFEDD
F6FDDEBB
BE19DF1D
B5D8B5D8
BDF9E73D
B5D8BDF8
C65AD6DC
CE7BC65A
C65BC65A
C63AC65A
EF7ECE7B
C67BC65A
C65AD6BB
BE19DEFC
B5B8D69B
B5D8BDF9
B5B8A577
B5B8AD77
A5369CF5
B555C511
C42BBBCA
C3EAD42B
C3CABBEC
BC2EAB8A
9AA7A2A5
BB67B3A9
AAE7C368
C368CC6C
F5B1ED0F
DCAED44C
D40BE4EE
FD70DC6C
A535A535
A535A535
A535A535
A535ACF4
BCB2AC51
B4B3CD56
D576CD15
B473AC53
BCF6CD77
D578CD37
C4D6B4D5
BD16C537
C516C516
C517CD37
D578DD98
D557C516
CD37D578
D598C537
CD37D5B9
CD78B556
B597AD97
B5B7B5B8
B5B8B5B7
B5B8B5D8
B5D8C619
E67BEE5A
E5F9DDB8
D598CD37
CD57C536
CD37CD57
D578E5D9
E5D9EE1A
F67CFEBC
FEFDFEFD
EEDCC63A
BDF9BDF9
BDF9BDF9
B5D8BE19
C65BC67B
CE7BCE7B
C65AC65A
C63AC63A
BE19C63A
CE9CD6BC
CE7BBE19
BE19BE3A
BE19BDF9
C63AC65B
BE1AADB8
AD97AD97
94D49493
C552ED6F
ED2DDC6B
DC2AD3E9
C389C40C
CCAFABAC
A329B306
D46CE571
C40CCBA8
BB88DCEE
F5B1E530
E530E530
DCADECED
FD90E48C
9D159D15
9D15A535
A535A535
A535ACF4
B4B2AC31
BCD3CD35
C4D4B452
A3F2B4B4
CD57CD57
C516BC95
AC54B4B5
C537C537
C517BCD6
BCF6C517
CD57CD37
C4F6BCB5
BCD6CD57
D558C4F6
C517D598
CD77B556
B597AD97
AD97B5B8
B5B8B5B8
B5D8B5D8
C639E67B
EE7BEE3A
DDD9DDB8
D577C516
CD57C516
CD37CD57
D578DDB9
DDB9EE1A
EE5BF69C
FEBCFEFD
FEFDEEDC
CE3ABDF9
BDF9BDF9
BDF9BE19
C63AC65B
CE7BCE7B
C65AC63A
C639BE19
BE19C63A
CE9BCE9B
CE7BC63A
C63ACE7B
CE9BC63A
BE3ACE9B
CE9CBE1A
A53694D4
84528410
CCCFF56E
F58DDC6A
CBA8BB46
B306CC2B
BBECB3ED
B40DBB89
DC8DED71
DD10C3A9
AB27DCCD
ED4FE530
E592EDF3
E5B1F570
FDB0ED2F
9D159D15
9D159D35
A5359D15
A515AD14
B492AC51
BCD3C4D3
AC319BB0
A412BCD5
CD36C4F5
B473A412
A433B4B5
C537C517
BCB5AC74
AC74BCD6
C516C517
BCB5AC74
B495C537
CD57BCD5
B494C516
C514B514
AD76AD76
AD97AD97
B5B8B5D8
B5F8BDD8
E67BF6BB
EE5AE5F9
DDD9DD98
CD36CD77
CD57C536
CD57CD17
D577D578
DDB9EE1A
EE1AF67C
F67CFEBC
FEDCFEFD
EEDCCE5A
BE19C63A
BE19C67B
CE9CCE9B
C65BBE19
BE19BE19
BE19BDF9
BDF9BE19
C639C65A
C65ACE7B
CE9BCE9B
CE9BC65A
C67BCE9C
D6DCCE7A
A5368473
7C118C10
CCEEED4D
E54CD429
BB46A2C5
9A64BB68
D42BCC0B
DCADD48E
CC0BDC6C
BB89A2E7
A349DCCD
ED0FED50
EDD2EE54
F654FE53
FE73F5D1
A535A535
9D359D35
9D359D35
A515A4F4
A471A410
B472B451
9B8F936F
AC32C4D4
C4D4B453
9BF293B1
9C33B4B5
B4D5B4B5
AC549C13
A433AC95
BCD6BCF6
B495A433
AC54BCD6
CD37B4B5
A412AC52
B471B4F2
AD56AD76
AD97B5B7
B5B8B5D8
B5D8DE5B
EE9BEE39
DDD8E5F9
DDD9CD77
D598D578
C516CD57
CD57C537
D598DD98
DDB9EE1A
EE1AF67C
F67BF67C
FEBCFEBC
FEDDF6DC
D67BC619
C65AC65A
CE9CCEBC
CE9BBE19
BE19C639
C63ABDF9
BDF8B5D8
B5D8B5D8
BDF9C63A
C63AC67B
CE7BCE9B
CE7BCE7B
C65AB5D8
9CF58452
84329450
CCCDE52C
DD0BCC49
B3479AC6
7A258A25
BB27D3C9
ECCDDD31
CC6EC3EA
71E48287
BC0BD48C
ED0FED71
F5D3FE54
FE32FE73
FE73ED6F
A535A535
9D359D15
9D159D14
9D149CF4
9C519BCF
AC30A3F0
934E8B4E
AC31BCB3
B473A3F2
93918B91
9C13AC94
AC94A454
A43393D2
9BF3A454
B4B5BCF6
AC749BF2
A3F2B494
BCF6AC53
93909BAF
ABEDACB1
AD35AD76
AD97B5B8
AD97BDD8
DE7BEE5A
E619DDF9
E61AE5D9
D557D578
DDB8CD57
CD57D598
D557CD78
DDB9DDB9
DDB9EE1A
E61AEE3B
F67BF67B
FEBCFEBC
FEDCF6DC
EEDCCE5A
BE19C63A
C67BCE9B
C65ABDF9
BDF9BDF9
BDF9B5D8
B5B8BDF9
BDF9BE3A
C67BCEBC
CEBCC67B
CE7BCE7B
CE7BBDF8
AD769D15
94B48C73
84529451
CCCDDD0C
DD0CC449
AB879AE6
8AA67205
8224B326
C367C42D
B3EC8A44
410261C4
BBC9CC8C
F592ED51
F5D3F5B1
FDF2FE73
FE32D48C
9D35A535
A535A535
A515A515
9D149CF4
949293CF
9BEFA3AF
8B2E8B2E
AC31B472
A4129BD2
8B918B91
A413AC74
A454A453
9C128BB1
93F2A433
A474B4B5
AC548B71
8B71A413
AC749B90
8B0CA38C
ABECACB1
AD35AD77
AD97B5B7
AD97CDF9
E63AE5F9
E63AEE5A
E5D9D577
D598E5D9
D557C516
D598D578
CD57D578
DDB9DDB9
DDB9E61A
EE1AEE1A
F65BF65B
F65BFE9C
F6BCFEDD
FEDDEEBC
C619BDF9
BE19BE19
BE19BDF9
BDF9BE19
BE19C65A
C65ABE19
C65AD6BC
DEFDD6DD
D6BCCE9C
CE9BCE9B
BE19AD97
A5569CF5
94D494B4
8C739C91
CCCDDCAB
CC4AB3A8
A327A307
92C77A46
72058245
AAE6AB08
82456983
61A45163
9AE7CC0A
E50FED71
ED51E551
FE54FE32
E4CECC2B
A556A535
A535A555
A535A535
9CF49CD3
94B38C30
93AE9B8E
8B2D8B2E
A3F0AC31
A3F19BD1
8B908B70
9BF2A433
A4539C33
93D28B71
8B9193F2
9C33AC74
A433832F
7B0F8B91
9BB08B2C
930AA38B
ABCCAC91
AD35B5B8
BDF9BDF9
B5B8D65A
EE7BEE7B
EE5AE5D9
D577DDD9
E5D9D598
CD37CD57
DD99D578
D558DDB9
DDB9D578
DDB9EE1A
E5D9E5FA
EE3BEE3A
EE5BF67C
F69CFEDD
FEDDF6DD
DE7ABDF9
BE19C63A
C639C65A
C65AC65A
C65ACE9B
CE9BC65B
C63ACE7B
D6DDD6DD
D6BCCE7B
CE7BC65A
BDF9AD97
A5569D15
9CF59CF4
94B39CD2
CCCEDC8B
CC0AB3AA
A36A92C7
8A8692A7
7A4671E4
8A44C3A8
A36982CA
8ACA7A88
9B08BB48
C388CBE9
D42BED71
F5B1CC2A
BB27CBCA
A556A535
A535A555
A5569D15
9CD494B3
94928C10
8B8D8B4C
830D7ACC
936EA3F0
A3B19B91
83507B2F
8B709C12
9C339C13
8BB27B2F
7B2F8B91
93D29C33
9BD272CE
6A8C72ED
7AAB7A88
92E9A36A
A3ABA471
AD35B5D8
C63AC63A
D67BEE9B
F67AEE19
D597D598
DDD9E5F9
D598CD37
D578DDD9
DD98CD57
D578DDB9
DD98D578
DD99EDFA
E5DAE5DA
EE3AEE3B
EE3AF67B
F67CF69C
FEDDFEDC
EEBCC619
BE19C63A
C63ABE19
BE3ABE19
C63ACE7B
CE9BC65A
C639C65A
CE7ACE9B
C67BC65A
C639BE19
BDF9BDF8
AD97A556
A5359D15
9CF4A514
CD10DC8A
DC6BD46C
B3CB9B6B
8AE992C8
93088AA7
8224AB07
D4EFC4D1
AC4FABAB
AB28C40B
C3EA9A84
81E3BB68
A30681C2
A2A6B307
A5569D15
A535A556
A555A515
9CF494B3
8C7283CF
7B0A7AC9
7AAA6A8A
7ACB934E
936F9350
7B0F72CD
7B0E8B90
93D193D2
83506ACD
6ACD7B2F
83718BB1
830F5A0A
59E859E8
51C66A06
8AE99B4A
9B8C9C72
A536B597
BDF9CE5A
E67BEE39
DDD7D577
D598DDF9
E61ADD98
CD57CD57
D598D578
D557CD77
DDB9DD98
DD98D578
DDD9E5FA
E5D9DDB9
EE1AEE1A
EE1AF67B
F67BF67B
F6BCF6BC
F6BCD63A
BE19C63A
BE19BE19
C63AC63A
C63ABE3A
BE19BE19
C63AC65A
C67BC65A
CE7BC63A
BE19BDF8
BDF9BDF9
B5D8AD76
A556A535
A535A534
BD11D469
E48ADC6B
C3EBB40D
A3CCA38A
B3EBB3CA
8A657A04
C3CBD4CF
B42E8A86
AB06DCCE
DD30C44C
7A258204
71C39286
B3ABA308
AD76A535
A535A535
9D159D14
9CF494D3
8C51738E
72E97A67
7A886A47
62086A49
7ACC7AED
6AAD626B
6A8C72ED
7B2F834F
72EE5A6B
5A4B628C
72CD7ACD
6A4A59C6
61E759E6
51A56A27
82C8932A
8B6C9472
A536B5B8
B5D8C5D8
D5B7D597
DDB8DDF9
E61AE5F9
D577C536
CD78DDB9
DDB9D578
CD37D598
DDB9DD98
D557D598
DDB9DDB9
DD99E5D9
EE1AE5FA
E61AEE3B
F65BF65B
F67BF69C
F6BCE67B
C619C63A
BE19BE19
BE3AC63A
BE19BE3A
BE19B5D8
BDF9C63A
C63AC63A
CE7BCE9B
CE7BC639
BDF8B5B7
B5B7AD97
A576AD76
AD56AD35
B4F1C429
D48ADC8B
D46BC42C
A38AA36A
9B6A8AC7
69C45143
8204C3CA
C40B82A7
B348D40A
DCEED50F
8AA771C3
79E4AB49
BC0CBC0D
AD76AD76
A556A535
9D159CF4
9CF49CD3
8C727BAF
6B0B7A87
82877246
51A45185
59E75A09
5A0949C8
49A75209
624B6A6C
5A2A49A7
49A649A7
51C76228
6A276A47
7A887A88
72677A88
82E982EA
734D8432
A536B5B8
B5D8B556
C577E61A
EE5BEE3A
E5D8CD56
C536CD78
DDB9D598
D557CD37
CD78DDB9
DD98D557
CD37DD99
DDD9DDB9
DDB9E5D9
EE1AE5FA
E5D9EE1A
EE3BEE3B
EE3BF67B
F67BE65B
C619BE19
BE19BDF9
BE19BDF9
BE19C63A
C65ABDF9
BE19BE19
BE19BE19
BE19C65A
C63ABE19
B5D8B5D8
ADB7AD76
AD76AD96
B597AD55
B532C4AC
C48AD4CB
DCEDCC4B
AB69ABAA
A38A9329
72886A48
8AA8AB08
C3CABC2C
A36AC3A8
D4ACD46B
A3078A86
8A65AB4A
B389C40C
AD76B5B7
AD97A576
A556A535
9D159CF4
94B37BF0
736D72CA
7A877225
61C459A4
59A459C5
59C54985
41444165
498651C6
51C64985
51A54985
496459C5
6A267226
72477AA8
82C882C9
7AEA6B0C
736F8453
9CF5AD97
B5B8BD97
E619EE5A
E5F9D597
CD16CD37
D598DDD9
DDD9D578
C516CD37
DDB9DDB9
CD57CD37
CD78DDB9
DDB9DDB9
DDB9DDD9
EDFAE5FA
E5D9E61A
EE3BEE1A
EE3BF67C
EE5BE63A
C619BDF8
B5F8BDF9
BE19BDF8
BDF8C63A
CE9BCE9B
C67BC63A
BE19BDF9
BE19C639
BE19B5D8
B5B8B5D8
B5B7AD76
AD76B597
AD76A514
BD73C54F
C4AAC48A
CD0DCCED
C409CC6B
C40AB3AA
A3ACA3AC
BC2DBBEB
CC8EC532
B491ABCC
BC0BC40A
BC0BBC0B
8A65AB28
CBEACC6D
AD76B5B8
AD97AD96
AD97A535
A535A535
94B37BF0
634D630C
62686A26
6A257205
69C469E5
6A0561E5
59A551A4
518459A4
59C559A4
61E561E5
61E561E5
61E559C5
6A067268
7AA872A9
732D7390
7C128C94
A516B5B8
B5D8CDD8
DDD8D576
C515C516
CD57DDB8
DDD9DDD9
CD36C4F6
C537D598
DDB9D577
C4F6C537
D599DD98
DD98D558
DDB9DDD9
E5D9E5D9
DDB9DDD9
EE1AEE1A
E61AEE3B
EE3BE63A
C5F9BDF9
B5D8B5D8
BDF8B5D8
BDF8BE19
C67BCE9C
CE7BBE19
BDF8B5D8
B5D8BDF8
B5D8B5D8
B5D8B5F8
B5B7AD76
AD76AD76
A535A534
C5B3CD6F
BCAAC469
C4EBCD2E
CD0CD54D
D52DCC6B
B38AB368
C3C8BBA9
CC4DD531
BCB1AC50
C4B0D530
D530DD2F
B3AA9AC7
BB88C40B
B5B8B5D8
B5B7AD76
AD76A556
9D159CF4
9CF48452
6B8F632D
62EB6289
6A676A26
69E56A05
6A056A05
61E561E5
61E561E5
61C559A4
59A461E5
62066206
59C551C6
59E66227
5A49526A
632E7C12
84738CB5
A556AD97
B597C597
BCF4B493
C536D598
DDD9DDD9
DD98CD36
BCD5C517
D578DDB9
D578CD16
C517CD78
D598DD98
D578D578
DDB9DDB9
DDB9DDD9
E5B9DDB9
EE3AE5FA
E5D9E5FA
E5F9E61A
C5F9B5D8
B5D8B5D8
B5D8B5D8
BDF9BDF9
BE19C63A
BE19B5D8
B5D8B5B8
B5B7B5B7
B5B7B5B7
B5B7B5D7
B5B7AD76
AD76A535
9D14A514
BD93CDB0
C4CBC489
C48AC50C
C52CCD4D
CD6ECD2D
C44BC3E9
BC09AB47
AB48CC8E
BC8FBC90
C42CD48D
DCEEDC8C
BBEABBEB
C44DC46D
B5D8AD97
AD76AD77
AD97A556
9CF48C93
94D494B3
7BF16B6F
630D5ACC
5A8A5A27
62066205
61E659C5
59A559C5
59E559E6
59E559C5
51C551A5
51C659E6
51E649A6
41C741E8
42294A6B
5AEE73D1
8C949D16
A536AD77
B597BD35
AC51B4D4
D5B8E5F9
DDD9D577
C4F5BCB5
C516D578
DDB9D598
CD36C4D6
C537DDB9
DD98D557
CD37CD37
DDB9E5D9
DDB9DDD9
DDB9DDB9
E61ADDB9
DD98DDB9
DDB8DDF9
CE19B5D8
B5B7B5B8
B5D8BDF8
BDF9BE19
BDF9BDF8
B5D8B5B8
B5D8BDF8
B5D8B5B7
B5B7B5B7
B5D7B5F8
B5D7AD96
AD56A535
9D149CD3
B552CDB1
C52DC4CB
BCAAC4EB
C52DC54E
C56EC54E
C4ECC4AB
C4CBBC6A
ABA89B07
AB8AB3EC
AB07B326
C3C8CC2A
D4EDD50E
D52ECD2E
BE19B5B7
A556AD97
AD97AD97
9D158C73
8C738473
7C126B6F
632E5B0D
630D52AB
4A2849E6
49C651E6
51C651E7
51C659E6
5A075A07
51C649A6
49C749E7
41C841C8
39C83A0A
424B4AAD
5B0E6BB1
84749D16
A556AD76
B576ACD3
A411BD16
D598D577
CD36BCD5
BCB5C537
D598DDB9
D578C516
BCD5C517
D598DDB9
D578CD37
CD57CD58
DDB9DDB9
DD98DDB9
DD99DDD9
E5F9E5D9
E5D9E5D9
D578D5B9
CDF9BDF8
B5D8B5D8
BDF9BDF9
BDF8BDF8
B5D8B5B8
B5D8B5D8
B5D8B5D8
B5D8B5D8
B5B7AD97
ADB7B5B7
B5D7AD96
A556A535
9D149CD3
B532CDB0
C56EC50C
C50CC52D
C54EC54E
BD4EBD4F
BD4EBD2D
BD0DBCCB
B46AABC8
A346A326
AB87B409
C48ACD0D
CD8FCD8F
CDB0CDD0
BDF9BDF9
AD97AD97
A556A556
A53694D4
8C737C12
84338433
634F5B0E
5B2F5B0E
528B4A6B
42294209
4A4A5AAB
524A41C7
49E84A08
41C839A7
39C841E9
39E93A0A
424B426C
4AAD52EE
635073B1
845394D5
A536A576
AD55AC93
A411BCF5
C515AC32
9BD1AC53
C516D598
D5B9D577
C4D5B494
BCF6CD78
DDB9D578
CD16C4F6
CD78DDB9
DDB9D578
D557D578
DD99DDB9
DD98DD99
DDB9E5D9
CD57CD78
C5F9BE19
BE19BE19
BE19BE19
B5D8B5B8
B5B8B5D8
B5B8B5B7
B5B7B5B7
B5D8B5D8
B5D8B5B7
AD97B5B7
B5D7B5D7
AD76A556
9D149CD3
A4D1C54F
C54DC52D
BD4EBD4F
BD4FBD6F
BD4FBD4E
BD4EBD2E
BD2DB50C
B4ECB48A
AC28AC08
B469B4AB
BCECC56F
C590C5B1
C5D1CDD1
B5D8B5D8
AD97AD77
AD77A536
9D15A535
94B47C32
84537C12
6B906390
8C747BF2
63706B70
5AED4A6B
4A6B52AC
4A6B422A
424B424B
424B39EA
3A0A422B
424B424B
4A8C52EE
6BD16BD1
6BB073F1
845394D5
A536A556
AD569C72
A411BCB4
AC529B90
9BD1B4B4
CD77D577
CD37C4B4
B433B494
C537DDB9
D578CD16
C4D5C4D6
CD78D598
D578CD37
CD16D578
DDB9D578
CD57D558
D558DD99
CD57C537
C5D8C63A
C63ABDF9
B5D8BDF9
B5B8B5B8
B5B8B5D8
B5B8B5B8
B5D8B5D8
BDF8B5D8
B5D8B5B7
AD96AD96
B5B7B5B7
B5B7AD56
A53594B3
8C50A46D
C50CC52C
C54EBD4F
BD6FBD4F
BD4EB52E
BD2EBD4E
B52EB50D
B4ECB4CB
B4AAB4CB
B4ECB50D
BD2EBD6F
BD90DEB7
E73ACE35
AD77A556
AD77B5B7
AD97A556
A556A536
94D48C74
847394D5
84737C32
8C747C33
7C328453
634F52AD
52CD52EE
4AAD4A6C
4A8D52CD
52CD4AAD
426C4A8C
4AAD4ACD
5B0F6391
84538453
73F17C33
94D5A536
A556AD97
AD569C72
9C11B473
9BB08B4F
9BF1BD15
CD36CCB4
BA69DA68
DA89D2EA
DB0CE515
CCF6BC94
B474BCD6
CD37CD57
CD36C4F5
BCD5CD16
D578D577
CD57CD37
C516CD57
C516B536
B5B7BDF9
BDF9B5B8
BDF9BDF9
B5D8BDF8
BDF9BE19
BDF9B5D8
BDF8BE19
BE19BDF8
B5B7B5B7
AD96AD97
AD97ADB7
AD97AD76
AD569CF4
7C108BEE
B4CDBD0C
BD2DBD2E
BD4EBD2E
B52EB52E
BD4FB52F
B52EB50D
B50EB50E
B52DB50D
B52EB52F
BD4FBD4F
BD90FFFE
FFFFFFFF
B5B8A556
B5B8B5B8
AD97A536
A5369D15
94D494B4
9D169D16
94D58453
7C337C33
8CB594D5
73D1634F
63906390
530E52EE
63B16BD2
6BB16391
5B0E5B2F
63706390
74137C53
8C948474
8C949D36
ADB8AD77
AD97B5B7
AD96A4D4
A431A432
9B8F8B4F
A432BCD4
DC51D9E6
FCD3FEFB
F410F410
DA68DA69
E40FD4B4
AC33BCD5
C516C4F6
C4F5BC94
B494BCD5
CD57CD77
C516C4F5
C4F6CD37
B4D4B535
B5B7BDF9
BDF9B5D8
B5D8BDF9
B5D8B5D8
BDF9BE19
BE19BDF9
BDF8BE19
BE19B5D8
B5D8BDF9
B5D8AD97
AD97AD76
AD76AD76
A5159493
7C10738E
942EB4AC
BCECBD2D
BD4EBD4E
B52EBD2E
B50DB52E
B52FB52F
B52FB54F
B54FB52F
BD4FBD50
BD4FBD70
DE96FFFF
FFFFFFFF
B5B8AD97
B5D8B5D8
A556A536
A557A556
9CF58CB5
8CB594D5
94F58C94
73F28494
94D58C74
73F27C33
84747C12
741273F2
84748474
7C337C53
6BB16390
6BB18CB5
9CF68CB5
8C9494D5
9D16AD97
B5B8A556
AD97B5D8
B5B7AD14
A451A3F0
936F834E
BCD2D2CA
E985F1E6
FC72FDB6
FDD7FCB3
F451FD76
EA89E1E6
DBAEB494
BCD5C4D6
BCB5AC53
AC53B494
C536D578
BCD5AC74
B494C536
B4B3B513
B5B7B5D8
B5D8B5D8
B5D8B5D8
B5B8B5B8
B5D8B5D8
BDF8B5D8
B5D8BE19
BDF8B5D8
B5D8BDF9
B5D8AD97
A576A556
AD76A555
9CF494B3
8C52738F
6B2C940D
ACADB4EC
BD2DBD4E
BD2DBD2D
BD6FBD4F
B50EB52F
B52FB54F
BD4FBD4F
B54EBD6F
BD70BD90
FFDDFFFF
FFFFFFFF
AD77AD77
BDF9AD97
A556A556
AD98B5F9
AD979D36
94F58CB4
A5579D36
8C948474
84737C12
73F17C33
84538474
84947C33
7C1273F2
7C127C53
84737412
73F28474
8CD58473
8C9494B4
9D16A536
A5369D15
A535AD76
B596AD34
A42F9BAE
834DDE53
C183E1C6
E269EA07
FDF7FBCF
FC32F38F
FC93FD35
FBF1EA28
FB0ACCD1
C5D3B532
B4D4A3F2
A412AC54
B4B5C536
BCB5A433
AC53BCB4
B450BCF1
B576AD97
AD97B5B7
B5D7B5D8
B5D8B5D8
BDF9BE19
BDF9BDF8
BDF8BE19
BE19B5D8
B5B8B5D8
B5D8B5B7
AD76AD76
A576A535
9CF49CF4
8C726B8F
52CC630C
734B8369
A44AB4EC
B50DB50D
BD2EBD70
BD4FB54F
BD70BD4F
BD6FBD4F
BD4EBD4D
C56ED654
FFFFFFFF
FFFFFFFF
A536B598
B5B8B5B8
AD76A536
A557ADB8
AD779D36
9D3694F5
9D169D36
84537C33
7C338C94
94D58474
73F28474
8CB58433
73D17C12
7C3394F6
9D168CB4
7C337C33
7C328453
8C7494B4
9D15A556
A5359D15
A515A535
AD76A532
BDB1D695
C5B0DB0A
E9A5E9C6
E207F2A9
F2EBFA8A
EA8BFC52
F36FFB8F
FB6EF227
E9A5DB8A
A527B5C9
DED0C5B4
BD14AC73
BCD4C536
AC5393B0
9BD1A3EF
A3CCB4B0
B576B5B7
B5B7B5B7
ADB7B5B8
B5D8B5D8
B5D8B5D8
B5D8B5D8
BDF9C63A
C63AC63A
B5D8B5D8
BDF8B5D8
AD97AD76
A576A556
A5159CF4
8C9373D0
632D634E
52CC4A49
5AA883A9
AC8BB4CC
B4ECBD4F
BD4FBD70
BD70BD70
BD4FBD4F
BD4EBD4D
C56FFFDD
FFFFFFFF
FFFFFFFF
A556AD97
B5B8B5B8
B5D8A556
AD77AD77
A557A557
9D168CB4
8C738474
84949516
8CB58C94
94D58453
8C948CB5
8CB48453
73F27412
849494F6
94F58C94
7C337C33
84328473
8C748CB4
94F5A556
A5569D35
A535A535
B5D4EFB8
F7DAEF97
BAE8EB0B
E1A5E3CE
E184F144
FA07FB4E
EB0EF36F
FB2EFB2F
EC0FFD94
E288F30A
9D4A8CC7
9D07CE6C
C5D2A4B2
93EFACB2
9C319390
936E9B8C
ABEDB490
B576AD97
B5B7AD97
B5B7B5D8
B5D8BDF9
BDF9B5D8
BE19BE19
BE19BE3A
BE19BDF9
B5D8B5B7
B5B7B5B7
ADB7AD76
AD76AD76
A5559D35
94F48452
6B8F7C11
6B8F52AB
4A6A528A
6B0A8BCA
A46CA46C
ACCDACEE
B530BD51
BD91BD70
BD4EC56F
DE75FFFF
FFFFFFFF
FFFFFFFF
ADB8AD97
AD77B5D8
BDF9BE1A
BDF9ADB8
AD98AD77
9D168C74
847394F6
A598A557
94B57C33
7C127C33
8C948C94
84538473
84538453
8C949CF6
94D594D5
84748453
8CB494D5
8C948CB4
94D4AD56
AD56AD35
C5D7D678
EFD9F7DC
EFBADE11
CA06E2EA
D923EBCE
E923E9A6
F208E9C6
E143E9C6
E964FB4F
F34CFD74
FC70E268
FEF7EFB7
E774ADCB
CEAECE53
C574B513
CDF7BD34
A3EEABED
B44EA470
A535A556
AD76B5B7
B5B8B5D8
BDF8BDF9
BE19BE19
BE19BDF9
BE19C63A
BE19B5D8
B5B8B5B8
B5B7AD97
B5B7AD76
AD76A576
A5359D15
9CF494B4
84738452
7C32634E
634E5B2E
4A6A632C
7BCF736D
83CD83CC
8BEB9C4D
ACEFB52F
B52EBD70
FFFEFFFF
FFFFFFFF
FFFFFFFF
BE19B5D8
AD97B598
BDF9B5F9
BDF9AD77
A557AD77
94F58C94
8CB5A557
ADB89D37
94D58C94
7C538CB4
8CB48453
7C327C33
84748C94
8CD59CF6
8CB58CB4
84738473
8CB494B4
94D494B4
9CB2A471
C5969430
8BEF9CD1
E797F7BA
EFB9E5D0
D206E1E6
FBEFD8E2
EA49D965
F289E903
E903E924
E165F2EB
E248E206
E9A4DA89
DB6BE754
DF12C68F
C6AFD6F1
8B6CCDD6
BD54C575
AC71AC50
B44F9C30
9CF4A556
AD97B5D8
B5D8B5B8
B5D8B5F8
B5D8BE19
C63ABDF8
BDF9BE19
BE19BE19
B5B8B5B8
B5B8B5B7
AD97AD77
AD77AD97
A5569D35
94D494B4
845373F1
73D18452
84326B90
632E632E
7BF17C11
73B0632D
630C5ACA
736C83ED
8BEDAD52
FFFFFFFF
FFFFFFFF
FFFFFFFF
BDF9BDF9
AD97AD97
AD77BDF9
BDF9A556
9D36A536
9D1594F5
A55794F6
9D368CB4
94D594B5
8C9494D5
94D58C94
84537C33
7C338CB5
94D58CB4
94F594F5
8C948C94
94D594B4
9CB39BEE
9C0FCE72
9CEF9CB1
CE73E753
EF75EF98
EFB9C3A9
DA47D9A5
D123E144
D0C2D0E2
D923FA28
E923E965
D903D944
FA89E964
E1A5D9E6
E227D40B
DF33D712
CED0CEB0
AD0FB511
B512B4F2
C595ACF3
BD338C10
9CF5A536
AD77B5B8
B5B8BDF9
BDF8C63A
C65ABE3A
BE19C63A
C63ABDF9
BDF9C65A
C63AC619
BDF9B5B8
AD77AD76
AD76AD97
AD76A556
9D1594D4
84736BB1
73F18473
94D594F5
845373F1
845373F1
636F634E
73D173D1
6B8F6B8F
6B8EFFBD
FFFFFFFF
FFFFFFFF
FFFFFFFF
AD97B5D8
B5D8BDF9
ADB8BE1A
C65BB5B8
A5569D16
9D16AD98
AD789D36
9D1694D5
8C948C74
84748CB4
94F694D5
8C948474
8C948C94
8C948473
94D59D16
94D594D5
94D4838D
832B8BAF
AD2FBE0C
CE8ED6CF
E773D6D0
D6B0E734
FF78D268
D9A5D1C5
E1E7D144
D0C2D0C2
D8E2D9A6
D985D0E3
D903D943
E164E9A5
EA28D9A5
EA27EB0B
F777E753
E734E754
EF96EF97
EF98EF97
B571B4F2
D617ACB2
A535A556
AD97BDF8
B5D8B5D8
B5D8BDF9
C63ABE19
BE19C65A
C65ABDF8
BE19CE9B
C65ABDF8
BDF9BDF9
BDF9AD97
AD76AD76
AD97A556
AD77AD97
9D168C94
8CB48C94
7C128CB4
8C947C11
7BF16BB0
634F636F
6BB07C12
6BB08452
94D3FFFF
FFFFFFFF
FFFFFFFF
FFFFFFFF
ADB7AD77
B5D9B5D8
AD77BE1A
BE3AB5B8
AD97AD77
A5579D36
A557A577
A5579D36
8C948453
8CB59D16
94D594F5
8CB58C94
94F68CB4
8C948C94
8C9494F5
9CF594F5
94727B0B
A4D4AD35
AD4CB5CB
BE2DBE0C
B5EBD6AF
BE2ECE4F
BB88D1C5
D185C143
C8E2C0C2
C903D124
D944D0C2
D0C2D964
D923D943
B163D943
E185E1E7
EA89F32B
CB69D670
DEF2E732
E753E776
EF97EFB8
EFB7DEF3
ACD1C575
BD54A4F4
AD97B5D8
B5D8B5D8
B5B8BDF9
C63ABE19
B5F9C63A
BE19BE19
BE3ABE1A
B5F8B5B8
BDF9C63A
BE19B5B8
AD97AD77
A556A556
AD77B5B8
AD988CD4
94F58CB4
73F18C94
94B58C94
84737C32
8C947C32
7C128432
6B907C12
F79DFFFF
FFFFFFFF
FFFFFFFF
FFFFFFFF
AD97AD97
AD77AD77
A576B5D8
B597A536
ADB8B5B8
A5569D36
9CF59D16
9CF5A557
9D168C94
9D37A557
8CB48C94
94D58C94
8CB48C94
8C948CB4
8CB494F5
94D49CB3
830BCE38
D679E6D9
B58DADCC
B5ECB5EC
ADEBB5EC
C60EB52A
D226D1A4
B964C923
C103C0C2
DA69C9A7
DA08D124
D9C7D103
E2A9D165
D1E6D964
D207EA69
F28AEA69
E40CCE0D
ACE6A4C5
A4E6AD68
DF11DF54
E797E796
DF13B512
DE58D617
A471B5B8
ADB8BDF8
BE19BE19
C63AC65A
BE3ABE3A
BE19BE19
C67BC65A
B5F8B5F9
B5D8BDF8
BDF9BDF8
BDF8B5D8
AD97B5B7
B5D8AD97
9D369D15
94F594D5
84738C94
8C948C94
84538CB4
9D36A577
A5568473
8C9494D4
FFFFFFFF
FFFFFFFF
FFFFFFFF
FFFFFFFF
AD97BDF9
BE19BDF9
B5B8AD76
A556A576
A557A556
9D15A536
9D159D15
94F59D16
9D1694F5
A5379D36
8CB48C94
94D59D16
94B58CB4
8CB48C94
8CB49CF5
9CB3830B
A492E6D9
D692D6D1
D711D732
CEF2C6B0
B60DB5ED
CE4FBCC9
D247D1C6
C184D164
DA68B903
B0E3C9C7
C966E2EC
E30BD185
C964D1A6
D1A6D985
E208D9E7
EA07EAA9
CA47AC45
9C668C67
842673A5
6B639CE7
DF52DF75
DF74BDF1
B513C595
A470B514
BE19BE19
BE19C63A
BE19C65A
C67BC67B
C63ABE19
C63ACE7B
C65AC63A
B5D8B5B8
B5D8C63A
BE19B5D8
BDF9BE3A
ADB89D36
9CF594F5
94D49D16
8CB58474
84538CB4
8C738CB4
8CB49D36
94F68C94
A557E73C
FFFFFFFF
FFFFFFFF
FFFFFFFF
FFFFFFFF
AD97B5D8
C65AC63A
B5B8AD77
AD77A536
A5369D15
9CF59D15
94F59D16
9CF594D4
94B494F5
9D1694F5
9D368CB4
94F5A557
9D5794D5
94D58CB4
94D49492
72CAC5B6
E6BAB50B
7BA37BA3
8C65B5AA
CE8EEF73
DF13D714
C670B3C6
D1A4CA27
B944B944
C9C5B8E2
CA07C9E8
F36EC103
D185C8E3
D9E6C944
C165D185
E185D9C6
D9E6E1E6
CA46B46A
AD8CEF96
EFB7DF74
AE0E6BA6
7BE5DF11
E774DF12
9C2FB4F3
A4918B4B
CDF7B5F9
BE19BE19
BE19C65A
BDF9C63A
C65AC65A
CE7BCE7B
BE19C65A
C63AB5F9
B5B8C63A
C65ABE3A
C63AC67B
C65AB619
AD97A536
9D16A556
AD9894F5
7C5394B4
94D57C53
84949D36
A5778CD5
AD77FFFF
FFFFFFFF
FFFFFFFF
FFFFFFFF
FFFFFFFF
AD97AD97
B5B8B5B8
AD97B5B8
AD77A536
AD77A556
A5369D15
9CF59CF5
A557A557
9D15A537
9D16A557
A55794F5
94D5AD98
B5D99D36
94D59CF5
949272CA
DE79DE99
E699BD53
5A825B24
63855B45
53036B84
94C6CE6E
CE6FAB88
B1C6B9A5
C1E6CA49
C9A5C103
C1A5B965
C103E269
C0E2C8E3
D185C924
C964C944
D144C1A6
C164B964
A1A5B4C8
9CA6A529
DF54DF75
E775CF11
6BC69CE8
CEB0D6F1
A4CEA430
B534C595
AC4FC5F8
B5D8B5D8
BDF9BE19
BE19C65A
C63ACE9B
D6BCC67B
C65ACE7B
CE9BC65A
B5D8BE19
C63AC67B
ADB8BE19
D6BCCEBC
B5D9A577
ADB8AD98
AD98ADB8
9D57A557
8CB5AD78
ADB8A557
A577A557
E73CFFFF
FFFFFFFF
FFFFFFFF
FFFFFFFF
FFFFFFFF
AD97AD97
AD77A556
AD97ADB7
A556A536
AD77A577
AD77A556
AD77A536
A536A557
9D36AD98
AD98A557
9CF59D16
9D16A536
A5779CF5
9D159CB3
7ACACDF7
CE18C5D6
BD55A471
A4ADADCC
B60DAE0D
9DAC8D2A
7C886BA4
A508A3A7
B1E5B227
B984C164
B943CA69
D289C123
B903C944
C103D164
E2ABC9C7
C165CA08
C165B924
B964C1E6
8A06A4EA
84696385
BE2EC68F
CED0D6F1
952A6B84
CEAFCEB0
B58FACD2
AC91C574
9BEE8B6B
B5B8BDF9
BE19B5F8
C65ACEBC
CE7BCE9B
CE7ABE19
BE19BE19
BE19C63A
CE7BC61A
C63ACE7B
C65AB5F9
BE3ABE3A
B5F9B5F9
C67BCE9C
B5F9ADB9
BE3AC63B
BDFAAD98
A537A536
AD98A577
E6D8F737
FF9AFFDC
FFFDFFFF
FFFFFFFF
FFFFFFFF
B5B7B5B8
AD97A576
AD77AD97
AD97AD77
AD77B5B8
BE1AAD98
B5D8AD98
AD779D15
9D16A557
A5579D16
94F59D16
A557A557
94D494F5
A5557AA8
B513CDD7
C595BD54
BD95BD74
AD2CBE0D
CEAFCEAF
CED0CEF0
CED0BE6F
ADACAD8C
9A43A143
B9C6B985
B0E2E34D
B965CAAA
C1C5B123
C144C123
C123C124
C165C1A6
B984C1A5
B964A1C5
8B07D6B1
D734CF14
AD8BC68F
BE2DC66E
9D6A7447
B5EBBE2E
BDD2B513
9C50D638
ACD293AD
BDD7C65A
C63ABDF9
C63AD6DC
CE7BCE7B
BE3ABE19
C65BD6DD
C67BBE39
BE19BDF9
B5B8BDF9
BE3AB5D8
BE19BDF9
AD77B5B8
C65AC65B
ADB8ADB8
B5D9B5F9
BE3BA557
A557B5D9
CE9CC65B
E6B6EE74
EE73EEB4
F6D5F716
F737FF7A
FFBCFFFE
A556B5F9
CE5BB5D8
AD77AD98
BDF9B5B8
AD77B5B8
C63BBE19
B5B8BDF9
AD979CF5
9D36A556
9D169D15
9CF5A536
AD98B5B8
A536A556
9CD37267
B534ACB2
CDD6D5F7
CDF79C2F
5A042920
294139E1
31C04240
8446AD8B
D6D0D6B0
9BA6A163
B1C6B185
B164B102
B943B964
B923B9E7
B924C123
B944B903
B903C164
B1029124
9A0771C5
C650B64F
B62DC6B1
E774BE2D
BE2EB5ED
8D098CE9
9D289CCA
BDD5ACF3
9C30C575
B554B4F3
93EEC63A
C65ABE19
C65AD6DC
CEBBCE9B
C67BCEBC
DEFDDF1D
C67BBE19
B5D8C65A
CE9BC65A
CE7BBDF9
B5D8BE1A
BE3ACE9C
B5F9ADB8
A577ADB8
BE1ABE3A
CE9CADD9
9D16ADB8
BE1AAD97
E695DE13
DE13E634
E653EE74
E653EE54
EE74EE94
AD97BDF9
CE7BBE19
B5B7AD77
AD97A577
B5B8AD77
B5F9AD97
A556AD77
A5569D36
A577A577
A5369D15
9D15A536
9D15A577
A556A536
947172A9
D638830A
8B6D93EE
AD138B8C
49A520E2
18C18448
A5AC8D0A
A58BBE6F
C69073E5
A4E989E4
A963B143
A123A944
A902A8E2
B102B923
B923B944
B986A944
A985A9C6
78E27945
7142E732
BEB1B62F
D712E733
E754C66F
B5EDA56A
8D099529
A56949E3
8BAEA491
93EF8B8D
BD54C596
AC70C639
CE9BC65A
CE7BC65A
C65ACE9B
CE7BBE3A
D6BCDF1D
D6DCD6BC
D6DCD6FD
BE5AB5D8
BE19C65B
BDF9BDF9
C63ACE9C
BE19BDF9
AD97B5B8
BDFAB5D9
B5F9A577
9D36AD98
9D169CF5
DE75DE34
D5F3DE14
DE14DDF4
DE14DE15
DDF4E614
BDF8BDF9
BDF9B5B7
AD97B5B8
AD97AD76
AD77A556
AD97AD76
A556A556
AD97AD97
AD77A577
A5779D36
B5D9B5D9
9D36AD77
A5569D36
9CB2832B
DE78830A
8B6DCDD6
BD547B0B
49C63985
7C4CDF54
D711C66D
BE2DE773
D6AECE6D
CE2DA469
68E29943
9923A943
B185A9A5
A944A965
B145B1A7
A944A944
A1659965
89A66182
6A63B58B
E774DF12
DF12E754
EF97DF55
A56B7C47
8D0AA58B
ADAA5207
8BCF9C30
93AE9BEF
C5B6BD75
B514ACD2
CE7BC65A
C67BC65A
C67BCE9B
D6BCD6DC
D6DCCE9B
C67BCEBC
DF1DE73E
DF1DCE9B
B5D8CE7B
BE3ABE19
BE3AC65B
B5F9ADB7
B5D8BE3A
C63AC67C
AD98B5D9
B5F9B5D9
B5D9B5B7
DE55D5F3
D5F3D5F4
D5F4D5F4
D615D5D4
D615DE14
AD77BDF9
CE7BBE19
B5B8ADB8
BDF9B5B8
AD97AD97
AD97AD98
B5B8AD56
A576A536
9D15A536
A556A556
AD98B5F9
A556AD98
AD77BDF9
72A8BD14
ACB282EA
832BA471
59E683AE
5A27B612
DF12C68F
C6D2CEF1
D6AFBE0C
B5ECA54A
8C887385
72A550C2
68E38102
91649102
99029902
A964A964
A1448903
79047104
7A85E795
B5ADC62E
DF53E796
DF33E775
EF97E776
E79584C9
954AA58A
B5CD5A69
838D836D
93AD9C50
ACF39C50
ACD27AA9
C63ACE7B
BE19C65A
CE9BCEBC
D6BCE73E
D6FCCE9B
CE9BD6DC
D6FDDEFD
D6DCCEBC
CE9BC63A
B5B7BE3A
C65BC67B
BE3ABDF9
BE1AC65B
D6DDCE9C
BE1AADB8
A5569D36
A577AD76
D633D5F3
D5D3CDD3
CDD3D5D3
CD92CDD3
D5F4D5D4
B5B8B5D9
BDF9B5F9
BE19B5B8
BDF9B5D8
B5B8B5B8
AD97B5D8
AD97A535
9D159CF5
A536AD98
B5B8A557
BE1AC65B
ADB8B5D9
B5B8B5B8
72A8C576
D6177288
940F6249
6AEC838D
62A7CE8F
BE70BEB2
D711C64C
B60CB5EC
ADEDADED
BE2EC64F
C62D8365
61235922
72447122
70C18AC6
89E39144
89247104
7104938A
D6F2D775
CEF1BE2E
DF54DF73
E797DF54
DF76DF54
E796952A
84477BE6
730A6A89
7B0B93AD
AC90B4F3
BD75BD75
B513830B
CE7BBE19
B5F8C65A
CE9BD6DC
CEBCD6BC
DF1DC67B
D6DCD6BC
CE9BD6DD
D6BCCEBC
DEDDC67B
B5D8BE3A
C65BC65A
B5D8B5D9
BE19B5B8
BE3ABE1A
B5D8BE1A
B5B8A577
B5D9CE59
D5F2D5F3
CDD3CDD3
D5F3CDD3
CDD4CDF4
D5F4D5F4
A556AD97
AD77A556
B5F9C63A
C63ABE19
ADB8B5D8
ADB8BE19
AD97A536
A556A556
AD77BDF9
B5B8A556
BE19BDF9
B5D8C65A
BDF9AD34
7247ACB2
E6B9ACB2
9C5072CA
8B6D832B
62A7BE2D
C6D2CEAF
B5EBB5EC
AE0DBE92
CF13DF73
E773A549
52E24A83
7BE7DF12
D6B0BDCD
EF34D6F0
C62E5121
59035942
9C6BBE2E
C66FCF13
CF13ADCC
D733DF32
DF74D733
D713D733
E795CEB1
734A5A69
5A487B0B
834C8B8D
ACB1B534
BD55BD54
B4F2936C
BDD8CE9B
C63ABDF9
C63ACE9B
D6DCD6DD
D6BCC65A
CE9BD6BC
D6BCD6DC
D6BCCE7B
BE3AC67B
B5D8B5D8
BDF9BE3A
C67BC65A
AD98A556
B5D8AD97
A536BE19
C63ABE1A
B5F9CE58
D5F3D5D3
CDD3CDB3
CDB2CDF3
CDD4D5F4
CDD4CDB3
AD97B5B8
B5D8B5B8
AD97B5D9
C65ABDF9
B5D8BE3A
B5D8BDF9
BDF9AD77
B5B8A556
9D36AD77
9D35A556
AD97AD97
BE1AC65B
AD97A4F3
7226CDF7
B4F2C5D7
940F838E
8B6D7AEA
83CAADAB
C66FAD89
ADCBADED
BEB3D753
E774DF53
73E56C28
954BC66F
D712E796
D713CEB1
DF53CEB0
CEB0B5EE
C62FDF12
73C5B5EC
A58BB5ED
B62FADAB
CEF1CED0
D734C6F1
CEF2CEF2
CEB0C62F
51E6730B
72EB8B6D
938DA470
BD33B534
B535B514
94316228
83AEC65A
CE9BC67B
CE9BC63A
C65AC67B
BE3ACE9B
CE7BC65A
C65ABE19
C65AC65A
BE19CE9B
C67BBE19
C65AB5F9
BE3AB5B8
B5D8ADB8
BE19AD98
A556A556
AD97B5B8
B5D9D678
D612D5D3
CDD3CDD3
CDD3CDD3
CDD3CDD3
CDD3CDD3
AD97A535
BDF9BDF9
B5B7B5B7
B5B8B5B8
B5D8C67B
BDF9B5D8
B5D8A556
AD97A556
A536AD97
B5B8ADB8
B5B8AD97
BE1AC63A
AD978C10
61E69C30
830AB534
A4929C0F
93AD72A9
A4CB8CC7
ADA9A549
A5CCBEB2
D732DF53
DF539D4A
8D4BB670
D7129D29
DF54DF56
D714D712
DF53CF11
CEF1CEF1
DF11E773
42C48CA7
94C89D4A
9D299D29
C66EC66E
BE4EBE4F
BE4EC66F
9D0A6B08
6ACA6A48
830B9BCE
9BEE93CE
BD54CDF7
D638ACD3
A4715A48
6B0CBDF9
C65ACE9B
C65AC65A
CE9BBE19
C65AC65A
CE5AB5D8
BE39B5B8
B5B8B5F8
BE19CEBC
D6DCC65A
C639BE19
C63AB5D8
CE9BCE9B
BE19B5F9
AD97A576
B5B8A536
A556E6B8
D5F2CDB2
CDB2CDB2
CDD3CDB3
CDD3CDB3
CDB3CDB3
A556AD97
AD97B5D8
BE19B5D8
A556AD97
B5F9ADB8
A576AD97
AD97AD98
AD98AD76
9D15A556
AD77B5D9
C63AB5B8
BE1ABE19
AD9762A9
51E67AEB
8B8CA4B3
9C71A471
834C832B
A4E98446
9CE79D09
954BBE90
D712D711
C68F956C
BED1DF77
D6F4BE2E
CED1CEF2
C670CED1
D711CEF1
CF13DF33
DF32CEB0
BEB1BED1
73C56BA5
7BE6BE2D
B60CB5ED
A58CA5AC
ADECBE0D
CE756289
72C98B4C
832B93AD
8B4CBD54
B514A4B2
ACD3ACB3
72886AAA
6ACBBDF8
BDF8CE7B
BDF9BDF9
C65ABE19
C65ABE19
BE19C63A
C63AC63A
B5F8CE7B
C65ACEBC
CEBCC65A
B5F9B5D8
BE3AC63A
CE7BBE19
B5D8BDF9
B5D9A556
AD77ADB8
B5F9DE97
C5B3CDB3
C572CDD3
C5B3CDD3
C5B3CDD3
CDF4CDF4
AD76B5B8
B5F9B5D8
AD97B5D8
B5B8AD97
B5D8BE1A
C63AB5D8
AD97B5B8
AD98B5D8
A5569D35
A556BE3A
BE19AD97
AD97AD97
ADB762A9
51E76A69
C554B514
BD96C574
C5758BAD
83C68C87
8C668CA8
84A8B60D
BE2DBE0C
9509AE4F
CEF2D754
52C2A54B
B5EDBE2E
C64EBE4D
C6B0CF34
D712DF53
DF33C6B0
D775DF97
52C252E3
4AA2BE2C
AD6A9CE9
8CA89509
9D4AB5AD
41846269
8B8D7ACA
938D8B6C
AC70CDD7
CDF7B4F3
ACB3A492
8B2B6269
62AAC65A
C63AD6BC
CE7BCE7B
D6DCD6BC
CEBCD6DC
C65ABE19
BE19CE7B
CE9BCE9B
C63AD6DC
CE7BCEBC
DF1DC67B
CE9BC65A
C65BB5D8
ADB8B5B8
B5D89D36
A535AD77
B5B8738D
83EE6B2B
944FACF1
AD11C594
C5B4C5B4
C5B4C5B3
AD77B5B8
C65BBE19
C63ABE19
AD97B5D8
BE19C65A
C65BBE19
AD97AD77
B5B8ADB8
AD77A556
A556B5D8
B5B8AD97
AD97B5D8
BE195A47
522859A5
836D830A
BD969C50
93CE8B6C
7AE9A50A
73C56B86
63249D09
A5499D08
63448CA8
9D0AADAC
21415B05
94C9AD8A
B5ABB5EC
BE6FC6B1
D712D712
CED0CF34
E798E796
42424283
8D09AD6A
84275AC4
7BE78C88
9D096AE5
5A276AA9
8B8D93CE
AC708B6C
9C2FB534
ACF3A472
ACF3BD13
59E65A48
9430C65A
C65AC65A
BE19C65A
C63ABE19
C65ACEBC
CE7BCE9B
DEFDC67B
CE7BBE19
B5D8CE9B
BE19C67A
CEBCCE9B
BE3ABDF9
BE19BE19
B5D8B5B7
BE19AD77
AD77A536
9D354A49
39C74208
39E739E8
3186630C
6B2B4A48
840F8C2F
B5B8B5D8
B5D8B5B8
C65BB5B8
B5D8B5B8
A556AD97
BE19BDF9
B5D8B5D8
B5D8B5F8
BDF9AD77
ADB7AD97
C63AC63A
B5B7AD97
AD975A26
52285A27
7ACAD5D6
72CA93CD
93AD7B0B
59E66B07
5AC44223
31625285
84268CA8
422239C2
422373A6
42422121
6344A528
9D09A58B
A58CBE90
CEB0C68F
ADCDCF14
D756D734
21417427
B5EB7B85
29424224
5AE573A6
844749C3
5A0772EB
834C9BEE
93ADA470
BD55BD75
ACD3A4B3
BD555184
51A65A48
A48BBE19
CE9BD6BC
C65ACE7B
C65AC63A
B5B8B5D8
BE19C67B
C67BBE19
BDF9B5D8
CE7ABE3A
BDF9BE19
CE7BC63A
BE19AD97
C65ABE19
B5B8BE19
B5B8AD77
BDF9AD97
B5D839C7
31A739E8
31A739C7
31A64229
39C739E8
42284A49
BDF9CE7B
BE19B5B8
B5F9B5D8
AD98B5F9
BDF8AD97
ADB8ADB8
AD97AD98
C63ABDF9
AD97BDF9
BE3AC63A
C63AB5D8
BDF9C639
BE1951C5
520851C6
51A59C0F
CDD6B4F2
8B6C72A9
7AEA5A27
31442903
20C318A2
52A5A5AB
63E64264
29642922
21012143
A5098C46
84478C88
8468ADCC
B5ECBE0C
9D2AB62E
BE9073E8
21226365
7BE64AA8
31852924
21023182
6B265A48
62698B8D
830B9BEF
93AEB4F3
B514BD55
ACD4B514
62064985
51A56269
9C67C618
CE9BC67B
C65ABE3A
C639C63A
C63ABE19
D6DCCE9B
C63AB5D8
C65ACE7B
D6BBBE19
B5B8C63A
CE9BC65A
BE19BE19
CE9BB5D8
C65ABE3A
C63AAD77
BDD8BDF9
A53541E8
318639C7
39C739E8
31A739E8
420839C8
39E83186
BDF8AD77
B5D8AD77
BDF9B5F9
AD97BE19
BE19AD97
B5B8B5D8
B5B8AD97
B5B8BDF9
B5D8BE19
BE19BDF9
B5B7AD97
B5F8BE19
C63AB575
51E749A5
51C56AAA
8B8EB4F3
834CBD33
9C5051C6
5A0749A6
51C63944
20E294CB
846920E2
20E320E3
292418E2
5AE45AC3
5AE45283
63259D2A
A549A529
842794E9
B5EC84AB
B6137C2A
52863965
39454165
41654165
49A66248
834C8B4D
93CE9C30
ACD2ACF3
832BACD3
D61882EA
59C651C6
51C56A67
B4E8BDD7
C65AC65A
B5F8BDF9
B5B8BDF9
C63AC63A
C67BCE9B
BE19B5D8
BE19C63A
C65AB5F8
BE19C65A
D6DCC63A
B5F8AD77
B5F8CE9B
C65AB5D8
BDF9BDF9
BE19AD97
A5554208
39C731A7
31A731A7
39A73186
31A739C8
39E839C7
BE19A536
B5F9B5B8
B5B8B5D8
BDF9BE3A
C67ABDF8
C63ABDF9
B5B8BDF9
AD97C65A
C65AC67B
BDF9BE19
BDF9BE19
BE3ACE9B
C63ACE9A
520649C5
51A54103
4144834D
93CE93CE
72A98B8D
6A686A69
6A896AAA
49E741A6
39653945
39454186
312483ED
52854205
39C431C4
39E38447
9D0831A0
4A638468
AD6C6B4B
5A894185
418549A6
520751C6
5A0751E7
62699C0F
93AEB4B1
AC707AEA
C554D5D6
9BF0ACF3
6A274985
51A551A5
51C67B6A
9467B513
CE9BBE19
CE9BBE19
BDF9BE19
B5D8B5F9
C65AC67B
C65ABE19
B5D8B5B8
BE19C67B
B5D8B5D8
C65ABE3A
BDF8B5B7
BDF8C65A
BE19BE19
AD77AD97
B5D8AD97
9CF439E8
31A731A7
39C839C8
39C831A7
39C83187
318739C8
BDF9ADB8
CE9CC67A
AD76AD97
AD97BE1A
C63ABE19
BE19AD97
B5D8C63A
B5D8C67B
C63AC67B
BE19C65A
BDF9B5F8
BE19BE19
B5B7AD74
5A4651C6
51A44123
39034123
51A63903
38E3AC91
93AE9C30
834D6A8A
5A285A28
622851C6
5A2851E7
5A276A89
394441A5
290328E3
41E57C27
A52A2102
29625284
396349C6
5A0751E7
72EB5A07
59E66207
62276248
7B0A7289
B4D3B514
BD3493F0
9C929C73
94318B6D
49854985
414451C6
51E56327
7BC78B6C
B5D8B5B7
C65AC65A
B5D8CE7B
BDF9B5D8
AD97BDF9
BE19C65A
C63AC65A
C67ACE7B
BDF9C63A
BE19CE7A
BDF9C63A
AD77BE19
BE39BE19
AD97B5B8
B5B7B5D8
84313166
318631A7
318631A7
39E839C8
39E839C7
318731A7
AD77AD97
BDF9BE19
B5B7AD97
AD77B5D8
B5D8B5D8
BE39B5D8
B5B8D6BC
BE19C63A
B5D8B5D8
BDF9BDF9
BE19BDF9
B5B8B5D8
C619B573
6AA549A5
49644103
39033903
51A65A8A
730C4186
59E672AA
6A697B0C
7B0B72AA
7268834D
6AAA72AA
7AEA72A9
72CA5A07
51C66AEB
9450B5D2
6AE63945
39453965
49C76289
626893CE
8B8D6AAA
6A897AEA
7ACA7ACA
BD349411
A4B48BAF
834E8BF0
9431A492
832B4165
416551C6
416451A5
6B0894EE
7BA76AA9
C619BE3A
CE7BBE3A
B5D8C63A
BE3ABE3A
C63AB5D8
B5D8C65A
B5F9AD97
B5B8B5B7
C63ABE19
AD97AD77
BDF8C63A
B5B8C639
BDF9BE19
AD97BE19
BDF9A556
9CF44A49
4A4939E8
39C839C7
39A731A7
39C831A7
420839E8
AD76B5B8
A556ADB8
AD97C67B
BE19C63A
ADB8AD97
BE19C65A
C65BC63A
AD97ADB8
BDF9B5D8
BDF9B5D8
BE19BDF9
BDF8B5D8
BE19AD12
59C049C5
49644103
39034123
49446AAB
838E6A89
732B5165
7A897AEB
8B6D8B6D
7AEB832C
8B4C7ACA
7ACA82EA
72CA6227
62486207
A4718B8E
6A8A51E7
51E75A27
62287B2C
7B0B72AA
72EA72A9
7AA97A88
B4B2ACF3
9C728BD0
A450A430
B555A4B3
8B8E5985
51A54165
49854985
51A64A05
8C4873C9
8367834C
C67AC63A
B5F9CE7B
CE9BDEFD
C63AB5D8
BDF9BDF9
C67BD6DC
C63AC63A
AD97B5D8
BDF9CE9B
CE7BB5D8
BDF9B5D8
AD97B5B7
B5B7A556
A556AD97
AD96AD96
A514736D
736E736E
528A4A6A
528A4A49
52AB4A49
42084209
CE9BC65A
BDF9C65B
C67BDF1D
CE9BBE1A
CE7BBDF8
AD97BE19
BE3ABE19
AD77B5F9
BE19C67B
D6BCB5D8
C65AC65A
B5D8AD97
C65ACE57
72E35A45
49434103
39034123
410359C7
830B834C
93CE834D
6207BCB1
7248832B
7AC97226
72267247
8B2A830B
8B2B6A27
7AEB93AF
832D7B0C
7B0B93AE
832C72AA
7B0B8B4C
830B832C
A410AC71
836D938D
A4B3B514
B5559BF0
B4F49432
93F0CD95
41234985
416449A5
51C651A6
39428C2A
7389840A
7327836D
BDF9B5D8
B5F8E73E
C67BCE7B
C63ABE19
C67AB5B8
CE7BBE19
C63AD6DC
B5D8BDF9
B5D8C63A
BDF9BDF9
C65AC639
BE19BE19
DEDCAD96
AD97BE19
C639AD97
9CF4736D
84108410
7BEF83EF
7BCF7BCF
738E7BCF
6B4D6B6D
C67BBE19
AD97CE9C
BE1ABE3A
BE3AAD97
BDF9BE19
BE19BDF9
BE1AC639
B5B8C67B
BE19CE9C
DEDCB5B7
B5D8BDF9
B5B7AD97
ADB7BDF8
6AA551E1
31224123
39034123
41433902
40E2832C
836D7B2C
72EB4103
728A93EF
9BEE82E9
7AA97AA8
82E97247
93AEA471
7B4D834D
7B2C8B8E
832C830C
9BEFA430
9BEF8B2B
8B2B834C
94109C31
838E51E7
836F7B0C
626A838F
9452AD15
9C3159A5
51A551A5
498551C5
51A55185
6A876306
6B695243
7AC88B6C
B5D8B5B8
B5B7BE3A
BE19BE19
C65ACE7B
BE3AB5B8
BE19CE7B
BE19C65A
B5D8BE19
B5D8BE19
C63AC639
BDF8B5F8
AD97B5D8
B5B7A556
AD97AD97
AD76A556
A53473AE
738E736D
7BAF8C30
8C318C51
8C308C30
83EF840F
B5B8C63A
B5D8B5D8
AD97B5F9
C65AB5B8
C67BC63A
BDF9B5D8
CEBCCE7A
B5B8B5B8
BDF9BDF9
BE19BE19
C639BDF9
AD97BDF8
B5D8C639
5A255A45
51E24123
39034123
41234123
390230E2
49658B2B
9C0F6248
624972EC
498572CA
830B9BEF
ACB3BCF3
AC506A27
A49272EB
8B6D7AA9
7AC97A88
82C982EA
938C8B6C
ACD36A69
8B8D93EF
B534AD14
ACF4838F
9432A4B4
ACB25165
49644984
49845A06
41643923
49A559E5
4A036B05
5AC55245
7AA95A48
B5B7B5B8
BE19BE3A
C639B5D8
B5F9BE3A
C67BBDF9
BE19CE9B
B5D8BE19
BE19CE7B
C65ACEBB
C63ABDF9
B5D8AD97
C639AD97
BDF8A556
AD76ADB7
B5B7AD97
A5357BF0
736E736E
8C318C71
8C317BCF
7BEF8430
8C308C51
A556B5F9
BE19BDF9
AD979D36
CE7BAD97
B5F9BDF9
CE9CD6DC
BDF9B5D8
AD97B5D8
CE7AC65A
BE19BDF9
AD97BDF9
B5B8BDF8
B5D7B5B7
62673983
73064982
38E23923
41234103
39023903
30E328C2
38E37AEC
5A086249
7B0C72CA
39034945
51A68B4E
83AF8BD0
9C516A69
7ACABCF4
B4F49410
C575AC71
938D7268
72A9BD54
BD34A491
B5149431
9411ACF4
A4924965
49644965
62274964
49645184
498418A2
41446283
7BC77BA7
6B286A87
72896AAA
BDF8AD97
B5B8B5D8
B5B8B5B7
BDF9BE19
BE3AADB8
B5D8AD97
AD97BE19
C63AB5F9
CE9BC639
BE19B5B7
BDF8C639
AD97AD76
B5D8BE19
BE18C639
B5B7A555
9CF3738E
7BF07BAF
7BAE8410
83F0738E
841073AE
8C718C51
BDF9AD77
B5B8B5D8
B5F9BDF9
CE9BC63A
C639AD76
ADB8C67B
C639B5D8
BE19C65A
CE7AC65A
C639B5D8
AD97BE19
B5D8B5D7
B5B8B5D7
732B4164
49E23141
59C438E2
41034123
38E238E2
30E330E3
30E330E3
390472CA
62286A69
5A285208
41865A29
8BB09C93
ACD4ACD3
A4B37B4E
836EACB3
6A6A5A29
5A087B2E
7B2E834E
59C859E8
93AF72AA
62073903
41444123
39033923
49644984
498451A5
49842901
29007B63
7BA46B05
41E57268
72EA628A
BDF8AD97
AD97B5B8
B5B8BDF9
ADB8B5B8
AD97AD97
C63AC65A
BDF9C63A
BE19D6DC
C63AB5D8
B5B8AD97
BDF8AD97
B5D7B5D7
ADB7AD76
B5D7BDF8
ADB7B5D7
949273AF
7BCF7BF0
8431738E
8C518C51
94728C51
8C318C31
BE19AD97
BE1AB5D8
BDF9B5D8
A577B5B8
AD97B5D8
B5D8B5D8
B5B7BE19
C67BB5D8
B5B8BDF9
AD97B5D8
AD97AD97
AD77AD97
AD76B5B7
734C51C5
49E44A04
49E351A4
41224103
390330E3
30E330E3
30E330E3
39244143
40E34945
49444103
492459C7
8BAF7B0C
4965A492
9C319411
8BF19411
72EC5A08
6ACB6249
49664145
49444144
41234144
49643903
39244144
41444144
51C64144
41445A06
31623983
3960A488
83869CCE
49A66A68
626862A9
C63AAD77
B5B8B5F8
B5D8BDF9
B5B8AD97
B5D8B5B8
C65ACE7B
B5B8B5B8
C63AB5D8
AD97B5B7
AD76BDF8
BDF9BE19
C65AA576
BDF8B5B7
BE18BDD8
C639BDF8
5ACB4209
5AAB62EC
6B6E7BF0
84108C51
A4B2B4B2
8C306B4D
B5B8AD97
B5D9C65A
B5B8C63A
AD77AD97
B5D9DEFD
CE9BC65A
B5D8C65A
BDF8AD97
AD97BE19
CE5ABE19
AD97AD97
C63AB5D8
B597C65A
ACF351E6
38E23141
49C15A23
5A055184
498528A2
30E328C3
28C330E2
390330E3
30C330C2
38C230C2
30C338C3
30C23903
30C340E3
492451C8
626A6249
41243903
30E330E3
310430E3
31033923
41434143
51A54144
39234964
49645A28
51A520A2
310349A3
4A437B66
8BC67B25
6B055A03
62076269
6AAA6269
C65BBDF9
BE39CE9B
CE7BB5B8
BE19BE19
B5F8C65A
BDF9C63A
B5B7BE19
B5D8B5D8
AD97C639
B5B7B5D8
AD97C65A
B5F9A576
A555BDF8
BE19AD97
A5769CF4
420839C7
31A739E8
3A084A29
5ACB836D
9BEEFDD5
E5B58C51
B5B8B5B8
B5B7B5D8
A5769D15
9D35BDF9
C63ABDF9
C65ABDF9
B5D9C639
BE19AD97
BE19A576
BDF9B5D8
BE19A556
C619B5D7
AD97B5D8
AD3451C6
392418A2
4A0449E2
29013922
38E320A1
31233124
414430E3
30C330E3
30C238E3
38C338C3
38E330C3
38C330C2
38E338C3
30C330C3
30E34124
414430E3
39033103
38E33903
39233923
41434143
41234144
41644124
5A285A27
49A43982
73895264
5AA45A84
52433162
6AE559C4
51E76A89
72EB628A
C619BE19
DF1DADB7
B5D8B5B8
B5D8B5D8
B5F8BE3A
C63AB5D8
BE19BDF8
BE19B5D8
AD97A556
B5B7AD97
BE19C639
B5D8B5F8
AD76BDF8
AD97A556
B5978C51
420939C8
39C831A7
318739C7
ABCCFDD2
F570AB6A
FDB3DD95
C65AB5B8
AD97ADB8
B5B7AD97
B5B8B5B8
B5B8AD77
C639BDF8
C65ABDF8
B5D8B5B7
BDF8A556
AD97A556
B5B8B5B7
C639C65A
BE19BE19
A4F35A48
414449C6
396341E3
5A433120
41824181
20A03122
31033103
30E330C3
30C338C3
38C238C2
38C24124
38C238C2
38C230C2
28A230C3
310330E3
41434144
39033903
39243103
39234164
41444144
39233924
31233103
49A64144
41C420E1
39A141E2
4A245284
4A235284
6AC76227
5A076A89
72EA62AA
BE19D6BC
B5D8C63A
BDF9B5D8
BDF9BE19
B5D8AD97
BE19C65A
C63ABDF8
AD77BE19
BE19AD77
BDF9AD97
B5F8C63A
A556C65A
BDF9AD76
A556A555
A5358411
39C731A7
318739C8
39A7ABCC
FE55FE76
FDD2FE14
ECEFFD92
B5D9D69B
B5D8CE7B
BE18BDF9
B5B8AD97
A556ADB7
AD97CE7B
D6BCCE7A
BE19C65A
BE19C639
BE19A535
B5B7CE7B
CE5AC639
B597D69B
C6185227
41A559E6
412341C4
49E151E2
6AE55A63
418118A1
188230E3
30E330E3
28C338E3
38C338E3
38C338C2
38C238C3
30C230C3
30C330C3
30E330E3
41233904
39043944
49A64144
41234164
39243103
39243924
310428E3
312341C2
8C4B8C4D
946B7BA7
8C093961
520649A5
6A6951E7
5A486AA9
6AAABE19
BE19BE19
B5D8C65B
D6DCC65A
B5B8C63A
BE3AAD97
BDF9B5D8
CE7BC65A
B5B7AD76
AD97B5B7
B5B8B5D8
BE19ADB7
AD97C65A
B5B7A556
AD56AD97
B5B77BF0
4A2939C7
39C73186
7A88FE13
FEB7FE76
FE34FE96
FE56F54F
C65AC63A
A556ADB8
C65ABDF9
AD77BDD8
BDF8AD77
AD97AD97
9D15A536
C67BCE9B
B5B8AD76
B5D8AD76
D6DCB5D7
B5B8BDF8
AD97B5B7
A5565207
49C749C6
51A54185
31225244
49A128C0
29233961
20C141A3
392128E3
20C328E3
186128C3
49A638E3
38E338E3
38E338E3
38E330E3
39043904
41654165
39443924
39244144
39243103
28E328E3
18A13123
314341A4
41E45264
52424A23
62C45243
62454964
51A551A6
51C65A07
6A896A89
6B0BADB7
CE9CBDF9
BE19BE19
B5F9B5D9
B5D8C63A
CE7BB5B7
B5D8AD97
ADB8B5B8
C639BE39
BE19AD97
AD97B5B8
CE7ABDF9
AD97B5F8
A556B597
BE19B5D7
B5977C11
39C72966
31874185
E4CEF634
FE75FE55
FE34FEB8
FE76F5B2
AD97AD77
BE19B5B7
A556C67B
CE7BAD56
AD97AD97
C63AC639
AD76C65A
CE9BC65A
BE19BDF8
D6BCC639
BDF8AD56
AD76BDF8
BDF8BE19
BDF8838D
41A541A6
41654164
49A649C4
39613141
39825223
39422901
52233122
31433942
31222922
20A228C2
30E320A2
20A228C2
30E330E3
39243103
312430E3
31032903
20E218A2
31433143
20C149E4
41E341C2
41E53163
41C262C4
6B4583C8
734749A5
29036207
49A55A07
51E76248
6AAA6AA9
83ECC65B
BDF9AD97
BDF9B5B8
BDF9BE19
CEBCC67B
B5F9AD97
C63ABDF9
B5B8BE19
C65BBE3A
BE19AD97
AD77AD97
C65AB5F8
B5D8AD97
A556AD76
A556A556
A55694B3
31862966
3186DCCE
EDB1F634
F655F634
FE55FED8
FE55F614
CE5AA536
9D15BDF9
9D15A557
BDF9B5D8
A556BE19
B5B8AD77
C639B5F9
D6BBB5D8
C639B5B7
BE19CE5A
BDF8BE19
CE9BD6DB
BDF8CE7A
D6BB9C70
416449A6
49C73945
41443124
20C141A3
41A128E0
20A11081
49C34181
41E441A2
39214A03
39624182
49C34182
41A24182
394320C2
316428E2
41C418A1
18C22922
29204182
292241A2
312162E7
20E14A22
318141C2
52646B29
41E33982
5A4528E3
72CB49A6
51E751E7
51C66268
6AAA6AC9
8C90CE7B
BDF9CE9B
BDF8BDF9
B5D8B5B8
D6BCB5F9
B5D8C65A
B5F9B5B7
C65AAD97
BE3ACE9C
AD97B5B7
AD97C63A
ADB8B5B8
B5D8AD97
A535B5B7
A535B5B8
A5567C31
5B0D39C8
B40DE52F
F634F655
F655FE55
FE76FEB7
FE76F636
AD98B5B8
AD77BDF9
AD97A556
A556AD77
ADB8AD97
C63AAD76
AD97B5B7
B5D8C65A
CE9BCE9B
C639CE9B
B5D7B5B7
AD96C65A
BE18B5D7
AD567B8B
41624165
41854165
416551E7
41652903
28E220C2
41832923
41A44982
49C23962
49E44161
41A33962
31413142
31023962
292239A4
20A14A06
31225244
41C25A64
62E63981
292239A2
5A633120
526362A5
73257304
4A017B89
5A863143
39446A89
49A551C6
51C65A27
5A276A89
62688C0B
BDF7D6DC
CE9CB5B8
B5F8B5F9
AD97B5D8
B5B8B5D8
BE1AC63A
B5D8B5F9
BE1ABE19
AD97BDF9
B5D8C63A
AD97C639
B5B7B5B8
A576A556
A556A535
B5B79CF4
94B47BF1
52CC834B
DD51EE14
EE76EE76
F655FE14
FE97FE34
F677F677
C63AAD97
AD77AD97
A535B5B7
AD77BE19
C65AC65A
B5B8AD77
C65ABDF8
C63ACE7A
A556C619
BDD8B5B7
AD76CE7A
B5D7BE18
B5D8AD76
AD766AE9
4A034964
41654165
39453944
394449A6
51E73944
5A2828E2
41A44183
41822901
10813121
20A04962
41823942
41824982
5A0449E3
41A262A7
20E241C5
41A220C1
41C33162
31833163
73266284
5AA65245
41E541E5
20E120C2
310349A6
416549A5
49A549A6
52075A27
5A075A28
52277BA9
BDD8B5D8
BE3AA556
CE7BC63A
ADB7BDF9
BDF9BDF9
B5F9B5F9
B5D8AD97
BE1AC65A
AD97B5D8
B5B7ADB7
B5B8B5D8
BDF9AD77
AD76A536
A536AD76
AD76BDD8
A5768431
6ACBEDF3
FEF8F6D9
F6D8F6B7
F676F5F3
F635FE56
F678F677
A536AD97
ADB8C65B
B5D8B5B8
BE3AA556
A536A535
BE19B5B8
BE3ABDD8
AD77C619
AD76C639
B5B7B5D8
B5D8BE19
C639A535
BDF8CE7A
AD3359E6
49E34143
39443944
39443944
39443924
310338E3
39033924
5A274985
396428E1
20C25A86
30E03122
398249E4
52033962
20E218A1
31012902
41E63963
20C22904
28E35A87
20E220C2
28C24984
51856227
59E651C6
5A494165
41654165
498551E6
51E75207
5A285A27
49C66287
83C851E6
BDD8B5D8
CE9BBE19
CE7BAD97
B5D8BDF9
BE19BDF9
B5F9D6BC
B5F9AD97
D6BCDEFD
ADB7CE9C
B5D8C63A
AD97AD76
A556A556
AD97D69B
B5D8AD97
B5B7BE19
C619DD94
FEB7FEF9
F71AF71A
F71AEE15
F5F3FE35
F5D3F636
F677EE78
A556A536
A536A557
AD97A556
C65AB597
B5F9D69B
A556AD97
C65AAD76
AD77A535
A535AD97
CE7AA556
BE19B5D8
B5B7AD97
B5D7B5B7
AD756206
4A036244
49853924
39243944
39453944
39243924
39043903
390330E3
39034166
392449C7
41443903
18A23124
41C63164
18A120E3
41A54185
41A649C7
41864165
416551C7
520741A6
41244964
498559E6
49A54985
416449C6
49A551E7
49A551E6
51C651C6
52075A07
51E662A4
7B6551E7
83F0B5D9
AD97CE7B
A556C65A
BE19ADB8
B5D8B5D8
A577AD97
AD97AD77
C67BCE7B
ADB7B5B8
AD97C65A
D6DCB5D8
AD76B5B8
B5D8C63A
AD97BE19
AD96C63A
C574FED8
FF5BFF7C
FF7CFF7B
EE35F635
FDF3FDF4
FE14F635
EE37EE57
94F5A556
A556A556
A577AD56
A536A556
BDF9A556
C67BCE5A
BDF9AD97
AD97C63A
BE19BDF8
D6BBAD96
BDF9B597
CE5AA535
B597BDF8
B596732B
6A855A23
39023944
39243924
39443944
31043924
39243924
31033904
31033103
30E330C3
30E330E3
39243904
39043924
52294186
39453924
39043104
30E33103
39443924
41443924
39243924
310359E6
49854144
51A54985
51E649A5
51E649A5
5A0749A6
5A2851C5
52436AC3
7B256A89
B576AD77
A577A536
A556AD97
B5F9C63A
CEBCBE1A
AD97ADB7
B5B8BDF9
BE19D69B
BE19ADB7
AD97A556
B5D8CE9B
B5B7AD76
BE19C639
AD77A556
A5569CF4
EDB2F6B8
F71AF71A
FF3BFEB8
FE34F5F2
FE34F571
F5F4F636
EE57EE37
AD77AD76
A557B597
9CF59D15
A556AD97
A535A556
BDF9C63A
AD77B5D8
B5D8BDF9
B5D8AD97
B5D8BDF9
AD97B5D7
9D15CE7B
C639D6DB
B5B7B554
6A4441A2
51E23960
39413944
39233924
39443924
39043924
39243924
41244144
30E328E3
28E328E3
30E33103
310430E3
28E33104
310430E3
31043104
31043924
31043924
51C63924
39443104
31033924
49644985
49855A27
51C649A5
49A55A27
51E649A6
62655AA4
4A0351E4
62266A8A
AD56AD77
AD97BDF9
AD77C63A
ADB8BE19
ADB8A577
C65ABDF9
AD97B5F9
B5D9AD97
AD76B5B7
AD97B5B8
AD979D35
AD76B5D8
AD97CE9C
A556AD76
A556AD14
FE55FE76
F6B7FED8
FEF9F5D2
F5B1FE34
FE34F571
F5B3F615
EE37EE16
9CF5AD98
B5B8A556
BE19A577
CE5AB5F9
B5B8A535
9D15A577
DF1DCE7A
B5B8B5B7
AD76AD97
9D15AD97
A555AD97
A556C619
B597A514
AD769CB2
51E63983
41813960
41A24182
28C13103
39443124
31033944
39043904
39033103
30E33104
30E33924
392428E3
310428E3
28E428E3
31043104
31243124
39243944
39243924
39443924
41654165
39443924
51A64985
49655A07
49A54185
498551C6
49C55A23
6B055263
6AE449C5
6AEC734E
AD98C63A
A536B5D8
ADB8CE7B
B5B8CEBC
C65ACE9B
B5F9AD77
C639B5F8
BDF8BDF9
C63AB5D8
CE7AD6DC
B5D8C639
C67BB5D8
A556AD97
A556A556
A556AD76
BDD8EE56
FE75FE96
FE54F591
FE13FE13
FDB2FDD2
F5D3F5D4
F615EE15
B5B8B5D9
CE9CADB7
A556B5D8
AD97C65A
AD97A556
BDF9B5B7
AD76AD97
B5D8BE18
A556C65A
CE7AC639
B5B8A535
B5D8AD97
A535A556
AD76AD55
52284163
396249E3
41A23941
312120E2
31033103
39243944
39043924
31043104
310430E3
28E328E3
28E33104
31043104
31043104
31043124
31043925
31044165
39243945
41A53944
39444145
41443944
41654985
418549A5
49A549A5
41A55A24
4A035244
5A845A84
52245A69
5A4A9C93
D6DDBE3A
B5B8C63A
A536B5D8
CE7BB5D8
A577A577
B5D9C65A
C67BC65A
C67BAD77
B5B8DEFD
BDF9C639
B5F9B5B8
AD97AD76
C65AA556
AD76A556
AD77AD97
9D15AD76
D5D6FE13
FDF3FDF2
FE13FDB2
FDD2FDF4
F5D3F5D3
F5F4F615
BE1ACE7B
BDF89CF4
A536B5F9
B5B8A536
C63ACE5A
A556DF1E
CE7ADF1D
CE9BCE7A
C67BCE7B
B5B8BDF8
C619B5B7
9CD4C639
A535AD76
94B3736E
4A074144
41C43982
41A26264
52233963
31023103
31033103
31033104
31033924
39243103
28E328E3
31043104
31043104
31043104
31043124
31043124
39243924
39443924
39243924
39444165
41654165
41654165
392449A5
41654184
49A46AC4
52654A44
522451E5
49A65A6A
4A4AB5B9
CEBDAD97
BDF9BE1A
BE1AB5D8
B5F8B5D8
CE7BAD77
C61ACE9B
C65ADF1D
AD97BDF9
C65AAD97
B5D8B5B8
A577A556
B5B7AD77
9D15A536
AD76A556
9D15B5B8
A556AD76
B576F5F3
FDD2FE34
FDF3FDD3
FDD2FDF4
FDF4F5F4
F615F5F4
ADB9C67B
DEFDA556
BE1ACE9B
9D159D15
9CF5B5D8
AD97B5B8
B5D8B5D8
B5D8AD76
BE19C639
D69BA556
A5369CF4
9CF4A556
BDF99CF4
AD76B596
4A2841C7
41644184
398349E1
524341E4
520349E3
30E23103
31033104
312430E3
30E330E3
30E33104
31043104
31243104
31043104
31043945
31243124
41863945
39243924
39453944
39243944
41653944
41454165
39443963
39632923
41A38BC6
5A6349E3
49C55A69
49A65A8B
8C9494D5
A5579D15
A577A557
CE9BA577
AD77AD97
A556B5F9
AD97BE19
BE19B5D8
AD77AD76
A536B5B7
A577C63A
AD979D15
A577BDF9
A556B5B8
AD77A536
9D159D15
A5368C93
DDD5FE34
FDF3FE14
FDF3FDB2
FDD2FDD3
FDB3FDD3
FDF4FEB5
94F59D15
94B4A536
9D15ADB8
C63ABE19
C619BDF8
C639A535
BDF9BE3A
BDF8A573
9531BE17
C639BDD8
9D15BDD8
AD969D15
A5159CF4
AD56738E
736E41E7
39863944
39643941
292341C2
41C23961
20A14182
20C228E3
31034165
30E328E3
28E328E3
31043103
31043904
31043104
31043104
31043104
39243924
39243124
39243924
39243924
39243924
394441C4
39834A03
4A033982
4A0483A6
51E35A45
49A65A29
4A0973B0
532F8CB5
BE1ABE3A
B5D8AD97
B5F9AD97
B5F9AD97
B5D89D15
B5D8BDF9
AD97A536
AD77CE9B
C619B5B8
B5B8C63A
B5D8AD76
AD76AD77
AD76A556
AD979D15
9D159CF4
9CF59C72
FEB7FE76
FE14FE14
FDD2FDB2
FE14FE13
FDF3FDB1
FE33FE94
94D4BDF9
AD979D15
A536A536
AD97ADB8
BE3ABDF8
B5D8C65B
D6DCBDF8
94F05C05
5C0674AB
B6359571
9514C65A
B5B8C65A
BDD7B597
9CD46B8E
6B8F5AAA
316641A6
392351E4
20C24204
41823981
41A241A2
398218A1
20E33903
39033924
39243104
30E430E3
28E33104
31043104
31043944
39443124
31244165
31243945
39243924
39243924
39442903
314241E3
4A246286
52236A85
412251A4
51C651E7
49C73986
49E87390
7412A557
B5D99D36
BE1ADF1E
AD97DF1D
A576D6BC
A556A556
A535BE19
A556AD77
A536AD97
B5F8B5B8
BDF9BE19
AD77BE19
B5B7AD76
AD97BDF9
B5D8A576
9CD2EEF4
C573EDF3
FE35FE34
FE34F613
FE14FDD2
FDB2FDB1
FDD0FE11
FE93FEF3
9CD5BDF9
AD989D15
B5D8A515
A536AD77
9CF5B5F9
B5B79D15
9D149D51
642553E3
53C44363
3B236C89
9D33B5B7
AD97B596
94B3AD76
C6199493
738F528A
31863125
312430E3
39033963
41A241A3
292141A1
39823941
20C23923
31032903
28E32904
28E33124
392430E3
31042903
31043924
39443124
31243124
39243104
31043124
29023963
31432102
314241C2
41C341C2
41824144
59E65208
520849A7
39864165
49C76B6F
74129D57
AD788C94
9D15CEBC
A577A577
C65ABE3A
AD77AD97
9D36A556
B5D8B5B8
C63AAD97
ADB8A577
CE7ACE9B
AD77B5B7
BE19A577
A556A535
AD76A515
FF32FF52
FDF2FE76
FED9FE55
CE52AE11
B5B0D5B0
F654F5B1
FDAFFDF0
F630FEF2
A53594B4
9D36B5D8
9D36D6BC
A556BDF9
A556ADB8
C65AC67B
BE186C27
53E34BA4
4B834B63
3AE36C89
94F39CF5
DEFC9CF4
9CF494B3
AD568431
632D52AB
5ACB3986
29043104
30E349C4
41A24182
29023982
398241C1
290141A3
39432902
398320C2
21033943
394320C1
39833122
20E23963
290320E2
29032923
312341C5
312249E3
49E35286
21015223
4A2541A2
52443103
51C65A07
31254187
39453986
398649A6
836E52ED
7C33BE1A
845394D4
94F5BE19
B5F8B5D8
A536BE1A
A556CE7B
CE9BC63A
AD76C639
B5B8AD76
AD97CE7A
AD97BE3A
AD76BDF8
B5B8A535
A536A556
C639B533
FE8FFF36
FDD2FE76
F654B5EF
AE31B671
B631A5D0
956EB5F1
EEF3FF95
FF95FF33
B5D89CF5
BDF9CEBC
BDF9CE9C
B5D8CEBC
CE7AA556
D6DCB5B7
8CCE53E3
4BC34363
43634343
3AE36C8A
ADB69D15
AD979D14
AD969493
8C7294B4
73D0630D
52AB736E
20E42904
31043123
51E33941
49E23121
39623982
396120E0
39823161
31224A25
49E449E3
39823962
41E34A03
41C439A3
31633142
4A6739A3
29233164
316241E3
41835204
314241C3
39A44A03
5A454186
394549A7
31253965
39463987
39867BF2
94F66BD1
94D57C12
A578B5F9
94D4BE3A
9D15AD77
CE9BA556
BE19B5D8
B5B8AD77
AD97ADB8
BE19A576
ADB8BDF9
B5D8B5B7
D6BBAD97
A5569D15
9D14C638
EF3AF712
FE2FFE73
FE13FE34
F6339D8F
9DD09DCF
A5EF95AE
9DAF958E
9D8DE6D1
FF95FF73
8C939CF5
B5F9B5F9
A5369CF5
BDF9B5B8
A556B5D8
DEFDE71C
7CAB4BA3
4B8353C5
4BA44323
3B236CAA
9D54A515
BE199CD4
B5B78C93
8C72738F
6B6F7C11
845239E8
294520E4
29042904
28E351A4
51E549A4
31033943
31233163
39A22901
314241C3
49E449E3
31844A68
31422901
20C141A3
49E341E4
4A4641C4
524541E4
39A34184
31433943
28E13943
31444A28
5A083945
31253125
31253145
3966528B
3A4BA558
5B4F6370
ADB98CB4
7C5394F6
A556A577
C67BADB8
A556E73D
D6DCBE19
AD97AD97
CE7BB5D8
9D15A535
DF1DBDF9
B5B8C65B
BDF9BDF9
9D35A515
B596FFFE
FF77FEAD
FE8CFED4
FE13FE13
FDD2C591
9D6E9D8F
8D4D956E
958E8D8D
958D9D8C
FF73FF94
9D369D15
C65ABDF8
D6DDA536
A536B5B8
CE9BA515
B5D9C658
6C464B83
4B834B64
43443B22
4B837CEA
9D54BDF8
8C9394B3
8452A515
8C73A557
634E9493
73AF4229
39E86B4D
20C32904
28E33104
28C330E3
31043924
28E320C2
52443963
396418A2
39444144
20E23123
49433122
41443124
290320C1
41C43122
39A43963
41842902
41853124
31244186
31252904
31243104
31252925
31253166
632E73D2
7C539D58
63B194D5
6BB073F2
7C1294F5
9D15AD77
B5D9A556
B5D894F5
A5369D15
A556CE7A
D6DCB5D8
AD77AD97
BDF9BE19
B5B7BDF9
AD76BDD8
AD75FFDD
FFFEFF99
FF51FECD
FEABFE6D
FDF2FDD2
FD70F590
B4EC8D2C
8D2D852D
852C8D4C
8D6C956B
EF10CE2D
8C93A557
B5D89D15
AD77A556
B5D9A536
A556A556
A556A572
5C045C04
53C44B63
43434363
6C66850B
A534A556
A535A535
94B3AD76
AD978C93
6B6F5B0D
8C52634E
738F528B
29663965
28E328E3
28E32904
31033103
31033964
41A33944
28E33924
28E328C3
314341A3
20C23124
31042903
20C22923
39433943
396449A6
49853924
28E33124
31042904
29042904
31252925
31252925
29253187
7C5473F3
9D16634F
6BD1A577
C65BD6FD
CE9C94B4
9D56CE7B
AD77A577
A556CE7B
D6DCAD77
AD97A577
D6DCDEFD
BE39B5B8
B5D8C639
A556B5B8
B5D7A514
DE96FFDD
FFFDFF52
FF31FEEF
FEADFE8D
FDF1FDD1
FD90FD91
FD91CCED
9CCC8CEB
8D0C950B
9D4CB56B
BDAA8484
A556AD98
9CD49CF5
B5D9B5B8
A5569D15
AD77A515
CE5A7CCA
644553E4
5C054BA3
4BA35C05
6C878D0D
9D14C639
94D4B5B7
8C938452
845273D0
A5365AED
73AF634E
5B0D8C93
5AEC52AB
18C320C3
28E42904
290420E3
39243904
30E23103
28C328C3
20C330E3
28E328E3
31033923
28E341A4
31034164
310428E3
28E341A7
310428E4
29042904
29042904
31252904
29052905
29253166
3A2B31EA
9D168495
94F66370
B5D9BE3A
8494CEBD
9D36CE7C
BE19D6FD
CE7BBE19
AD97C65A
B5D8D6BB
9D15AD97
D6FD94F5
AD76AD77
A536A556
A556A535
AD9762CB
5A47F77A
FFDCFF10
FF31FE50
FE12FE33
FDD3FDD3
FD2FFD2F
FD0EFD0E
FD4FED0D
E50DE58E
CDAC9CA9
94C87C65
8CB394B4
A5579CF5
A5359CD4
94729CD4
9D15D6DC
A5536C65
5C2453C4
4BA44BA3
4B835C25
6C878D0E
D6BBAD56
B5B894B4
84528452
7C1194D5
632E632E
A5986B6F
5ACCA557
630C5ACC
52AC4A4A
4A2820C3
20E328E3
28E320C3
28C320C3
28C328C3
20C328E3
28E33125
39453924
28E330E3
28E33104
31042904
28E328E3
28E428E4
28E428E4
290428E4
29042925
29052105
31A86B91
A5785B2F
6BD173D1
A5578CB5
B5FA8495
A5578453
94F59D57
8CB5A598
B5F99D36
B5B8CE9B
9D15A556
AD76A556
A536C65A
DF1DB5D8
9D15A556
A556A556
9CF59CB3
4164E696
FF7AFE6F
FE12FE55
FE75FE96
FE56FEB8
FE15FD70
FD0FFD92
FD70F50D
B50C7C89
74887487
7C677C66
84528C73
A5569493
94B483CF
7289832D
AD5694F5
950F6C64
6CA56465
5C054BA2
436253E3
7CE9ADD3
B5D8CE9C
A53594B3
9CF494D4
8431A536
7C117C12
7C1173D0
5B0E636F
632E4A6A
4A6B6B90
738E5AEC
18E43165
290320E3
20C320C3
20C320E3
20C320C3
20C320C3
20C328E3
392420E3
28E428E4
20E320E4
28E328E4
20E428E4
290420E4
29052904
2104630E
29A86390
7C54634F
3A2B530F
52EF8CB5
634F530E
73F26BF2
9D36BE3B
ADB9CEBC
94F5C63A
ADB8A556
D6DC9D36
ADB8D6DC
D6DDD6DC
E73E94F5
A5779D15
B5F9D69B
A5359CF5
A556BE19
7287E591
EE55FE55
FE55FE96
FE97FEB8
FE77FE76
FD31FD51
FD0FFD2F
F4EEBCCB
74687468
74677467
74067406
94B49CF4
9CF49CF4
94D4734C
412451A6
730DAD76
8CCC6C85
642553C4
5BE55C04
5BE26423
7CE89511
9D15AD97
9CF58CB3
94F48C73
843173D0
73B06B90
5B2E636F
8C73634E
4A8B8C93
52CC5B0E
A53631A8
7BD03187
39E83186
18C320C3
20C320C3
20C320C3
20C320C3
20C320E3
20E320C3
20C320E4
20E320C3
20E420E4
28E42904
29042925
7BD06B6F
29883A0A
31E9426C
530F6BD2
6390426C
6B905B0E
BE3B634F
634F7C32
B5D9A557
CEBCBE1A
C65BDF3D
9CF59D15
B5D8D6DC
A556DF1D
A597CE9B
AD77A535
CE9BBE19
CE9A9D15
DEDCA555
A556BDB6
EDD2F696
FED8FED7
FEB7FEB7
FE97FE97
FE76FE35
FD30FCCE
FCCDFD2E
DCED7C27
6C276C26
6C267426
73C573A6
AD9794B4
94B394B4
9CF562CA
30E33904
49A69493
94CB6C65
74866403
53C253C2
6C237C85
7D0894F1
9D1594F5
8C938C93
8494AD76
7BD073AF
6B6F7BF1
7C12632F
7C116B90
5AED7C33
73B08C93
9D16BE1A
52ED31A7
3A2A31A7
21462105
738F39E8
18C318A3
18C320A3
20C320E3
28E32904
28E43124
20E420E3
20E418C3
212531C8
31C85B0E
320A426C
31E9320A
5B0E4AAD
6B91424B
73D16BD1
4AAD52EE
8C945B4F
6BB17433
ADD9CE9C
8473BE3A
B5D9AD97
94F5C63A
A556D6DB
AD77A556
BE1ABE3A
BE19AD97
A556B5D8
E73DA576
C65AAD97
B597E5B3
F655F6D8
FEF9FEF9
FED8FEB7
FE76FE55
FE96FE76
FE13FD71
F550F50F
AC6A7427
6C277447
74676C05
73A5A3A6
9CF58C93
94D594B3
94D483EF
30E330E3
41036B4B
8CE96C24
6C456C45
6C446C23
7C446C23
7CC79CF1
AD779CF4
9CD48C73
9CF4A556
8C7394D4
73F1634E
5B0E7BF1
632EC65B
5B0E5B2F
7BF25AED
634F634E
3A0A52ED
39E9424A
6B8F31E9
8C9431C8
29662967
5ACC2125
630D2966
29664229
18E431A8
31872146
29873A09
31E98495
422B31EA
4A8C3A0A
3A4B4AAD
5B0E426C
634F6370
4ACECEBD
634F73F2
6BD1634F
6BB19D36
7C32C67C
8474B5B8
D6DDB5F9
BE3AC639
B5B89D16
C67AA556
BE19BE19
A535B5D8
B5B8AD97
B597A535
BDD8BE19
A514EE13
EE76F6D8
FEF9FEF8
FE96FE33
FEB6FE97
FE35FDF3
F5B2F571
F530DCCE
8C487447
6C277447
744673E5
73A5CC09
94F594D4
9CD4A516
9CF494B3
5A6930C2
38E349E4
84457CA5
74447C44
6C036C02
84636402
7CC8A514
94D494B4
8C7394D4
8C528452
9CF573D0
843273B0
5B0E5AED
5B2E73D0
5AED52AC
84526B4E
6B6F530E
6B6F52CD
9CF6426C
9D17426B
AD9839E9
7C12634F
73F131C8
2988424A
426C9D17
31EA634F
424B31A8
3A0A4AAD
3A2B31EA
52CD4A8D
3A2A426C
B5D9A557
52CD426C
4A8C4AAC
4AAC52EE
52EE9516
637094F5
7C336BB0
73F2A578
C65BB61A
C67B9CF4
BE1AAD97
A556DF1D
9D15ADB7
CE7BBDF9
AD97BE19
AD76B5F8
AD97B5D7
A556B597
D5D5EE35
F677F697
F6D8F613
FE75FEB7
FE55FDD2
FD91F571
F551ED50
ED10DCCE
84267446
74677467
74267406
83A6D4CE
94B48C93
9D16A556
94D49493
8C7249A6
30C24102
6B437C64
7C8484A6
7C437C43
8C6484A4
950BB5B7
A556BE19
9CD48C93
94D48452
84118C52
6BB0B5B8
84527BF1
A5566B90
632E5B2E
94D5632E
8CD552AC
73F1424A
634E4A8B
422A424A
424A4A8B
8C933A0A
530F39EA
3A2A3A0A
424B31EA
39E973D2
3A2B52EE
3A0A31C9
31E939EA
424B4A8C
424B426C
9D374A8C
84959D57
B61B52EE
C67C8C95
AD9873F1
BE3ABE1A
94D57C12
7C52A536
94F5B5F9
DF3E9CF5
9D159D15
A5369D15
BE18D6BB
A536A556
94D4A536
A55694F5
9D36AD97
AD76A535
D5F5E5F5
EE35F655
F5D2FE75
FE76FE13
FD91FD70
FD2FF52F
ED0FED10
ED10E530
8C268466
7C877446
742673E5
AC4AE5B4
94B4BDF9
8C9394B4
9CF59D15
A53683CE
38E238E2
52027C04
7C237422
84648443
94649D28
B50BF4B1
ECB3C452
9C738C72
8C7394F5
84318411
84327C33
6B6F6B70
7BF2A557
7C11A556
84536B6F
ADB96BB0
52CC8474
8453426C
ADB994B4
428C424B
422B422A
5AED3A2A
52EE4A8C
424B3A0A
3A0A73D1
3A2B3A0A
3A0A422B
73F14AAC
428C426C
424B426C
8CD56BD2
4AAD52CD
5B0E52EE
5B2E5B4F
5B506390
74126BB1
73F29D57
7C127C12
8C939CF5
B556B514
A515BE5A
C63AA556
9D159D15
B5B7D6DC
A576A556
A556AD76
A536C639
AD56A535
D5D4DDD4
EE15F5F3
FE34FDF3
FDB1FD91
FD70FD91
FD4FECAD
ECADECEF
ED10E510
CC4BB468
94A87425
74058BE6
DCEFDD51
AD778C73
D6BC9CD4
9CD4A536
A515BCB2
99E640C2
41227383
8CA58C84
8C8494A4
A4C59CE6
CCC9F224
F9E4F9E4
F227EB8E
B411AD56
B5D88C92
84736B6F
7C1273D0
8C93634E
A5375B2E
73D15AED
52EDADD9
52ED5B0D
52CC4AAC
73F152AD
422B424B
4A8C422A
424B422A
52ED4A8B
424B3A2A
424B6370
424BA537
422B4A8C
426C4A8C
426C8C94
BE5BBE3A
4ACD6BB1
52EE52EE
52EE5B0E
5B4FADB9
7C328CB5
7C3373D2
73B194D5
7C128C94
94F5A4F4
D595D618
B5D8DEFD
A556AD56
B5B7BDD8
C618C639
D69AC5D6
C595C595
DE9AAD35
CE59B5B7
BD53DDB4
E5F4F591
F635FDF3
FDF3FD91
FD4FFCEE
F48DEC2B
EC4BE3EA
E4CEED92
E531D44B
94877C46
8C26CCED
B307D48D
94D494B4
A53694B4
9CD4BD15
E3AEFB2A
F26670A1
49446AE4
8C8494A5
94A49CC4
ACE59CE6
D489F286
F286F9E3
F9C3F9C3
F1C4E2CB
A3D19CF5
6B906B90
6B8E8CD5
CEBDCE9C
632EB5D9
8452632E
5B0D9D16
52CD6B90
52AD4A8B
8CD55AED
4A6B4A6B
634F426B
4A8C4A8C
9D154A8C
5B0E4A6B
9D165B2F
5B4F73D1
7C334AAD
4A8C4A8C
4AAD73F2
5B2F52ED
52EE5B0E
530E5B2E
84535B4F
5B2F6370
6B906BB1
6BB173B1
84737C12
8CB48C53
8C73C513
D575AD56
9D15B576
C5B5D5B4
E5D4EE14
EE35EE15
EDF4F634
F655F634
EE14EDF4
E5F4E636
DE37D573
E5B3ED91
F615F592
FD50F4EE
FD50F4AD
F4CEF46C
F50FECCE
F5D3F635
EDF4E530
BC89A467
D56FF697
E5B49A22
9CF4A556
94B4ACF5
D3CFF2A8
FA65FAC6
F9E4C942
40E24982
8C449CE4
AD04ACE4
AD0594A5
EDF4FE58
FCF1FB49
FA04F9C3
F9C3F9A3
F1C5CB2D
7BB07C11
C65A6B8F
6B908452
9CF594F6
636F8CB5
AD778C94
52EE52CD
6B6F73F2
634F5B2F
4A6C424B
8CB44A6B
4A8C6BB1
951752AC
6370B5FA
63704AAD
73D14A8C
6B904AAC
6BD152AD
4A8C6B90
5B2F52CE
5B0E5B2F
9D365B0E
5B2F5B4F
6B9073F0
7C126BB0
73D1D6BC
84948433
94F58452
ACD3E572
DE38ACD3
D5B5EE56
F696FE75
FE55FE55
FE54FE54
FE75FE96
F675F675
F655F655
FE75FE54
F634EDD2
E592EDB3
EDF5F550
FD70F4CD
FD0EF50F
F4EFF4EE
F4CEF551
F656F697
F656ED92
F5B2F634
F676F614
F5D3D4AE
9D159493
AC31EA68
FA45FA85
FA44F9E4
FA45E9A4
50814103
8343AD04
B504B505
B50583E3
F552FD54
FC90FC0E
FA24FA04
F9C3F9A3
F9C3F9A4
E32DBD98
7BF1A557
6B8F94D5
6B6F8432
636F6B6F
634F634E
A557B5FA
7C328C94
5B2E632F
52EE52CD
5B0F52CD
5B2E52CD
636F6370
4AAC52AD
4AAD4ACD
52CD52CD
4AAD52CD
5B4F634E
530FB5FA
5B2F5B0E
A557C67B
63706BD1
9D37634F
6370A598
73D17BF2
73F173F2
8433C67B
84529493
CD12FE55
FEF8F6D8
FF39FF19
FE96FE75
FE54FE33
FE13FE13
FE34FE97
FEB7F6B7
F6B7FE97
FE96FE96
FE75FE33
ED70EDB2
EDD4ED92
F52FF50F
ECCDF4AD
F4EEF50F
F52FFDD3
F697F6B9
F697F5B3
F5F3FE56
FDF3FE14
E50FF592
8C73B410
E9E5FA45
FA85F9E4
FA04FA87
FA45FA45
B18440A2
5141AC23
BD05BCE5
A4A49425
F46FFCB2
FCB2FC91
F2C8F9E4
F9E4F9C3
F9A3F9A3
F9A3EAAA
8B6F7C12
8C948452
8C73634F
73B07C11
94D5AD98
634F8C94
5B2E73F2
5B2E634F
52CD5B0E
52ED52AD
8494BE1A
52EE8CB4
52AC4AAD
5B0E52CD
530E7BF2
52CD6370
52EEADDA
9D15DF3E
5B4F5B2E
ADB86370
6B90CEBC
845373F2
7C326BB0
73D17C12
9D16A4F3
A4D3AD97
D615EE55
ED30FE75
FEB6FF18
FF5AFF9D
FF5AFE75
FE75FE54
FE54FE54
FE54FEB6
FED8F6B8
F6B7F6D8
FED8FEB7
FE96FE75
FDF2ED30
E5D4E5D5
E572ED30
ECCDEC6C
F4ADEC8D
F530FE14
FE76FED8
F6B8F5D4
FE14F591
F54FF570
F591ED91
B430F1E5
F9E4FA65
F9C3F9E4
FA25F9C3
F9E4FBCD
E26758A1
48E279E2
AB83AC03
9C43ABC4
FC0DFC10
F3EFFC71
FC0EF245
F9E3FA04
F9E3F9C3
F9A3F9C4
EACB7B4F
6B9073F2
7C12A557
6B8F634F
636F8453
634F6B90
C65B634F
634F632E
5AEE94D5
5AEE5AEE
9D3752EE
52ED5B0E
52CDAD77
DF3EAD98
BE1952EE
5B0E8CD5
5B2E636F
C65B6BD2
5B2F73F2
A5996370
9D156B91
7C53BE19
84959D16
84737BF2
8C94E5F5
F6B8DE58
EE95F613
E48CED2F
FE54FED5
FED7FF3A
FF5AFE95
FE75FE55
FE54FE74
FE74FEB6
FED8FED8
FED8FEF8
FEF9FEF8
FED7FEB7
FE75ED50
E5D4E636
E5F5E5B4
E572E531
ED30F572
F5F4F591
ECCDF550
FE14FDF3
FDD3DC0A
DC0AE48C
F52FED50
E1E5F9A3
FA04FA04
FA05FA25
F983F9A3
FA05FC2F
F3099123
48C248E2
61419242
B2A2EC8D
FC4FFCB2
FC51FC92
FC91FBED
FA65FA03
F9E3F9E4
F9C3F9A3
F9C4D30D
736F634F
73F16B90
6B906B6F
6B70634F
634F6B90
73F2634F
9CF5634F
5B2F73F1
73D15B0E
5B2F5B0E
5B2FCEBD
52EE52EE
636F8C94
ADB98433
84535B2F
5B0E634F
845294D5
6B908474
6B906370
6B916BB0
6BB1A557
73D173F2
73F1A515
D5F6F656
FF1AFF5B
FE75F52F
E44AE46B
FDB1FED6
FE95FE95
FEB5FE95
FED7FE75
FE74FE74
FE74FEB6
FED8FED8
FED8FEF9
FF19FF19
FEF9FEF8
FEB7CCAE
DD30EE56
EE57EE36
EE15EE15
F615FE98
F5F4ED50
ECEEECEE
F52FFDD2
ED0FDBC9
E46BED2F
F570ECEE
F9A3F9A3
FA04F9E4
FAA8F9E4
F983FA05
F267FC2F
F34BC226
58A140A1
7922C1A3
E204FB2C
FCB3FCF4
FC51FC30
FC10FB8D
F267FA44
FA24FA04
FA24F9E3
F9C3F1E5
AB2E7C12
73B0634F
73B06B4F
6B70634F
63706BB1
6B906B90
6BB16370
845473D0
636F9D16
634F634F
63508CB5
5B2F5B2E
634F7C33
5B2E9D16
636F6350
84745B2E
6370BE1A
73D26370
B5B894F5
6BD16BD1
6BD17C32
7BF28453
9CB3E698
EE56F697
F6D9F615
EC8DE40A
E40AEC4A
ECEEFE54
FE75FE34
FE12FE75
FEB6FEB6
FE54FE53
FE53FE96
FED7FEB7
FED8FEF9
FF19FF19
FF19FEF8
FEB7C4F0
C510E572
EE57EE78
EE77F697
F697F676
F591F5D2
F570F570
F550FD70
E42AE46C
E4CEF550
F52FE4CC
F9C4F9C3
F9C4FA88
FAA8F9A3
F9A3FA25
EA47FC0E
F32BE268
B123B123
EA26FBCE
FC70FB6B
F248FC92
FC51FC71
FC10FBCF
FBAEF267
FA03F9E4
FA66FA45
F9E4F9A3
EACBC5F9
73B16B90
94D56B6F
6B909CD5
6B906B90
6B90634F
6B706B70
9D3673B0
6B707C33
D6FD634F
6370AD98
636F634F
BE3AADB9
634F6BB1
84538453
7C126370
63706B90
9D168453
6370C63A
73D173D1
73F28453
9D159CB3
DE78EEB8
F675F6B8
F615EC6C
EC8CEC4B
E40AEC2A
ECCDFE53
FE53FE12
FE13FE55
FE55FE95
FE34FE34
FE33FE54
FE76FE95
FE96FEF9
FF5BFF5B
FEF9FED7
FE96B48F
8B8C8286
D530EDF4
F656F677
F614ED71
ED70F613
F5D2F5B2
F52FF4ED
E46BE4CE
ED2FF570
F50EDCEC
F983F9C4
F9A3FAC9
FAE9FA25
F983F226
FD74FBCD
FB2BF288
F1A4FA47
F246FA67
F2EBFCD1
F2C9FC31
FB8FFB8E
FB8FFB8F
FBCFFBEF
FAC7FA24
FA66FA65
FA04F9E4
F1A4BB0E
6B90ADB8
7C126BB0
6B9073B1
6B906B90
6B90B5D8
84326BB0
6BB06370
634F6B90
73F17C12
84739D36
63708474
6BD17412
6B8F6370
A536AD77
C67B6BB0
6BB0CE9C
6BB16BB1
8C93DEFD
73F29D15
73F29CF5
A4F4DE79
EEFAFEB7
FED8FEB7
E4CFEC8C
FD4FF4CD
E3EAE42A
F4CDFDF1
FDD1FDF2
FE34FE55
FE76FE76
FE96FE96
FE96FE75
FE76FE96
FE76FF19
FF9CFF7C
FF19FED8
FE96C532
82C87A86
71C3A2C6
BB68E4EE
E50EDD30
ED71F5B2
F591ED0F
F50DE46B
E4CEED2F
F54FF52D
ED0BE58C
F9A3F963
F9C5FB0A
FA05F1C4
FBACFAE9
F2EAFCF3
FCB1FBCD
F1C5FBEF
FBCEFBCE
FC0FFC10
FBEFFB6E
FB2DFB4D
FB4EFB4E
FB8EFBCF
FA87FA04
FA66FA66
F9C4F9C4
FA05EA69
7B6F6B90
8C7473B0
6B906B70
BE196BB0
6B9073D1
6BB0A577
6B906B90
6BB173D1
6BB16BB0
73B06B90
B5D973D1
BDF9B5DA
AD986B90
CE9C6BB1
73D1CEBD
9D3773B1
6BB0C65A
7C1173F1
73F194F5
9493DE58
E657F614
FEF9FF19
FEF9FE56
E42CECAE
FDF2FDF1
E44BECAD
F52FFDD2
FE13FE55
FE76FE97
FEB7FEB8
FEB8FED8
FED8FED8
FEF9FF19
FF19FF19
F77BF77C
FF9CFF9C
F6F9DDD3
B3EB9B6A
8B089265
79C3D510
DD51D530
DCEEDCAD
E4CDECED
ED0EE46A
F56FFD6F
FD8DFDAB
FE2CF62D
F983F943
F983FA05
F963F1C5
FB6DFBCD
FB8DFB4C
FC30FC0F
FB2BFBEF
FBCFFC10
FC30FC31
FBAEFB4D
FB2DFB4D
FB4EFB4E
FB4DFACA
FA66FA04
FA86FA86
F9C3F9C4
FA06FA07
A32EAD57
73909D17
6B906B90
A55873B1
6BB073B1
73B1CEBC
8C746B70
6BB16BB0
73B17BF2
ADB9B5D9
A578B5F9
847373F2
73B1ADB8
8CB494D5
6BB17C12
73D17BF2
73D173F2
B5B87BF2
7C128CB4
BD75F697
F655FE54
FE96FF5B
FF5CF5F5
E40BECCE
ED70FE54
F592FDB2
FDF4FE55
FE76FE97
FE97FE97
FED8FED8
FED9FEF9
FEF9FF19
F75CFF9C
FF9DFF7B
F739F75A
F79CF79D
F77BF73A
EE76CC8D
9B498AE7
8A65D530
D530D510
D42ADCEE
DCEEED0E
E4ABFD8F
FDCEFE4D
FEF0FF10
FF31FEEF
F963F184
F205F246
F963FAEA
FA88FA47
F206FA26
FACAF248
FA89FAAA
FA89FACA
F268FAAA
FB6DFB2D
FB4DFB2D
FB2DFB4E
FB6DF2C8
FAE7FA04
FA65FA45
F9C3F9C4
F9C4FA06
D2EC7BF1
73B173F1
949473D1
73B173D1
6B9073D1
94B473B1
8432A557
73F18453
843273B1
8453CE9C
73D19CF6
7C118C94
94F673F2
73D17BF2
94D5DEFD
C65B8C94
7C1273F1
94B594F5
7C117BF1
EE77F676
F5F4FE14
FE35FF5B
FF3BED51
E40AED30
F614FEB7
F656F635
F656F677
FE77FE97
FEB8FEB8
FED8FEF9
FEF9FEF9
FF19FF5B
F79CF79C
F77CF77B
F75AF739
F77AEF59
F79BF79C
F73AF613
D52F8AE8
ABCAB40B
B3EBC48E
B328C3CA
D48DDC4B
ED2DF5CC
FEEFFF30
FF52FF53
FF52FF10
F943F164
FCF2FD33
FB0AFB2A
FA06FA88
FA47FA47
F984FA27
FA89FACA
F9E6FA48
FA68F9E6
FAECFB2D
FB4DFB2D
FB2DFB2D
FB4DF2C9
FD32FAE7
FAE8FA66
FA04F9C4
F9C4FA06
EA499C73
73D173B0
73D173D1
843373B1
73D194B5
73D173D1
73D173D1
73D17C12
AD978474
A53773F1
B5F99D16
B5B973F2
7BF194F5
7C1273F2
8CB4D6FD
94D4BE19
7C12AD78
8452BE3A
AD979473
EE35F635
F570FD92
FDB2FF1A
F698BBC9
CBC9F592
FE76F6B7
F656F657
F677F677
FE97FE97
FEB8FEB8
FED8FEF9
FEF9FF1A
FF1AFF7C
F7BDF75A
F6F8F77B
F7BCF77B
EF59E717
EF59F77B
F73AF695
EDF2B40B
8AC7A3AA
AB69B368
B368AB48
AB69BBEA
EDADFEEF
FF51FF52
FF52FF52
FF52FECF
F923F923
FC30F3CE
FB6DFAA8
F963F9A4
FA26FA67
F9A4F9A4
FAABFB0C
FA27F9E6
FA48FA89
FB0DFB0D
FB0DFB0D
FB0DFB4D
FB4DFBED
FDD5F2C7
FAA7FA04
FA04FA04
F9C4FA06
F2489B70
7BF273D1
6B907C12
73D173D1
73D18C94
BDFA7BF2
6BB073B1
73D1DF1E
A5367C12
84537C32
84947C12
7C337C12
73F27C12
7C128C73
CE7B9CF5
AD98DF1E
73F2ADD9
84327C12
8432BD96
EE14F5F4
F550F5B2
F591FE97
F6B8AC2A
BBE9ED91
FE55F676
F657F698
F697FE77
FE97FE97
FE97FEB7
FED8FEF9
FEF9FF1A
FF3AFF7C
FFBDF77B
F719FFBD
FFBEF7BD
EF7BEF59
EF59F77B
F79CF739
F695DD4F
82A769E4
82659285
A2E7B389
AB89B3EA
EDEDFF0F
FF51FF72
FF73FF52
FF52FE2E
F102F102
F144FD35
F2C9F943
F964FA26
F9E6FA27
F9E6FA27
F1A5FAEC
FAAAFAAA
FB0DFB0D
FB0DFB0D
FB2DFB2D
FB0DFB4E
FAEAFBAC
FD94FB08
F9E4F9C3
F9E4F9E4
F983F9E6
F228AB2F
7BF273B1
7BD194F6
73D1A557
9D367BF1
73D173D1
73D173D1
73D17C54
CE9C7BF2
73F2BE1B
7BF17BF2
C67B94D5
7C337C32
7C1273F1
8CB58C73
B5D98CB4
84537C12
8453CE7B
CE9CDE38
EDF3EDD3
F591F5D3
ED92FE76
FEF9D58F
BC68DCAD
F5B2F635
F698F698
F677F676
FE77FE77
F677F697
FEB8FED9
FEF9FEFA
FEF9FF5B
F79DF79C
F739F79C
F79DF7BD
F7BDF79C
EF7BF79D
FFBEF7BD
F759EEB6
BC6D6A46
6A057204
826592A6
9AC6AB68
E58BFF0E
FF2EFF30
FF30FF30
FF0FF5AC
E902F0E2
F102FBCF
F1C5F923
F984FA07
FA48F9E6
F9C5F9C6
F963F9C6
FB0DFB2E
FB2DFB2D
FAECFACC
FB0DFB2D
FB4EFB8F
F1E5FC4F
FC0DFA04
FA25FA04
F9E4F9A3
F963F9C5
F207BB0E
7BF273D1
7BF27C12
73D19D16
7C329D37
7C1273D1
7BF273F1
84747C32
73F27C33
7C3273F1
73F2A536
7BF2A516
CE9C7C12
8C94D6FD
7C53E75E
8433D6BD
843294D4
8453AD77
7C32E5F4
F5D3ED71
F591F615
EDB3F5D3
F697E5F1
B4E7C4C9
E56FF5F3
FE56F677
F676F676
F677F677
F677F698
F6B9FED9
FED9FED8
FEB7FEB7
FEF9F719
EED6EED7
F739F77A
F77BF79C
EF7CEF7B
F79CF79C
F759F717
DDB182C7
8B287A86
82C68A85
92A6A327
C466FEAB
FEECFECD
FECCFEAB
FE8AF5A9
E8E2E902
F102F207
F1E5F102
F903F943
F9A5F1A5
FA07FA07
F9A4F9C6
FAEDFB2E
FBAFFB2D
FA8BFACC
FACCFB2E
FB4EFBEF
F205FBAC
FB09F9E4
F9C3FA04
F9C4F983
F983F9C5
F1E7BAAC
7BF273D1
7BF173F1
73F273D1
7BF27C12
94D594B4
7C328CB4
7C1273D1
9D36D6DD
73F27C12
C67CCEDE
84338CB5
8453DF1E
BE198453
8C9494F6
B5D8CE9C
C63A7C32
A5158453
A515CD52
EDD3ED50
F592F635
E510ED71
F635EDD2
CD6ABD48
DDAFF613
FE34FE55
FE76FE76
F635F636
EE56EE56
EE57F677
F697FE97
FE75FE75
FE55FE55
F654F674
F6B6F6D6
EE54EEB6
EEF6EF17
EF59EF17
EEB3F6B4
EE53BD0B
9C699BEA
A42D8AE7
8AA58244
C467EDE8
F66AF68A
F629EE28
EDE7EDA7
E0E2E902
E8E2E902
E902F102
F923F163
F9C5F185
F985F9E6
F9E6F9A5
FA8AF1A6
FC11FB2D
FA8BFAED
FACCFB4D
F2CBFB8E
FA88FA67
F9E4F9C4
F9A3F9A3
F9A3F963
F984F1A5
E9C6C2ED
84127C12
8C948C74
7BF27BF2
D6DCAD78
84337BF2
8C947C12
7BF18452
7C127C12
8433CE9C
7C338CB4
84538433
84537C12
94D57C12
84538453
7C118453
84538473
CE7C8473
C67BB4F2
D511DD10
ED72F636
ED92E530
ED92E591
DDADD5AC
E5EEF614
F655FE55
FE76FE96
F634F634
F635F614
F614F614
FE55FE75
FE75FE95
FE75FE55
F654F654
F675F674
EE13EE12
EDD1EE32
EE94EE71
EE71F6B4
F6B4E64E
B5CAA50A
8B479349
AC6D7AA6
9305EE4A
EE28EE08
EDE7EDC7
E5A7EDEA
D8E2E0E2
E0E2E8E2
E902F102
F123F144
E984F1C6
F1C6F9A5
F9C6FA28
F9E6F923
F185FA49
FA28FA28
FA49FA06
F1C5F9E5
F983F9C4
F9C4F983
F983F963
F943F943
F164E9A5
E1A6C24B
7BF173D1
73D17C12
7BF27BF2
7BF27C12
7C127C12
7C1294D5
7C1273F1
7BF27BF2
8C948474
7C327C32
7C337C12
7C1294D5
8CB48453
D6DD94B4
CE7BDEFD
9D1694B3
BE19AD97
8C52B4D1
D531DD30
ED92F615
EDD4E4EF
E551E550
DDCFE5CF
E5CEEDF2
F635F655
F656F697
FEB7FEB7
FE96FE96
FE76FE76
FEB6FED7
FED7FED7
FE96F654
F614EE13
EE13EE13
EDF3EE12
EDD0E52C
DD2ADDAB
E60EEE72
F694F6B2
DECFC66D
9CA86A85
6A254143
3922D5AA
EE6BEE6B
EE4AEE29
EE09EEB1
95A6A6A6
42009595
96E0A7A6
00C084D0
00200A1B
3B000C57
00B3CDDB
000057B1
7B0074C0
0590EBDA
0800C070
00009032
EC1B00A0
70A2B630
AB00A0E3
E80800B0
C0AA0000
A2E3A000
EB5DE1A3
00A00040
0820BB08
04490050
00003B90
C2A00266
073B0000
00006078
3B3BA706
000000C6
000CC1B2
D0700700
2C00200B
000CC100
4C00B300
6D0000B4
000000D9
500BE101
E0010000
00C3400B
00C78C00
C80400C3
00E000CA
B708201E
003E0090
0010AE00
DD05600E
BE030051
20CD23EA
000E100F
7800000C
6008D002
000E200C
000E001D
6009200D
7700C002
200C0077
D0029006
D100E000
D001E000
200C9006
A2000077
B0B85A00
0900CA03
0D002028
0D000000
0D000000
DE6D0000
0D0060DD
0D000000
002D0000
00930058
0540DD1D
00102D00
00101E00
00006900
0000C300
0000C003
00006009
0000100E
00000069
030000C3
080000C0
0D000070
02000010
0C00C3BE
3E006D70
5B400D00
6A600B00
5B700A00
3D600A00
0D400D00
03006C70
1500B2CE
00A7A9B7
00970097
00970097
00970097
B3CE0597
6D200A00
0F000000
4D000010
D4040000
307D0000
00A00900
00001E00
FFFF4F00
A1CE0360
AA100800
5B000000
B5020000
90EF0300
8C010000
1F000000
7C002810
A1ED0800
E6010000
E6080000
A63C0000
96C30000
96700900
96006B00
EEEECE00
960000B0
96000000
A0FF8F00
A4000096
EACE0000
C01A0020
00F10100
1910F001
10D9DEA0
00ED5C00
0001C305
0000300D
00D67D2E
303E704E
700A003E
600A001E
103E800B
00C4BE01
50FFFF5F
002D0000
00960000
00D00200
00700900
00101E00
00005B00
0000A600
0000D300
00C3BE03
005D600D
000E100E
00787006
00E6EE05
303E402E
600A005B
303D302E
00C5CE04
00C2BE03
006C500D
300D004C
500C005C
505E501E
409CCE04
001E0000
00A70101
0070ED0C
0005102D
00000000
102D0005
0005102D
00000000
002D0001
00930068
205B0000
00939D04
0000A14F
00A49E04
205B0000
60DDDD6D
00000000
00000000
60DDDD6D
0000504A
00939D04
30BF0100
0093AD04
0000504A
3650ED08
0000E104
A00700E1
00008A00
000000E0
00510000
0000D400
10B9BB3A
00B20600
3B00C303
2CA5BB03
200DA400
D0300BB4
09A30049
0058D040
A3200BC2
4BC4162C
B6064B00
0700803A
000200B4
BB280000
000000B8
0000E109
00B60E00
6C5B0000
B6000000
0200201E
00800BE2
D006C007
FFFF0D00
204E00F5
A900AA00
103E0000
C570FDCF
00C5E403
D104C5C6
C570FECF
00C5B902
B902C55C
0090FDCF
04A0DE2A
0D7521E8
4E000060
5C000000
4E000000
1E000000
07000050
007521E6
CF80ED5C
C500A4FE
C5706D02
C5E20300
C5C60000
C5A80000
C5C60000
C5E10400
CF606E02
CF00A3FE
00C5C0FF
0000C500
CF0000C5
00C580FF
0000C500
CF0000C5
FFCFF0FF
0000C5C0
C50000C5
FFCF0000
0000C580
C50000C5
00C50000
DE2A0000
E80300B3
0D004A21
00000060
0000004E
1F005C00
004E00FF
1E002F00
002F0050
5F21E606
EE4B0000
00C500B6
00C5F100
00C5F100
00C5F100
FFCFF100
00C5F1FF
00C5F101
00C5F100
00C5F100
C5C5F100
C5C5C5C5
00C5C5C5
00790079
00790079
00790079
BDD30298
7C00C570
D105C510
203DC500
00D4C600
00B0CD00
00C8C500
601DC500
E403C500
5E00C500
0000C530
C50000C5
00C50000
0000C500
C50000C5
00C50000
E0FFCF00
030000CE
0060CDF8
D0C9D809
C4A81E00
988800D5
E2017BC4
371EC498
08C498A0
C49840AD
9800EC02
00A500C4
0010CD98
00A0CA88
00C5C588
103DC488
B008C488
D600C488
5E00C488
0A00C4A8
0200C4F8
EE4B00E8
E60600B3
0E407E22
C0080050
0200004E
00005CF1
004EF201
1EF10200
C0080050
7E12E606
EE5C0030
EDCF00A3
D703C580
C57B00C5
03C57B00
60EDCFD5
C50000C5
00C50000
EE4B0000
E60600B3
0E407E22
C0080050
0200004E
00005CF1
004EF201
1EF10200
C0080050
7E12E606
ED5C0030
000010DB
CFD40900
C50090FD
C500C802
C5007A00
CF00D602
C50050FE
C500901A
C500E401
C5006C00
02700C00
0D00D6AE
3F002A71
1E000000
04000070
000040DC
0000D917
39301E00
08204E20
BF00C5DE
0090FFFF
0000102F
0000002F
0000002F
0000002F
0000002F
0000002F
0000002F
E300002F
E3D00400
E3D00400
E3D00400
E3D00400
D3D00400
B6D00400
6DB00600
07504D41
A800C6CE
006C0000
B600005D
01300E00
800900E1
0300A007
00500CD0
002ED400
79890000
2D000000
000000C3
0000C00C
D00700A8
6C004D00
00E20B00
101E0089
C500A60D
4A400C00
00E1005A
1D868007
0300B004
270CC1C0
D2000070
306B08C0
80990000
0000AD04
00405E00
4E0000D9
0AE30220
01800AA0
00004DE3
0000D46C
0000C00E
0200D57A
0C105DE2
7C900B70
A9E30200
3ED00400
0B600B10
04002D70
000097D0
0000D1C6
0000805E
0000300E
0000200E
5F00200E
00E1FFFF
00501D00
00008A00
0000D104
0000401D
05000099
1D0000D0
9F000040
ADF0FFFF
A400A480
A400A400
A400A400
A400A400
AD00A400
00100D80
00700800
00D00200
00B40000
00590000
100D0000
60090000
C0030000
C3000000
68000000
1D000000
04B08C00
04B004B0
04B004B0
04B004B0
04B004B0
00B08CB0
0000002C
030060AB
0B00D1B0
4A006930
BB300C00
102CB4BB
CD04A003
991007B2
3DCB7902
016C7B63
7BEB1BBB
000000E2
000000E2
000000E2
000000E2
00B2CEE5
009B10EA
002E00E3
003E00E2
00A901E9
0091DDE7
02000000
700DE7AD
00004D00
1E00005C
BE032560
070000B2
07000090
07000090
07000090
DCBE0390
2C600D90
07004C90
08005C90
2D501E90
A8CE0590
C5BD0290
2E300C00
DDDD4E10
00005D40
18601E00
C3CE0400
409D0000
0700C004
80080090
10EE9E00
08008008
80080080
00800800
03008008
0D90B9BE
4C902D60
5C900700
1E900800
04902D50
0090A8CE
0A700A00
04205E10
E200B4DE
00E20000
0000E200
E50000E2
01E9A0CE
A700E3D5
E29700E2
00E29700
0E200C97
00000430
0E200E00
0E200E20
0E200E20
200C0020
00300E00
00000004
200E0000
00200E00
0E00200E
200E0020
00200E00
5C00100E
00C32D00
E20000E2
00E20000
0000E200
E2B009E2
B0EA009B
00D1E800
E2107DE2
E2E2D207
E2E2E2E2
E2E2E2E2
CE74CEE6
EA03E980
00E3E302
E2C500D4
C500D400
00D400E2
D400E2C5
CEE5C500
D501E990
E2A700E3
00E29700
9700E297
10D9AD02
901A601D
E003004C
E003004C
801A601D
00D8BE03
00B2CEE5
009B10EA
002E00E3
003E00E3
00A901E9
0091DDE7
000000E2
000000E2
000000E2
90DCBE03
902C600D
9007004C
9008005C
902D501E
90B8CE04
90070000
90070000
90070000
11EAD7E6
00E200E3
00E200E2
08000000
103EA0DE
00A41D00
00A06C00
DC5EE003
00000050
09007006
EEAE0080
00800920
09008009
90080080
10DD0300
500B001F
500B001F
500B001F
500C001F
504E600E
508BDE05
102E00A7
0089004D
00D2300D
00B09507
0040EA01
0000AD00
00D700A7
BC025BD2
171EC003
0A70175C
206B085C
BC03BA05
00E60100
006D00E8
C0740A98
0120DC01
660A20CD
B8007BC0
101E00A8
007A004D
00C3400D
00C0A306
0060EA01
00009E00
00008800
0000E203
0000509D
00F6EE6E
4C00A007
00D20200
9E00400C
A700E8EE
8006A005
60098006
7008105D
80068006
A700A005
D1D1D1D1
D1D1D1D1
D1D1D1D1
0A007BD1
08600850
01A00560
088007D5
0A600860
2C007A50
857017D8
DF10CA07
E4FFFFFF
FFFFFFFF
888868F6
86008288
00FC0000
0000FC00
FC0000FC
00FC0000
0000FC00
FC0000FC
F4FF7F00
0060FF08
97000097
60FF0900
00E4FF7F
FC0000FC
00FC0000
0000FC00
FC0000FC
00FC0000
0000FC00
00000087
00400000
04000004
00300000
04010902
00400009
0A010304
0080000F
05000808
0070002F
03010B06
00B00050
0400090C
00B00086
0400090C
003000BC
0A000304
004000C2
02000B04
004000D8
02000B04
005000EE
09000406
008000FA
05010608
00300112
02000304
00500118
07000106
0030011B
04000204
0060011F
02FF0B08
0070014B
04000908
0050016F
04010904
00700181
04000908
007001A5
04000908
007001C9
04000908
007001ED
04010906
00700208
04000908
0070022C
04000908
00700250
04000908
00700274
04000908
00300298
04000604
003002A4
02000804
008002B4
05010508
008002C8
06010408
008002D8
05010508
006002EC
04000906
00C00307
03010A0C
00900343
0400090A
00700370
04010906
0080038B
04000908
009003AF
04010908
007003D3
04010906
006003EE
04010906
00900409
0400090A
00900436
04010908
0030045A
04010902
00400463
04000904
00800475
04010908
00600499
04010906
00B004B4
0401090A
009004E1
04010908
00A00505
0400090A
00700532
04010906
00A0054D
03000A0A
0080057F
04010908
007005A3
04000908
007005C7
04000908
008005EB
04010908
0090060F
0400090A
00D0063C
0400090E
0080067B
04000908
0080069F
04000908
008006C3
04000908
004006E7
02010B04
006006FD
02FF0B08
00300729
02000B04
0080073F
08010508
00600753
01000106
00400756
0C000204
0060075A
04000606
0080076C
04010A08
00600794
04000706
007007A9
04000A08
007007D1
04000608
005007E9
04000A06
00700807
01000908
0070082B
04010A06
00300849
04000A04
0030085D
01FE0D06
00700884
04010A06
003008A2
04010A02
00B008AC
0401060A
007008CA
04010606
008008DC
04000608
008008F4
01010908
00700918
01000908
0050093C
04010604
00600948
03000806
00500960
04000806
00700978
04000608
00700990
04000608
00A009A8
0400060A
006009C6
04000606
007009D8
01000908
006009FC
04000606
00400A0E
02000B04
00300A24
01010D02
00400A31
02000B04
00800A47
07010208
00400A4F
04000004
00A00A4F
0600030A
00600A5E
02000C06
00600A82
02000C06
00210020
00230022
00250024
00270026
00290028
002B002A
002D002C
002F002E
00310030
00330032
00350034
00370036
00390038
003B003A
003D003C
003F003E
00410040
00430042
00450044
00470046
00490048
004B004A
004D004C
004F004E
00510050
00530052
00550054
00570056
00590058
005B005A
005D005C
005F005E
00610060
00630062
00650064
00670066
00690068
006B006A
006D006C
006F006E
00710070
00730072
00750074
00770076
00790078
007B007A
007D007C
007F007E
F175F068
0000F176
00000020
0000F176
0001C43C
00000000
00020063
FFFFFFFF
FFFFFFFF
FFFFFFFF
FFFFFFFF
FFFFFFFF
FFFFFFFF
FFFFFFFF
FFFFFFFF
FFFFFFFF
FFFFFFFF
FFFFFFFF
FFFFFFFF
FFFFFFFF
FFFFFFFF
FFFFFFFF
FFFFFFFF
FFFFFFFF
FFFFFFFF
FFFFFFFF
FFFFFFFF
FFFFFFFF
FFFFFFFF
FFFFFFFF
FFFFFFFF
FFFFFFFF
FFFFFFFF
FFFFFFFF
FFFFFFFF
FFFFFFFF
FFFFFFFF
FFFFFFFF
FFFFFFFF
FFFFFFFF
FFFFFFFF
FFFFFFFF
FFFFFFFF
FFFFFFFF
FFFFFFFF
FFFFFFFF
FFFFFFFF
FFFFFFFF
FFFFFFFF
FFFFFFFF
FFFFFFFF
FFFFFFFF
001FF800
FFE007E0
00780078
00010000
00000000
00012832
003C000A
003C0050
00000000
00100064
00000000
00800080
00280014
00100078
00780078
00013C50
0032000A
003C0032
003C0014
00320028
0046001E
003C0032
00500028
00320028
001E003C
00320032
005A0078
00320032
00320050
00000000
0001C518
00000000
0001E003
20677541
32203031
00363230
343A3931
31343A35
00000000
00000000
45472228
204F4B43
20535754
52414843
22524547
43202D20
67726168
4D207265
46205543
61777269
20206572
7541202D
30312067
32303220
202D2036
343A3931
31343A35
00000029
0002BE28
20000000
000000A8
00001628
0002BED0
2000055C
000000AC
00001628
0002BED0
200000A8
000004B4
00001638
00000000
00000000
00000000
00000000
00000000
00000000
00000000
00000000
00000000
00000000
00000000
00000000
00000000
00000000
00000000
00000000
00000000
00000000
00000000
00000000
00000000
00000000
00000000
00000000
00000000
00000000
00000000
00000000
00000000
00000000
00000000
00000000
00000000
00000000
00000000
00000000
00000000
00000000
00000000
00000000
00000000
00000000
00000000
00000000
00000000
00000000
00000000
00000000
00000000
00000000
00000000
00000000
00000000
00000000
00000000
00000000
00000000
00000000
00000000
00000000
00000000
00000000
00000000
00000000
00000000
00000000
00000000
00000000
00000000
00000000
00000000
00000000
00000000
00000000
00000000
00000000
00000000
00000000
00000000
00000000
00000000
00000000
00000000
00000000
00000000
00000000
00000000
00000000
00000000
00000000
00000000
00000000
00000000
00000000
00000000
00000000
00000000
00000000
00000000
00000000
00000000
00000000
00000000
00000000
00000000
00000000
00000000
00000000
00000000
00000000
00000000
00000000
00000000
00000000
00000000
00000000
00000000
00000000
00000000
00000000
00000000
00000000
00000000
00000000
00000000
00000000
00000000
00000000
00000000
00000000
00000000
00000000
00000000
00000000
00000000
00000000
00000000
00000000
00000000
00000000
00000000
00000000
00000000
00000000
00000000
00000000
00000000
00000000
00000000
00000000
00000000
00000000
00000000
00000000
00000000
00000000
00000000
00000000
00000000
00000000
00000000
00000000
00000000
00000000
00000000
00000000
00000000
00000000
00000000
00000000
00000000
00000000
00000000
00000000
00000000
00000000
00000000
00000000
00000000
00000000
00000000
00000000
00000000
00000000
00000000
00000000
00000000
00000000
00000000
00000000
00000000
00000000
00000000
00000000
00000000
00000000
00000000
00000000
00000000
00000000
00000000
00000000
00000000
00000000
00000000
00000000
00000000
00000000
00000000
00000000
00000000
00000000
00000000
00000000
00000000
00000000
00000000
00000000
00000000
00000000
00000000
00000000
00000000
00000000
00000000
00000000
00000000
00000000
00000000
00000000
00000000
00000000
00000000
00000000
00000000
00000000
00000000
00000000
00000000
00000000
00000000
00000000
00000000
00000000
00000000
00000000
00000000
00000000
00000000
00000000
00000000
00000000
00000000
00000000
00000000
00000000
00000000
00000000
00000000
00000000
00000000
00000000
00000000
00000000
00000000
00000000
00000000
00000000
00000000
00000000
00000000
00000000
00000000
00000000
00000000
00000000
00000000
00000000
00000000
00000000
00000000
00000000
00000000
00000000
00000000
00000000
00000000
00000000
00000000
00000000
00000000
00000000
00000000
00000000
00000000
00000000
00000000
00000000
00000000
00000000
00000000
00000000
00000000
00000000
00000000
00000000
00000000
00000000
00000000
00000000
00000000
00000000
00000000
00000000
00000000
00000000
00000000
00000000
00000000
00000000
00000000
00000000
00000000
00000000
00000000
00000000
00000000
00000000
00000000
00000000
00000000
00000000
00000000
00000000
00000000
00000000
00000000
00000000
00000000
00000000
00000000
00000000
00000000
00000000
00000000
00000000
00000000
00000000
00000000
00000000
00000000
00000000
00000000
00000000
00000000
00000000
00000000
00000000
00000000
00000000
00000000
00000000
00000000
00000000
00000000
00000000
00000000
00000000
00000000
00000000
00000000
00000000
00000000
00000000
00000000
00000000
00000000
00000000
00000000
00000000
00000000
00000000
00000000
00000000
00000000
00000000
00000000
00000000
00000000
00000000
00000000
00000000
00000000
00000000
00000000
00000000
00000000
00000000
00000000
00000000
00000000
00000000
00000000
00000000
00000000
00000000
00000000
00000000
00000000
00000000
00000000
00000000
00000000
00000000
00000000
00000000
00000000
00000000
00000000
00000000
00000000
00000000
00000000
00000000
00000000
00000000
00000000
00000000
00000000
00000000
00000000
00000000
00000000
00000000
00000000
00000000
00000000
00000000
00000000
00000000
00000000
00000000
00000000
00000000
00000000
00000000
00000000
00000000
00000000
00000000
00000000
00000000
00000000
00000000
00000000
00000000
00000000
00000000
00000000
00000000
00000000
00000000
00000000
00000000
00000000
00000000
00000000
00000000
00000000
00000000
00000000
00000000
00000000
00000000
00000000
00000000
00000000
00000000
00000000
00000000
00000000
00000000
00000000
00000000
00000000
00000000
00000000
00000000
00000000
00000000
00000000
00000000
00000000
00000000
00000000
00000000
00000000
00000000
00000000
00000000
00000000
00000000
00000000
00000000
00000000
00000000
00000000
00000000
00000000
00000000
00000000
00000000
00000000
00000000
00000000
00000000
00000000
00000000
00000000
00000000
00000000
00000000
00000000
00000000
00000000
00000000
00000000
00000000
00000000
00000000
00000000
00000000
00000000
00000000
00000000
00000000
00000000
00000000
00000000
00000000
00000000
00000000
00000000
00000000
00000000
00000000
00000000
00000000
00000000
00000000
00000000
00000000
00000000
00000000
00000000
00000000
00000000
00000000
00000000
00000000
00000000
00000000
00000000
00000000
00000000
00000000
00000000
00000000
00000000
00000000
00000000
00000000
00000000
00000000
00000000
00000000
00000000
00000000
00000000
00000000
00000000
00000000
00000000
00000000
00000000
00000000
00000000
00000000
00000000
00000000
00000000
00000000
00000000
00000000
00000000
00000000
00000000
00000000
00000000
00000000
00000000
00000000
00000000
00000000
00000000
00000000
00000000
00000000
00000000
00000000
00000000
00000000
00000000
00000000
00000000
00000000
00000000
00000000
00000000
00000000
00000000
00000000
00000000
00000000
00000000
00000000
00000000
00000000
00000000
00000000
00000000
00000000
00000000
00000000
00000000
00000000
00000000
00000000
00000000
00000000
00000000
00000000
00000000
00000000
00000000
00000000
00000000
00000000
00000000
00000000
00000000
00000000
00000000
00000000
00000000
00000000
00000000
00000000
00000000
00000000
00000000
00000000
00000000
00000000
00000000
00000000
00000000
00000000
00000000
00000000
00000000
00000000
00000000
00000000
00000000
00000000
00000000
00000000
00000000
00000000
00000000
00000000
00000000
00000000
00000000
00000000
00000000
00000000
00000000
00000000
00000000
00000000
00000000
00000000
00000000
00000000
00000000
00000000
00000000
00000000
00000000
00000000
00000000
00000000
00000000
00000000
00000000
00000000
00000000
00000000
00000000
00000000
00000000
00000000
00000000
00000000
00000000
00000000
00000000
00000000
00000000
00000000
00000000
00000000
00000000
00000000
00000000
00000000
00000000
00000000
00000000
00000000
00000000
00000000
00000000
00000000
00000000
00000000
00000000
00000000
00000000
00000000
00000000
00000000
00000000
00000000
00000000
00000000
00000000
00000000
00000000
00000000
00000000
00000000
00000000
00000000
00000000
00000000
00000000
00000000
00000000
00000000
00000000
00000000
00000000
00000000
00000000
00000000
00000000
00000000
00000000
00000000
00000000
00000000
00000000
00000000
00000000
00000000
00000000
00000000
00000000
00000000
00000000
00000000
00000000
00000000
00000000
00000000
00000000
00000000
00000000
00000000
00000000
00000000
00000000
00000000
00000000
00000000
00000000
00000000
00000000
00000000
00000000
00000000
00000000
00000000
00000000
00000000
00000000
00000000
00000000
00000000
00000000
00000000
00000000
00000000
00000000
00000000
00000000
00000000
00000000
00000000
00000000
00000000
00000000
00000000
00000000
00000000
00000000
00000000
00000000
00000000
00000000
00000000
00000000
00000000
00000000
00000000
00000000
00000000
00000000
00000000
00000000
00000000
00000000
00000000
00000000
00000000
00000000
00000000
00000000
00000000
00000000
00000000
00000000
00000000
00000000
00000000
00000000
00000000
00000000
00000000
00000000
00000000
00000000
00000000
00000000
00000000
00000000
00000000
00000000
00000000
00000000
00000000
00000000
00000000
00000000
00000000
00000000
00000000
00000000
00000000
00000000
00000000
00000000
00000000
00000000
00000000
00000000
00000000
00000000
00000000
00000000
00000000
00000000
00000000
00000000
00000000
00000000
00000000
00000000
00000000
00000000
00000000
00000000
00000000
00000000
00000000
00000000
00000000
00000000
00000000
00000000
00000000
00000000
00000000
00000000
00000000
00000000
00000000
00000000
00000000
00000000
00000000
00000000
00000000
00000000
00000000
00000000
00000000
00000000
00000000
00000000
00000000
00000000
00000000
00000000
00000000
00000000
00000000
00000000
00000000
00000000
00000000
00000000
00000000
00000000
00000000
00000000
00000000
00000000
00000000
00000000
00000000
00000000
00000000
00000000
00000000
00000000
00000000
00000000
00000000
00000000
00000000
00000000
00000000
00000000
00000000
00000000
00000000
00000000
00000000
00000000
00000000
00000000
00000000
00000000
00000000
00000000
00000000
00000000
00000000
00000000
00000000
00000000
00000000
00000000
00000000
00000000
00000000
00000000
00000000
00000000
00000000
00000000
00000000
00000000
00000000
00000000
00000000
00000000
00000000
00000000
00000000
00000000
00000000
00000000
00000000
00000000
00000000
00000000
00000000
00000000
00000000
00000000
00000000
00000000
00000000
00000000
00000000
00000000
00000000
00000000
00000000
00000000
00000000
00000000
00000000
00000000
00000000
00000000
00000000
00000000
00000000
00000000
00000000
00000000
00000000
00000000
00000000
00000000
00000000
00000000
00000000
00000000
00000000
00000000
00000000
00000000
00000000
00000000
00000000
00000000
00000000
00000000
00000000
00000000
00000000
00000000
00000000
00000000
00000000
00000000
00000000
00000000
00000000
00000000
00000000
00000000
00000000
00000000
00000000
00000000
00000000
00000000
00000000
00000000
00000000
00000000
00000000
00000000
00000000
00000000
00000000
00000000
00000000
00000000
00000000
00000000
00000000
00000000
00000000
00000000
00000000
00000000
00000000
00000000
00000000
00000000
00000000
00000000
00000000
00000000
00000000
00000000
00000000
00000000
00000000
00000000
00000000
00000000
00000000
00000000
00000000
00000000
00000000
00000000
00000000
00000000
00000000
00000000
00000000
00000000
00000000
00000000
00000000
00000000
00000000
00000000
00000000
00000000
00000000
00000000
00000000
00000000
00000000
00000000
00000000
00000000
00000000
00000000
00000000
00000000
00000000
00000000
00000000
00000000
00000000
00000000
00000000
00000000
00000000
00000000
00000000
00000000
00000000
00000000
00000000
00000000
00000000
00000000
00000000
00000000
00000000
00000000
00000000
00000000
00000000
00000000
00000000
00000000
00000000
00000000
00000000
00000000
00000000
00000000
00000000
00000000
00000000
00000000
00000000
00000000
00000000
00000000
00000000
00000000
00000000
00000000
00000000
00000000
00000000
00000000
00000000
00000000
00000000
00000000
00000000
00000000
00000000
00000000
00000000
00000000
00000000
00000000
00000000
00000000
00000000
00000000
00000000
00000000
00000000
00000000
00000000
00000000
00000000
00000000
00000000
00000000
00000000
00000000
00000000
00000000
00000000
00000000
00000000
00000000
00000000
00000000
00000000
00000000
00000000
00000000
00000000
00000000
00000000
00000000
00000000
00000000
00000000
00000000
00000000
00000000
00000000
00000000
00000000
00000000
00000000
00000000
00000000
00000000
00000000
00000000
00000000
00000000
00000000
00000000
00000000
00000000
00000000
00000000
00000000
00000000
00000000
00000000
00000000
00000000
00000000
00000000
00000000
00000000
00000000
00000000
00000000
00000000
00000000
00000000
00000000
00000000
00000000
00000000
00000000
00000000
00000000
00000000
00000000
00000000
00000000
00000000
00000000
00000000
00000000
00000000
00000000
00000000
00000000
00000000
00000000
00000000
00000000
00000000
00000000
00000000
00000000
00000000
00000000
00000000
00000000
00000000
00000000
00000000
00000000
00000000
00000000
00000000
00000000
00000000
00000000
00000000
00000000
00000000
00000000
00000000
00000000
00000000
00000000
00000000
00000000
00000000
00000000
00000000
00000000
00000000
00000000
00000000
00000000
00000000
00000000
00000000
00000000
00000000
00000000
00000000
00000000
00000000
00000000
00000000
00000000
00000000
00000000
00000000
00000000
00000000
00000000
00000000
00000000
00000000
00000000
00000000
00000000
00000000
00000000
00000000
00000000
00000000
00000000
00000000
00000000
00000000
00000000
00000000
00000000
00000000
00000000
00000000
00000000
00000000
00000000
00000000
00000000
00000000
00000000
00000000
00000000
00000000
00000000
00000000
00000000
00000000
00000000
00000000
00000000
00000000
00000000
00000000
00000000
00000000
00000000
00000000
00000000
00000000
00000000
00000000
00000000
00000000
00000000
00000000
00000000
00000000
00000000
00000000
00000000
00000000
00000000
00000000
00000000
00000000
00000000
00000000
00000000
00000000
00000000
00000000
00000000
00000000
00000000
00000000
00000000
00000000
00000000
00000000
00000000
00000000
00000000
00000000
00000000
00000000
00000000
00000000
00000000
00000000
00000000
00000000
00000000
00000000
00000000
00000000
00000000
00000000
00000000
00000000
00000000
00000000
00000000
00000000
00000000
00000000
00000000
00000000
00000000
00000000
00000000
00000000
00000000
00000000
00000000
00000000
00000000
00000000
00000000
00000000
00000000
00000000
00000000
00000000
00000000
00000000
00000000
00000000
00000000
00000000
00000000
00000000
00000000
00000000
00000000
00000000
00000000
00000000
00000000
00000000
00000000
00000000
00000000
00000000
00000000
00000000
00000000
00000000
00000000
00000000
00000000
00000000
00000000
00000000
00000000
00000000
00000000
00000000
00000000
00000000
00000000
00000000
00000000
00000000
00000000
00000000
00000000
00000000
00000000
00000000
00000000
00000000
00000000
00000000
00000000
00000000
00000000
00000000
00000000
00000000
00000000
00000000
00000000
00000000
00000000
00000000
00000000
00000000
00000000
00000000
00000000
00000000
00000000
00000000
00000000
00000000
00000000
00000000
00000000
00000000
00000000
00000000
00000000
00000000
00000000
00000000
00000000
00000000
00000000
00000000
00000000
00000000
00000000
00000000
00000000
00000000
00000000
00000000
00000000
00000000
00000000
00000000
00000000
00000000
00000000
00000000
00000000
00000000
00000000
00000000
00000000
00000000
00000000
00000000
00000000
00000000
00000000
00000000
00000000
00000000
00000000
00000000
00000000
00000000
00000000
00000000
00000000
00000000
00000000
00000000
00000000
00000000
00000000
00000000
00000000
00000000
00000000
00000000
00000000
00000000
00000000
00000000
00000000
00000000
00000000
00000000
00000000
00000000
00000000
00000000
00000000
00000000
00000000
00000000
00000000
00000000
00000000
00000000
00000000
00000000
00000000
00000000
00000000
00000000
00000000
00000000
00000000
00000000
00000000
00000000
00000000
00000000
00000000
00000000
00000000
00000000
00000000
00000000
00000000
00000000
00000000
00000000
00000000
00000000
00000000
00000000
00000000
00000000
00000000
00000000
00000000
00000000
00000000
00000000
00000000
00000000
00000000
00000000
00000000
00000000
00000000
00000000
00000000
00000000
00000000
00000000
00000000
00000000
00000000
00000000
00000000
00000000
00000000
00000000
00000000
00000000
00000000
00000000
00000000
00000000
00000000
00000000
00000000
00000000
00000000
00000000
00000000
00000000
00000000
00000000
00000000
00000000
00000000
00000000
00000000
00000000
00000000
00000000
00000000
00000000
00000000
00000000
00000000
00000000
00000000
00000000
00000000
00000000
00000000
00000000
00000000
00000000
00000000
00000000
00000000
00000000
00000000
00000000
00000000
00000000
00000000
00000000
00000000
00000000
00000000
00000000
00000000
00000000
00000000
00000000
00000000
00000000
00000000
00000000
00000000
00000000
00000000
00000000
00000000
00000000
00000000
00000000
00000000
00000000
00000000
00000000
00000000
00000000
00000000
00000000
00000000
00000000
00000000
00000000
00000000
00000000
00000000
00000000
00000000
00000000
00000000
00000000
00000000
00000000
00000000
00000000
00000000
00000000
00000000
00000000
00000000
00000000
00000000
00000000
00000000
00000000
00000000
00000000
00000000
00000000
00000000
00000000
00000000
00000000
00000000
00000000
00000000
00000000
00000000
00000000
00000000
00000000
00000000
00000000
00000000
00000000
00000000
00000000
00000000
00000000
00000000
00000000
00000000
00000000
00000000
00000000
00000000
00000000
00000000
00000000
00000000
00000000
00000000
00000000
00000000
00000000
00000000
00000000
00000000
00000000
00000000
00000000
00000000
00000000
00000000
00000000
00000000
00000000
00000000
00000000
00000000
00000000
00000000
00000000
00000000
00000000
00000000
00000000
00000000
00000000
00000000
00000000
00000000
00000000
00000000
00000000
00000000
00000000
00000000
00000000
00000000
00000000
00000000
00000000
00000000
00000000
00000000
00000000
00000000
00000000
00000000
00000000
00000000
00000000
00000000
00000000
00000000
00000000
00000000
00000000
00000000
00000000
00000000
00000000
00000000
00000000
00000000
00000000
00000000
00000000
00000000
00000000
00000000
00000000
00000000
00000000
00000000
00000000
00000000
00000000
00000000
00000000
00000000
00000000
00000000
00000000
00000000
00000000
00000000
00000000
00000000
00000000
00000000
00000000
00000000
00000000
00000000
00000000
00000000
00000000
00000000
00000000
00000000
00000000
00000000
00000000
00000000
00000000
00000000
00000000
00000000
00000000
00000000
00000000
00000000
00000000
00000000
00000000
00000000
00000000
00000000
00000000
00000000
00000000
00000000
00000000
00000000
00000000
00000000
00000000
00000000
00000000
00000000
00000000
00000000
00000000
00000000
00000000
00000000
00000000
00000000
00000000
00000000
00000000
00000000
00000000
00000000
00000000
00000000
00000000
00000000
00000000
00000000
00000000
00000000
00000000
00000000
00000000
00000000
00000000
00000000
00000000
00000000
00000000
00000000
00000000
00000000
00000000
00000000
00000000
00000000
00000000
00000000
00000000
00000000
00000000
00000000
00000000
00000000
00000000
00000000
00000000
00000000
00000000
00000000
00000000
00000000
00000000
00000000
00000000
00000000
00000000
00000000
00000000
00000000
00000000
00000000
00000000
00000000
00000000
00000000
00000000
00000000
00000000
00000000
00000000
00000000
00000000
00000000
00000000
00000000
00000000
00000000
00000000
00000000
00000000
00000000
00000000
00000000
00000000
00000000
00000000
00000000
00000000
00000000
00000000
00000000
00000000
00000000
00000000
00000000
00000000
00000000
00000000
00000000
00000000
00000000
00000000
00000000
00000000
00000000
00000000
00000000
00000000
00000000
00000000
00000000
00000000
00000000
00000000
00000000
00000000
00000000
00000000
00000000
00000000
00000000
00000000
00000000
00000000
00000000
00000000
00000000
00000000
00000000
00000000
00000000
00000000
00000000
00000000
00000000
00000000
00000000
00000000
00000000
00000000
00000000
00000000
00000000
00000000
00000000
00000000
00000000
00000000
00000000
00000000
00000000
00000000
00000000
00000000
00000000
00000000
00000000
00000000
00000000
00000000
00000000
00000000
00000000
00000000
00000000
00000000
00000000
00000000
00000000
00000000
00000000
00000000
00000000
00000000
00000000
00000000
00000000
00000000
00000000
00000000
00000000
00000000
00000000
00000000
00000000
00000000
00000000
00000000
00000000
00000000
00000000
00000000
00000000
00000000
00000000
00000000
00000000
00000000
00000000
00000000
00000000
00000000
00000000
00000000
00000000
00000000
00000000
00000000
00000000
00000000
00000000
00000000
00000000
00000000
00000000
00000000
00000000
00000000
00000000
00000000
00000000
00000000
00000000
00000000
00000000
00000000
00000000
00000000
00000000
00000000
00000000
00000000
00000000
00000000
00000000
00000000
00000000
00000000
00000000
00000000
00000000
00000000
00000000
00000000
00000000
00000000
00000000
00000000
00000000
00000000
00000000
00000000
00000000
00000000
00000000
00000000
00000000
00000000
00000000
00000000
00000000
00000000
00000000
00000000
00000000
00000000
00000000
00000000
00000000
00000000
00000000
00000000
00000000
00000000
00000000
00000000
00000000
00000000
00000000
00000000
00000000
00000000
00000000
00000000
00000000
00000000
00000000
00000000
00000000
00000000
00000000
00000000
00000000
00000000
00000000
00000000
00000000
00000000
00000000
00000000
00000000
00000000
00000000
00000000
00000000
00000000
00000000
00000000
00000000
00000000
00000000
00000000
00000000
00000000
00000000
00000000
00000000
00000000
00000000
00000000
00000000
00000000
00000000
00000000
00000000
00000000
00000000
00000000
00000000
00000000
00000000
00000000
00000000
00000000
00000000
00000000
00000000
00000000
00000000
00000000
00000000
00000000
00000000
00000000
00000000
00000000
00000000
00000000
00000000
00000000
00000000
00000000
00000000
00000000
00000000
00000000
00000000
00000000
00000000
00000000
00000000
00000000
00000000
00000000
00000000
00000000
00000000
00000000
00000000
00000000
00000000
00000000
00000000
00000000
00000000
00000000
00000000
00000000
00000000
00000000
00000000
00000000
00000000
00000000
00000000
00000000
00000000
00000000
00000000
00000000
00000000
00000000
00000000
00000000
00000000
00000000
00000000
00000000
00000000
00000000
00000000
00000000
00000000
00000000
00000000
00000000
00000000
00000000
00000000
00000000
00000000
00000000
00000000
00000000
00000000
00000000
00000000
00000000
00000000
00000000
00000000
00000000
00000000
00000000
00000000
00000000
00000000
00000000
00000000
00000000
00000000
00000000
00000000
00000000
00000000
00000000
00000000
00000000
00000000
00000000
00000000
00000000
00000000
00000000
00000000
00000000
00000000
00000000
00000000
00000000
00000000
00000000
00000000
00000000
00000000
00000000
00000000
00000000
00000000
00000000
00000000
00000000
00000000
00000000
00000000
00000000
00000000
00000000
00000000
00000000
00000000
00000000
00000000
00000000
00000000
00000000
00000000
00000000
00000000
00000000
00000000
00000000
00000000
00000000
00000000
00000000
00000000
00000000
00000000
00000000
00000000
00000000
00000000
00000000
00000000
00000000
00000000
00000000
00000000
00000000
00000000
00000000
00000000
00000000
00000000
00000000
00000000
00000000
00000000
00000000
00000000
00000000
00000000
00000000
00000000
00000000
00000000
00000000
00000000
00000000
00000000
00000000
00000000
00000000
00000000
00000000
00000000
00000000
00000000
00000000
00000000
00000000
00000000
00000000
00000000
00000000
00000000
00000000
00000000
00000000
00000000
00000000
00000000
00000000
00000000
00000000
00000000
00000000
00000000
00000000
00000000
00000000
00000000
00000000
00000000
00000000
00000000
00000000
00000000
00000000
00000000
00000000
00000000
00000000
00000000
00000000
00000000
00000000
00000000
00000000
00000000
00000000
00000000
00000000
00000000
00000000
00000000
00000000
00000000
00000000
00000000
00000000
00000000
00000000
00000000
00000000
00000000
00000000
00000000
00000000
00000000
00000000
00000000
00000000
00000000
00000000
00000000
00000000
00000000
00000000
00000000
00000000
00000000
00000000
00000000
00000000
00000000
00000000
00000000
00000000
00000000
00000000
00000000
00000000
00000000
00000000
00000000
00000000
00000000
00000000
00000000
00000000
00000000
00000000
00000000
00000000
00000000
00000000
00000000
00000000
00000000
00000000
00000000
00000000
00000000
00000000
00000000
00000000
00000000
00000000
00000000
00000000
00000000
00000000
00000000
00000000
00000000
00000000
00000000
00000000
00000000
00000000
00000000
00000000
00000000
00000000
00000000
00000000
00000000
00000000
00000000
00000000
00000000
00000000
00000000
00000000
00000000
00000000
00000000
00000000
00000000
00000000
00000000
00000000
12345678
22334455
E002E002
E002E002
E002E002
E002E002
E002E002
E002E002
E002E002
E002E002
E002E002
E002E002
E002E002
E002E002
E002E002
E002E002
E002E002
E002E002
E002E002
E002E002
E002E002
E002E002
E002E002
E002E002
E002E002
E002E002
E002E002
E002E002
E002E002
E002E002
E002E002
E002E002
E002E002
E002E002
E002E002
E002E002
E002E002
E002E002
E002E002
E002E002
E002E002
E002E002
E002E002
E002E002
E002E002
E002E002
E002E002
E002E002
E002E002
E002E002
E002E002
E002E002
E002E002
E002E002
E002E002
E002E002
E002E002
E002E002
E002E002
E002E002
E002E002
E002E002
E002E002
E002E002
E002E002
E002E002
E002E002
E002E002
E002E002
E002E002
E002E002
E002E002
E002E002
E002E002
E002E002
E002E002
E002E002
E002E002
E002E002
E002E002
E002E002
E002E002
E002E002
E002E002
E002E002
E002E002
E002E002
E002E002
E002E002
E002E002
E002E002
E002E002
E002E002
E002E002
E002E002
E002E002
E002E002
E002E002
E002E002
E002E002
E002E002
E002E002
E002E002
E002E002
E002E002
E002E002
E002E002
E002E002
E002E002
E002E002
E002E002
E002E002
E002E002
E002E002
E002E002
E002E002
E002E002
E002E002
E002E002
E002E002
E002E002
E002E002
E002E002
E002E002
E002E002
E002E002
E002E002
E002E002
E002E002
E002E002
E002E002
E002E002
E002E002
E002E002
E002E002
E002E002
E002E002
E002E002
E002E002
E002E002
E002E002
E002E002
E002E002
E002E002
E002E002
E002E002
E002E002
E002E002
E002E002
E002E002
E002E002
E002E002
E002E002
E002E002
E002E002
E002E002
E002E002
E002E002
E002E002
E002E002
E002E002
E002E002
E002E002
E002E002
E802E002
E002E002
E001E002
E002E802
E002E002
E002E002
E002E002
E002E002
E002E002
E002E002
E002E002
E002E002
E002E002
E002E002
E002E002
E002E002
E002E002
E002E002
E002E002
E002E002
E002E002
E002E002
E002E002
E002E002
E002E002
E002E002
E002E002
E002E002
E002E002
E002E002
E002E002
E002E002
E002E002
E002E002
E002E002
E002E002
E002E002
E002E002
E002E002
E002E002
E002E002
E002E002
E002E002
E002E002
E002E002
E002E002
E002E002
E002E002
E002E002
E002E002
E002E002
E002E002
E002E002
E002E002
E002E002
E002E002
E002E002
E002E002
E002E002
E002E002
E002E002
E002E822
E002E002
E802E002
E001E002
E002E821
E042E022
E002E002
E002E002
E002E002
E002E002
E002E002
E002E002
E002E002
E002E002
E002E002
E002E002
E002E002
E002E002
E002E002
E002E002
E002E002
E002E002
E002E002
E002E002
E002E002
E002E002
E002E002
E002E002
E002E002
E002E002
E002E002
E002E002
E002E002
E002E002
E002E002
E002E002
E002E002
E002E002
E002E002
E002E002
E002E002
E002E002
E002E002
E002E002
E002E002
E002E002
E002E002
E002E002
E002E002
E002E002
E002E002
E002E002
E002E002
E002E002
E002E002
E002E002
E002E002
E002E002
E002E002
E002E002
E002E002
E002E002
E002E002
E002E022
E001E001
E021E002
E802E002
E001E002
E022D861
E9A3E081
E021E002
E002E002
E002E002
E002E002
E002E002
E002E002
E002E002
E002E002
E002E002
E002E002
E002E002
E002E002
E002E002
E002E002
E002E002
E002E002
E002E002
E002E002
E002E002
E002E002
E002E002
E002E002
E002E002
E002E002
E002E002
E002E002
E002E002
E002E002
E002E002
E002E002
E002E002
E002E002
E002E002
E002E002
E002E002
E002E002
E002E002
E002E002
E002E002
E002E002
E002E002
E002E002
E002E002
E002E002
E002E002
E002E002
E002E002
E002E002
E002E002
E002E002
E002E002
E002E002
E002E002
E002E002
E002E002
E002E002
E002E002
E002E002
E001E022
E021E022
E021E002
E002E021
D861DA41
FC25E101
E021E002
E002E002
E002E002
E002E002
E002E002
E002E002
E002E002
E002E002
E002E002
E002E002
E002E002
E002E002
E002E002
E002E002
E002E002
E002E002
E002E002
E002E002
E002E002
E002E002
E002E002
E002E002
E002E002
E002E002
E002E002
E002E002
E002E002
E002E002
E002E002
E002E002
E002E002
E002E002
E002E002
E002E002
E002E002
E002E002
E002E002
E002E002
E002E002
E002E002
E002E002
E002E002
E002E002
E002E002
E002E002
E002E002
E002E002
E002E002
E002E002
E002E002
E002E002
E002E002
E002E002
E002E002
E002E002
E002E002
E002E002
E002E001
E022D882
E9A4D901
D860D841
D841D060
DA01FD63
FD24D8E0
E001E802
E002E002
E002E002
E002E002
E002E002
E002E002
E002E002
E002E002
E002E002
E002E002
E002E002
E002E002
E002E002
E002E002
E002E002
E002E002
E002E002
E002E002
E002E002
E002E002
E002E002
E002E002
E002E002
E002E002
E002E002
E002E002
E002E002
E002E002
E002E002
E002E002
E002E002
E002E002
E002E002
E002E002
E002E002
E002E002
E002E002
E002E002
E002E002
E002E002
E002E002
E002E002
E002E002
E002E002
E002E002
E002E002
E002E002
E002E002
E002E002
E002E002
E002E002
E002E002
E002E002
E002E002
E002E002
E002E002
E002E002
E002E002
E823D8A1
F364F4E5
EB82D9C1
D0E0D1C0
F503FEC2
FD42D8C0
E002E802
E002E002
E802E002
E002E002
E002E002
E002E002
E002E002
E002E002
E002E002
E002E002
E002E002
E002E002
E002E002
E002E002
E002E002
E002E002
E002E002
E002E002
E002E002
E002E002
E002E002
E002E002
E002E002
E002E002
E002E002
E002E002
E002E002
E002E002
E002E002
E002E002
E002E002
E002E002
E002E002
E002E002
E002E002
E002E002
E002E002
E002E002
E002E002
E002E002
E002E002
E002E002
E002E002
E002E002
E002E002
E002E002
E002E002
E002E002
E002E002
E002E002
E002E002
E002E002
E002E002
E002E002
E002E002
E002E002
E002E002
E002E002
E002E041
D9C1FD84
FE83FDE3
ECA2F542
FEC2FEC1
F502D8C0
E021E002
E002E002
E001E002
E002E002
E002E002
E002E002
E002E002
E002E002
E002E002
E002E002
E002E002
E002E002
E002E002
E002E002
E002E002
E002E002
E002E002
E002E002
E002E002
E002E002
E002E002
E002E002
E002E002
E002E002
E002E002
E002E002
E002E002
E002E002
E002E002
E002E002
E002E002
E002E002
E002E002
E002E002
E002E002
E002E002
E002E002
E002E002
E002E002
E002E002
E001E002
E002E002
E001E002
E002E002
E002E002
E002E002
E002E002
E002E002
E002E002
E002E002
E002E002
E002E002
E002E002
E002E002
E002E002
E002E002
E002E002
E002E001
E021E001
D881E342
FE83FF01
FEE1FEC1
FF00FEE1
F522D120
D041D822
E002E002
E002E002
E002E002
E002E002
E002E002
E002E002
E002E002
E002E002
E002E002
E002E002
E002E002
E002E002
E002E002
E002E002
E002E002
E002E002
E002E002
E002E002
E002E002
E002E002
E002E002
E002E002
E002E002
E002E002
E002E002
E002E002
E002E002
E002E002
E002E002
E002E002
E002E002
E002E002
E002E002
E002E002
E002E002
E002E002
E002E002
E002E002
E002E001
E001E001
E002E002
E001E002
E002E002
E002E002
E002E002
E002E002
E002E002
E002E002
E002E002
E002E002
E002E002
E002E002
E002E002
E002E002
E002E002
E002E002
E002E802
E001E022
E001D120
F4E2FEC1
F700FF00
FF00FF00
FE82ECA3
DAA1D100
D861E021
E002E002
E002E002
E002E002
E002E002
E002E002
E002E002
E002E002
E002E002
E002E002
E002E002
E002E002
E002E002
E002E002
E002E002
E002E002
E002E002
E002E002
E002E002
E002E002
E002E002
E002E002
E002E002
E002E002
E002E002
E002E002
E002E002
E002E002
E002E002
E002E002
E002E002
E002E002
E002E002
E002E002
E002E002
E002E002
E002E002
E002E002
E002D821
E0C2D882
E002E802
E022E002
E002E002
E002E002
E002E002
E002E002
E002E002
E002E002
E002E002
E002E002
E002E002
E002E002
E002E002
E002E002
E002E002
E002E002
E002E002
E002E001
E021D0A1
E401FEC1
FF00FEE0
FF01FF00
FF01FEC2
FE43FD03
EB03D922
E042E002
E002E002
E002E002
E002E002
E002E002
E002E002
E002E002
E002E002
E002E002
E002E002
E002E002
E002E002
E002E002
E002E002
E002E002
E002E002
E002E002
E002E002
E002E002
E002E002
E002E002
E002E002
E002E002
E002E002
E002E002
E002E002
E002E002
E002E002
E002E002
E002E002
E002E002
E002E002
E002E002
E002E002
E002E002
E002E002
E002E002
E002D881
EAC4D9A2
E042E802
E002E002
E002E002
E002E002
E002E002
E002E002
E002E002
E002E002
E002E002
E002E002
E002E002
E002E002
E002E002
E002E002
E002E002
E002E002
E002E001
E021E021
D861DA21
F5A2FEE1
FF00FF00
FF00FEE0
FEC1FEC2
FE43FD44
EBC5E1C3
E062E002
E002E002
E002E002
E002E002
E002E002
E002E002
E002E002
E002E002
E002E002
E002E002
E002E002
E002E002
E002E002
E002E002
E002E002
E002E002
E002E002
E002E002
E002E002
E002E002
E002E002
E002E002
E002E002
E002E002
E002E002
E002E002
E002E002
E002E002
E002E002
E002E002
E002E002
E002E002
E002E002
E002E002
E002E002
E002E002
E002E002
E001D940
F4E4EB62
D881E022
E002E002
E002E002
E002E002
E002E002
E002E002
E002E002
E002E002
E002E002
E002E002
E002E002
E002E002
E002E002
E002E002
E002E002
E002E002
E002E001
E022D841
D981F4E3
FEC2FEE2
FEE1FEE0
FEE0FEE2
F562E361
DA20D940
D8A1D821
E022E002
E002E002
E002E002
E002E002
E002E002
E002E002
E002E002
E002E002
E002E002
E002E002
E002E002
E002E002
E002E002
E002E002
E002E002
E002E002
E002E002
E002E002
E002E002
E002E002
E002E002
E002E002
E002E002
E002E002
E002E002
E002E002
E002E002
E002E002
E002E002
E002E002
E002E002
E002E002
E002E002
E002E002
E002E002
E002E002
E802E001
D841DA61
FE44FD02
D901E002
E002E002
E002E002
E002E002
E002E002
E002E002
E002E002
E002E002
E002E002
E002E002
E002E002
E002E002
E002E002
E002E002
E002E002
E002E002
E002E021
E022D901
F424FE44
FE22F5A2
F561FE81
FEE1FEC2
DB41D8A0
E041E021
E022E002
E002E002
E002E002
E002E002
E002E002
E002E002
E002E002
E002E002
E002E002
E002E002
E002E002
E002E002
E002E002
E002E002
E002E002
E002E002
E002E002
E002E002
E002E002
E002E002
E002E002
E002E002
E002E002
E002E002
E002E002
E002E002
E002E002
E002E002
E002E002
E002E002
E002E002
E002E002
E002E002
E002E002
E002E002
E002E002
E001E002
E002E002
D080EBE2
FEE3FE22
DA21D821
E802E002
E002E002
E002E002
E002E002
E002E002
E002E002
E002E002
E002E002
E002E002
E002E002
E002E002
E002E002
E002E002
E002E002
E002E002
E002E021
D841E9E3
F3A4E362
DA41D960
D160E462
FEC3FE83
E281E041
E002E002
E002E002
E002E002
E002E002
E002E002
E002E002
E002E002
E002E002
E002E002
E002E002
E002E002
E002E002
E002E002
E002E002
E002E002
E002E002
E002E002
E002E002
E002E002
E002E002
E002E002
E002E002
E002E002
E002E002
E002E002
E002E002
E002E002
E002E002
E002E002
E002E002
E002E002
E002E002
E002E002
E002E002
E002E002
E002E002
E002E002
E002E002
E002E022
D940FD62
FEE1FEA1
EBC2D861
E002E002
E002E002
E002E002
E001E002
E002E002
E002E002
E002E002
E002E002
E002E002
E002E002
E002E002
E002E002
E002E002
E002E002
E002E002
E002E002
E022D882
D8A1D861
D841E021
D841D1E0
FD84FE64
DA21E021
E002E002
E002E002
E002E002
E002E002
E002E002
E002E002
E002E002
E002E002
E002E002
E002E002
E002E002
E002E002
E002E002
E002E002
E002E002
E002E002
E002E002
E002E002
E002E002
E002E002
E002E002
E002E002
E002E002
E002E002
E002E002
E002E002
E002E002
E002E002
E002E002
E002E002
E002E002
E002E002
E002E002
E002E002
E002E002
E002E002
E002E002
E002E002
E002D821
E280FE62
FF01FEC1
F543D901
E002E002
E002E002
E002E002
E002E002
E002E002
E002E002
E002E002
E002E002
E002E002
E002E002
E002E002
E002E002
E002E002
E002E002
E002E002
E002E002
E001E021
E022E022
E002E022
E002D080
E302FD84
D9C1E021
E002E002
E002E002
E002E002
E002E002
E002E002
E002E002
E002E002
E002E002
E002E002
E002E002
E002E002
E002E002
E002E002
E002E002
E002E002
E002E002
E002E002
E002E002
E002E002
E002E002
E002E002
E002E002
E002E002
E002E002
E002E002
E002E002
E002E002
E002E002
E002E002
E002E002
E002E002
E002E002
E002E002
E002E002
E002E002
E002E002
E002E002
E002E802
E022D880
F422FEC1
FF00FF01
FE23E241
D821E002
E002E002
E002E002
E002E002
E002E002
E002E002
E002E002
E002E002
E002E002
E002E002
E002E002
E002E002
E002E002
E002E002
E002E002
E002E802
E001E002
E002E002
E022E802
E002D821
D8E1F365
E142E022
E002E002
E002E002
E002E002
E002E002
E002E002
E002E002
E002E002
E002E002
E002E002
E002E002
E002E002
E002E002
E002E002
E002E002
E002E002
E002E002
E002E002
E002E002
E002E002
E002E002
E002E002
E002E002
E002E002
E002E002
E002E002
E002E002
E002E002
E002E002
E002E002
E002E002
E002E002
E002E002
E002E002
E002E002
E002E002
E002E002
E002E002
E001E002
D821D960
FD62FEE1
FF00FEE0
FEA2EBC2
D8A1E022
E002E002
E002E802
E002E002
E002E002
E002E002
E002E002
E002E002
E002E002
E002E002
E002E002
E002E002
E002E002
E002E002
E002E002
E002E002
E802E002
E001E002
E001E002
E002E001
E022D8C2
D882E022
E002E002
E002E002
E002E002
E002E002
E002E002
E002E002
E002E002
E002E002
E002E002
E001E002
E002E002
E002E002
E002E002
E002E002
E002E002
E002E002
E002E002
E002E002
E002E002
E002E002
E002E002
E002E002
E002E002
E002E002
E002E002
E002E002
E002E002
E002E002
E002E002
E002E002
E002E002
E002E002
E002E002
E002E002
E002E002
E002E002
E002E002
E002E022
D840E2E1
FE42FEE0
FF00F700
FEE1F542
D961E022
E001E802
E002E022
E001E002
E002E002
E002E002
E002E002
E002E002
E002E002
E002E002
E002E002
E002E002
E002E002
E002E002
E002E002
E002E002
E002E002
E002E002
E002E002
E002E002
E002E002
E022E002
E002E002
E002E002
E002E002
E002E001
E041E042
E021E001
E021E002
E002E002
E002E002
E022E002
E001E002
E802E002
E002E002
E002E002
E002E002
E002E002
E002E002
E002E002
E002E002
E002E002
E002E002
E002E002
E002E002
E002E002
E002E002
E002E002
E002E002
E002E002
E002E002
E002E002
E002E002
E002E002
E002E002
E002E002
E002E002
E002E002
E002E001
E002E002
D8C1EC42
FEC1FEE0
FF00FF00
FEE0FE43
DA61D841
E001E001
E002E002
E002E002
E002E002
E002E002
E002E002
E002E002
E002E002
E002E002
E002E002
E002E002
E002E002
E002E002
E002E002
E002E002
E002E002
E002E002
E002E002
E002E002
E002E002
E002E002
E002E002
E002E002
E002E001
E002E001
E061E1A2
D941D841
E022E001
E021E022
E001E002
E022E002
E022E803
E002E002
E002E002
E002E002
E002E002
E002E002
E002E002
E002E002
E002E002
E002E002
E002E002
E002E002
E002E002
E002E002
E002E002
E002E002
E002E002
E002E002
E002E002
E002E002
E002E002
E002E002
E002E002
E002E002
E002E002
E002E002
E002E001
E002E021
D181FDA2
FEE0FF00
FEE0FF00
FF00FEC2
EC01D8A0
E002E022
E002E002
E002E002
E002E002
E002E002
E002E002
E002E002
E002E002
E002E002
E002E002
E002E002
E002E002
E002E002
E002E002
E002E002
E002E002
E002E002
E002E002
E002E002
E002E002
E002E002
E002E002
E002E002
E001E001
E002E022
D861EB43
F403D160
D841E002
E022E022
D881D921
E102E022
E002E802
E002E002
E002E002
E002E002
E002E002
E002E002
E002E002
E002E002
E002E002
E002E002
E002E002
E002E002
E002E002
E002E002
E002E002
E002E002
E002E002
E002E002
E002E002
E002E002
E002E002
E002E002
E002E002
E002E002
E002E002
E002E002
E002E002
E002D841
E2E1FE82
FF00FF00
FEE0FF00
FF00FEE1
FD83D960
E002E001
E002E002
E002E002
E002E002
E002E002
E002E002
E002E002
E002E002
E002E002
E002E002
E002E002
E002E002
E002E002
E002E002
E002E002
E002E002
E002E002
E002E002
E002E002
E002E002
E002E002
E002E002
E002E002
E002E002
E002D801
D861E2E2
FE24F4A2
D180D861
D881D960
E321FC65
EA03E041
E022E001
E002E002
E002E002
E002E002
E002E002
E002E002
E002E002
E002E002
E002E002
E002E002
E002E002
E002E002
E002E002
E002E002
E002E002
E002E002
E002E002
E002E002
E002E002
E002E002
E002E002
E002E002
E002E002
E002E002
E002E002
E002E002
E002E002
E002D8C0
F482FEE2
FF00FF00
FF01FF00
FF00FF00
FE62E2C1
D821E001
E002E002
E002E002
E002E002
E002E002
E002E002
E002E002
E002E002
E002E002
E002E002
E002E002
E002E002
E002E002
E002E002
E002E002
E002E002
E002E002
E002E002
E002E002
E002E002
E002E002
E002E002
E002E002
E002E002
E002E022
D821E262
FE42FEA2
F503D280
EB42F522
FE63F4C4
D0E0D821
E822E002
E002E002
E002E002
E002E002
E002E002
E002E002
E002E002
E002E002
E002E002
E002E002
E002E002
E002E002
E002E002
E002E002
E002E002
E002E002
E002E002
E002E002
E002E002
E002E002
E002E002
E002E002
E002E002
E002E002
E002E002
E002E002
E002E002
D821D980
FDC2FEE1
FF00FF00
FEE0FF00
FEE0FF00
FEA1EC63
D0A0E001
E002E002
E002E002
E002E002
E002E002
E002E002
E002E002
E002E002
E002E002
E002E002
E002E002
E002E002
E002E002
E002E002
E002E002
E002E002
E002E002
E002E002
E002E002
E002E002
E002E002
E002E002
E002E002
E002E002
E002E002
E001D9A1
FDE2FEE1
FEC2F622
FE82FEC2
FE43E2A1
D841E022
E002E002
E002E002
E002E002
E002E002
E002E002
E002E002
E002E002
E002E002
E002E002
E002E002
E002E002
E002E002
E002E002
E002E002
E002E002
E002E002
E002E002
E002E002
E002E002
E002E002
E002E001
E002E002
E002E002
E002E002
E002E002
E002E002
E002E002
D061E322
FE62FF01
FEE0FF00
FF00FF00
FF00FF00
FEE1F582
D980E021
E002E002
E002E002
E002E002
E002E002
E002E002
E002E002
E002E002
E001E002
E002E002
E001E002
E002E002
E002E002
E002E002
E002E002
E002E002
E002E002
E002E002
E002E002
E002E002
E002E002
E002E002
E002E002
E002E002
E001E021
D861D200
F5C2FEE0
FF01F701
FEC1FEE2
F4E2D920
D821E002
E802E001
E002E002
E002E002
E002E002
E002E002
E002E002
E002E002
E002E002
E002E002
E002E002
E002E002
E002E002
E002E002
E002E002
E002E002
E002E002
E002E002
E002E002
E022E001
D801E021
E022E002
E002E002
E021E021
E021E021
E021E021
E021D821
D821D840
D0E0F4C3
FEC1FEE0
FF00FF00
FF00FF00
FF00FF00
FF00FE82
E301D881
D821E022
E002E021
E021E001
E001E022
E022D801
E021E022
E002E022
D822E021
D821E022
E002E822
E001E002
E002E002
E002E002
E002E002
E002E002
E002E002
E002E002
E002E002
E002E002
E002E002
E002E002
E002E002
E002E022
D841D901
DAA1ED02
FEA1FEE0
FF00FEE0
FF01FEC1
DB80D880
D822E823
E002E001
E001E002
E002E002
E002E002
E002E002
E002E002
E002E002
E002E002
E002E002
E002E002
E002E002
E002E002
E002E002
E002E002
E002E002
E002E002
E002E002
E002E002
D841D081
D100D120
D120D120
D120D140
D960D980
D980D9C0
D9E0D9E0
DA00DA00
DA20DA60
DB40FE02
FEE1FEE0
FF00FF00
FF00FF00
FF00FF00
FF00FEC1
ED01DAA1
E240DA20
DA00E1E0
D9E0D9C0
D9A0D9A0
D980D960
D160D140
D120D100
C8E0D0C0
D081E022
E002E002
E002E002
E002E002
E002E002
E002E002
E002E002
E002E002
E002E002
E002E002
E002E002
E002E002
E002E002
E002E002
E022D8A1
DA21F483
FE23FEE2
FEE1FEE0
FF00FF00
FF00FF01
F522D9E1
D841E021
E022E002
E002E002
E002E002
E002E002
E002E002
E002E002
E002E002
E002E002
E002E002
E002E002
E002E002
E002E002
E002E002
E002E002
E002E002
E002E002
E002E002
E002E021
E0C2F345
FD25FDA4
FDC4FDC4
FDE3FDE3
FDE3FE03
FE02FE02
FE02FE22
FE42FE42
FE42FE62
FEA2FEC1
FEE1FEE0
FEE0FF00
FF00FF00
FF00FF00
FF00FEE0
FEE1FE62
FE42FE61
FE42FE42
FE42FE22
FE02FE02
FE02FDE3
FDE3FDC4
FDC3FDC4
FD84FC86
EA44D842
E002E002
E801E002
E002E002
E002E002
E002E002
E002E002
E002E002
E002E002
E002E002
E002E002
E002E002
E002E002
E002E002
E042E9E4
F465FD64
FE03FEA2
FEC2FEE1
FF01FF00
FF01FF01
FEC2F503
D9C1D861
E022E002
E001E002
E002E002
E002E002
E002E002
E002E002
E002E002
E002E002
E002E002
E002E002
E002E002
E002E002
E002E002
E002E002
E002E002
E002E002
E002E002
E002E001
D821D920
EBC2FE43
FEC2FEE1
FEE1FEE1
FEE0FEE0
FEE0FEE0
FEE0FF00
FF00FF00
FF00FEE1
FF01FEE0
FF00FF00
FF20FF00
FF00FF00
FF00FF00
FF00FF00
FF00FF00
FF01FF00
FEE0FEE0
FF00FEE0
FEE0FEE0
FEE0FEE0
FEE1FEE1
FEE1FEA3
FD63E2A2
D0A0E022
E002E002
E802E002
E002E002
E002E002
E002E002
E002E002
E002E002
E002E002
E002E002
E002E002
E002E002
E002E002
E002E002
E022D860
D8E1D9A1
E261DB01
E482FEA2
FEE1FEE1
FEA2FE83
FEC3FE83
F4C4E181
E042E822
E002E002
E002E002
E002E002
E002E002
E002E002
E002E002
E002E002
E002E002
E002E002
E002E002
E002E002
E002E002
E002E002
E002E002
E002E002
E002E002
E002E022
E002D821
D8C1E2E1
FDA3FEC1
FF00FF00
FF00FF00
FF00FF00
FF00FF00
FF00FF00
FF00FF00
FEE0FF01
FF00FF00
FF00FF00
FF00FF00
FF00FF00
FF00FF00
FF00FF00
FF00FEE0
FF00FF00
FF00FF00
FF00FF00
FF00FF00
FF00FEE1
FE82FCA3
D9E0D861
E022E002
E802E002
E002E002
E002E002
E002E002
E002E002
E002E002
E002E002
E002E002
E002E002
E002E002
E002E002
E002E002
E002E002
E002E002
E001D821
E022D881
D1C0FE03
FF01FE62
E3A1DA61
E2E1EB82
F403F2E4
E0C2E022
E002E002
E002E002
E002E002
E002E002
E002E002
E002E002
E002E002
E002E002
E002E002
E002E002
E002E002
E002E002
E002E002
E002E002
E002E002
E002E002
E002E002
E002E002
E022D880
DA01F4E3
FE82FEE1
FF01FF00
FEE0FEE0
FEE0FEE0
FF00FF00
FF00FF00
FF00FF00
FF00FF00
FF00FF00
FF00FF00
FF00FF00
FF00FEE0
FF00FF00
FF00FF00
FF00FF00
FF00FF00
FEE0FEE0
FF01FEE0
FEE1FE22
EBE3D921
D841E002
E002E002
E002E002
E002E002
E002E002
E002E002
E002E002
E002E002
E002E002
E002E002
E002E002
E002E002
E002E002
E002E002
E002E002
E002E002
E001E002
E002E022
D0E0FD43
FEC2F502
D120D861
D861D880
D880D881
E021E002
E002E002
E002E002
E002E002
E002E002
E002E002
E002E002
E002E002
E002E002
E002E002
E002E002
E002E002
E002E002
E002E002
E002E002
E002E002
E002E002
E002E002
E002E002
E802E001
D861D960
EC02FE43
FEE1FF00
FF00FF00
FF00FF00
FEE0FEE0
FF00FF00
FF00FF00
FF00FF00
FF00FF00
FF00FF00
FF00FF00
FF00FF00
FF00FF00
FF00FF00
FF00FF00
FF00FEE0
FF00FF00
FEE1FEC2
F5A2DAE1
D8C0E021
E002E002
E002E002
E002E002
E002E002
E002E002
E002E002
E002E002
E002E002
E002E002
E002E002
E002E002
E002E002
E002E002
E002E002
E002E002
E002E002
E001E002
E002E002
D8A0F462
FE24DA81
D861E002
E021E021
E001E001
E002E002
E002E002
E002E002
E002E002
E002E002
E002E002
E002E002
E002E002
E002E002
E002E002
E002E002
E002E002
E002E002
E002E002
E002E002
E002E002
E002E002
E002E002
E002E002
E802E802
E002D821
D0E0E2E1
FDC3FEC1
FEE0FEE0
FEE0FF00
FF00FF00
FEE0FEE0
FF00FF00
FF00FF00
FF00FF00
FF00FF00
FF00FF00
FF00FF00
FF00FF00
FF00FF00
FF00FF00
FF00FF00
FF00FEC1
FE82F4C2
D1E0D881
E021E002
E001E002
E002E002
E002E002
E002E002
E002E002
E002E002
E002E002
E002E002
E002E002
E002E002
E002E002
E002E002
E002E002
E002E002
E002E002
E002E002
E001E002
E002E002
D861EB42
F464D901
E022E002
E022E002
E002E002
E002E002
E002E002
E002E002
E002E002
E002E002
E002E002
E002E002
E002E002
E002E002
E002E002
E002E002
E002E002
E002E002
E002E002
E002E002
E002E002
E002E002
E002E802
E002E002
E001E002
E002E002
E002D881
DA20F523
FEA2FF00
FEE0FEE0
FF00FF00
FF00FF00
FF00FF00
FF00FF00
FF00FF00
FF00FF00
FF00FF00
FF00FF00
FF00FF00
FF00FF00
FF00FF00
FEE0FF00
FEE1FE23
EBC2D141
D861E001
E002E002
E001E002
E002E002
E002E002
E002E002
E002E002
E002E002
E002E002
E002E002
E002E002
E002E002
E002E002
E002E002
E002E002
E002E002
E002E002
E002E002
E001E001
E002E802
E041E1C2
E203D841
E022E002
E002E002
E002E002
E002E002
E002E002
E002E002
E002E002
E002E002
E002E002
E002E002
E002E002
E002E002
E002E002
E002E002
E002E002
E002E002
E002E002
E002E002
E002E002
E002E002
E002E002
E001E002
E002E002
E002E002
E002E021
D861D181
EC02FE43
FEE1FEE0
FF00FEE0
FF00FF00
FF00FF00
FF00FF00
FF00FF00
FF00FF00
FF00FF00
FF00FF00
FF00FF00
FF00FEE0
FEE0FF00
FEE0FEC2
FDA3DAE2
D0E1D841
E022E802
E002E002
E002E002
E002E002
E002E002
E002E002
E002E002
E002E002
E002E002
E002E002
E002E002
E002E002
E002E002
E002E002
E002E002
E002E002
E002E002
E002E002
E002E002
E002E802
E022E062
E082D801
E022E802
E802E002
E002E002
E002E002
E002E002
E002E002
E002E002
E002E002
E002E002
E002E002
E002E002
E002E002
E002E002
E002E002
E002E002
E002E002
E002E002
E002E002
E002E002
E002E002
E002E001
E002E802
E002E002
E002E002
E002E002
E022D821
D900E301
FDC3FEE1
FF01FEE1
FF00FF00
FF00FF00
FF00FF00
FF00FF00
FF00FF00
FF00FF00
FF00FEE0
FF00FF00
FEE0FEE0
FEE0FEE1
FEA2F4E3
DA00D881
E021E002
E002E002
E022E002
E002E002
E002E002
E002E002
E002E002
E002E002
E002E002
E002E002
E002E002
E002E002
E002E002
E002E002
E002E002
E002E002
E002E002
E002E002
E002E002
E002E001
E002E002
E002E002
E021E002
E002E001
E002E002
E002E002
E002E002
E002E002
E002E002
E002E002
E002E002
E002E002
E002E002
E002E002
E002E002
E002E002
E002E002
E002E002
E002E002
E002E002
E002E002
E002E002
E002E002
E002E002
E002E002
E002E002
E002E002
E002E002
E002E002
E021D080
DA62F503
FEA2FF01
FF00FF00
FF00FF00
FF00FF00
FF00FF00
FF00FF00
FF00FF00
FF00FEE0
FF00FF00
FF00FF00
FEE1FE22
EC22D961
D841E022
E002E002
E002E002
E002E002
E002E002
E002E002
E002E002
E002E002
E002E002
E002E002
E002E002
E002E002
E002E002
E002E002
E002E002
E002E002
E002E002
E002E002
E002E002
E002E002
E002E002
E002E002
E002E002
E002E002
E002E002
E002E002
E002E002
E002E002
E002E002
E002E002
E002E002
E002E002
E002E002
E002E002
E002E002
E002E002
E002E002
E002E002
E002E002
E002E002
E002E002
E002E002
E002E002
E002E002
E002E002
E002E002
E002E002
E002E002
E002E002
E002E002
E022E022
D841D180
EC62F6A2
FEE1FF00
FF00FF00
FF00FF00
FF00FF00
FF00FF00
FF00FF00
FF00FF00
FF00FEE0
FF00FEE0
FDE2E302
D8E0D822
E002E802
E021E002
E002E002
E002E002
E002E002
E002E002
E002E002
E002E002
E002E002
E002E002
E002E002
E002E002
E002E002
E002E002
E002E002
E002E002
E002E002
E002E002
E002E002
E002E002
E002E002
E002E002
E002E002
E002E002
E002E002
E002E002
E002E002
E002E002
E002E002
E002E002
E002E002
E002E002
E002E002
E002E002
E002E002
E002E002
E002E002
E002E002
E002E002
E002E002
E002E002
E002E002
E002E002
E002E002
E002E002
E002E002
E002E002
E002E002
E002E002
E002E002
E002E002
E822D860
D1E0FE02
FEE1FF00
FF00FF00
FF00FF00
FF00FF00
FF00FF00
FF00FF00
FEE0FEE0
FF00FEE0
FF00FEC0
ECC1D0E0
E042E002
E802E802
E001E002
E002E002
E002E002
E002E002
E002E002
E002E002
E002E002
E002E002
E002E002
E002E002
E002E002
E002E002
E002E002
E002E002
E002E002
E002E002
E002E002
E002E002
E002E002
E002E002
E002E002
E002E002
E002E002
E002E002
E002E002
E002E002
E002E002
E002E002
E002E002
E002E002
E002E002
E002E002
E002E002
E002E002
E002E002
E002E002
E002E002
E002E002
E002E002
E002E002
E002E002
E002E002
E002E002
E002E002
E002E002
E002E002
E002E002
E002E002
E002E002
E002E002
E001D861
DA61FE62
FF00FF00
FF00FF00
FEE0FF00
FF00FF00
FF00FF00
FF00FF00
FF00FF00
FF00FEE0
FF00FF01
FD43D100
E001E002
E001E002
E022E002
E002E002
E002E002
E002E002
E002E002
E002E002
E002E002
E002E002
E002E002
E002E002
E002E002
E002E002
E002E002
E002E002
E002E002
E002E002
E002E002
E002E002
E002E002
E002E002
E002E002
E002E002
E002E002
E002E002
E002E002
E002E002
E002E002
E002E002
E002E002
E002E002
E002E002
E002E002
E002E002
E002E002
E002E002
E002E002
E002E002
E002E002
E002E002
E002E002
E002E002
E002E002
E002E002
E002E002
E002E002
E002E002
E002E002
E002E002
E002E002
E002E002
E002D8A1
EC02FEE2
FF00FF00
FF00FF00
FF00FF00
FF00FF00
FF00FF00
FF00FF00
FF00FF00
FF00FF00
FF00F6E0
FE23E201
E022E002
E822E002
E002E002
E002E002
E002E002
E002E002
E002E002
E002E002
E002E002
E002E002
E002E002
E002E002
E002E002
E002E002
E002E002
E002E002
E002E002
E002E002
E002E002
E002E002
E002E002
E002E002
E002E002
E002E002
E002E002
E002E002
E002E002
E002E002
E002E002
E002E002
E002E002
E002E002
E002E002
E002E002
E002E002
E002E002
E002E002
E002E002
E002E002
E002E002
E002E002
E002E002
E002E002
E002E002
E002E002
E002E002
E002E002
E002E002
E002E002
E002E002
E002E002
E002E002
E021D920
FD63FEE1
FF00FF00
FF00FEE0
FF00FF00
FF00FF00
FF00FF00
FF00FF00
FF00FF00
FF00FEE0
FEE0FF00
FEA2EBC2
D861E002
E002E002
E002E002
E002E002
E002E002
E002E002
E002E002
E002E002
E002E002
E002E002
E002E002
E002E002
E002E002
E002E002
E002E002
E002E002
E002E002
E002E002
E002E002
E002E002
E002E002
E002E002
E002E002
E002E002
E001E002
E002E002
E002E002
E002E002
E002E002
E002E002
E002E002
E002E002
E002E002
E002E002
E002E002
E002E002
E002E002
E002E002
E002E002
E002E002
E002E002
E002E002
E002E002
E002E002
E002E002
E002E002
E002E002
E002E002
E002E002
E002E002
E002E002
E002E002
D841E221
FE42FEE1
FF00FF00
FEE0FEE0
FEE0FEE0
FEE0FEE0
FF00FF00
FF00FF00
FEE0FF00
FF00FEE0
FF00FF00
FEE1F502
D0E0E022
E002E002
E002E002
E002E002
E002E002
E002E002
E002E002
E002E002
E002E002
E002E002
E002E002
E002E002
E002E002
E002E002
E002E002
E002E002
E002E002
E002E002
E002E002
E002E002
E002E002
E002E002
E002E002
E002E002
E002E002
E002E802
E002E002
E002E002
E002E002
E002E002
E002E002
E002E002
E002E002
E002E002
E002E002
E002E002
E002E002
E002E002
E002E002
E002E002
E002E002
E002E002
E002E002
E002E002
E002E002
E002E002
E002E002
E002E002
E002E002
E002E002
E002E002
E002E002
D061EBA2
FEA2FF00
FF00FEE0
FF00FF00
FF00FF00
FF00FEE1
F6E0FF01
FF01FF00
FF00FF00
FF00FF00
FF00FF00
FEE0FDE2
D9E1E022
E002E002
E002E002
E002E002
E002E002
E002E002
E002E002
E002E002
E002E002
E002E002
E002E002
E002E002
E002E002
E002E002
E002E002
E002E002
E002E002
E002E002
E002E002
E002E002
E002E002
E002E002
E002E002
E002E022
E002E041
E022E001
E002E002
E002E002
E002E002
E002E002
E002E002
E002E002
E002E002
E002E002
E002E002
E002E002
E002E002
E002E002
E002E002
E002E002
E002E002
E002E002
E002E002
E002E002
E002E002
E002E002
E002E002
E002E002
E002E002
E002E002
E002E002
E002E002
D0E0F502
FEC1FF00
FF00FF00
FF00FEE0
FF00FEE0
FEE1FEE1
FEC1FEC1
FEC1FF00
FF00FF00
FF00FF00
FF00FF00
FF00FE81
EB21D861
E002E002
E001E002
E002E002
E002E002
E002E002
E002E002
E002E002
E002E002
E002E002
E002E002
E002E002
E002E002
E002E002
E002E002
E002E002
E002E002
E002E002
E002E002
E002E002
E002E001
E002E002
E002E002
E002E002
D842E142
E062E001
E002E802
E002E002
E002E002
E802E002
E002E002
E002E002
E002E002
E002E002
E002E002
E002E002
E002E002
E002E002
E002E002
E002E002
E002E002
E002E002
E002E002
E002E002
E002E002
E002E002
E002E002
E002E002
E002E002
E002E002
E002E002
E002D821
D9E0FE02
FEE1FF00
FF00FF00
FEE0FEE0
FF00FEE0
FEC2FDC2
E3E1EC62
FE43FEE1
FF00FF00
FF00FF00
FF00FF00
FF00FEE1
F462D8C1
E022E802
E002E002
E002E002
E002E002
E002E002
E002E002
E002E002
E002E002
E002E002
E002E002
E002E002
E002E002
E002E002
E002E002
E002E002
E002E002
E002E002
E002E002
E002E002
E002E002
E002E002
E002E002
E002E022
E162F384
D8C1E021
E002E802
E002E002
E002E002
E802E002
E002E002
E002E002
E002E002
E002E002
E002E002
E002E002
E002E002
E002E002
E002E002
E002E002
E002E002
E002E002
E002E002
E002E002
E002E002
E002E002
E002E002
E002E002
E002E002
E002E002
E002E002
E002D840
E321FE82
FEE0FF00
FF00FF00
FEE0FF00
FEE1FE83
ECA2DA01
D080D0E1
E302F5A3
FEC2FF01
FF00FF00
FF00FF00
FF00FEE1
FDA2D980
E022E802
E002E002
E002E002
E002E002
E002E002
E002E002
E002E002
E002E002
E002E002
E002E002
E002E002
E002E002
E002E002
E002E002
E002E002
E002E002
E002E002
E002E002
E002E002
E802E002
E002E002
E002E002
E002D840
E2E2FD85
D9E0E021
E002E002
E002E002
E002E002
E002E002
E002E002
E002E002
E002E002
E002E002
E002E002
E002E002
E002E002
E002E002
E002E002
E002E002
E002E002
E002E002
E002E002
E002E002
E002E002
E002E002
E002E002
E002E002
E002E002
E002E002
E002E002
E002D8C0
EC61FEC1
FF00FF00
FF00FF00
FF00FEC1
FDE3E362
D141D842
D821E021
D881D9E1
F482FE62
FEE1FF00
FF00FF00
FF00FEE0
FE83E281
E041E001
E022E002
E002E002
E002E002
E002E002
E002E002
E002E002
E002E002
E002E002
E002E002
E002E002
E002E002
E002E002
E002E002
E002E002
E002E002
E002E002
E002E002
E002E002
E002E002
E002E002
E002E002
E021D0E0
EC62FE83
EBA2D861
E001E002
E002E002
E002E002
E002E002
E002E002
E002E002
E002E002
E002E002
E002E002
E002E002
E002E002
E002E002
E002E002
E002E002
E002E002
E002E002
E002E002
E002E002
E002E002
E002E002
E002E002
E002E002
E002E002
E002E001
E002E002
E022D981
FDA2FEE1
FF00FF00
FF01FEE1
FEA2F503
DA41D8A1
E041E002
E002E002
E022D841
D100EB61
FDC2FEE1
FEE0FEE0
FF01FF01
FEE2EC02
D880E002
E022E001
E002E002
E002E002
E002E002
E002E002
E002E002
E002E002
E002E002
E002E002
E002E002
E002E002
E002E002
E002E002
E002E002
E002E002
E002E002
E002E002
E002E002
E002E001
E021D821
D821D821
D841D9C1
FDA3FEE2
F4E3D101
D821D821
E021E021
E002E002
E802E002
E002E002
E002E002
E002E002
E002E002
E002E002
E002E002
E002E002
E002E002
E002E002
E002E002
E002E002
E002E002
E002E002
E002E002
E002E002
E002E002
E002E002
E002E002
E002E002
E002E001
E002E002
D841E281
FE83FF01
FF01FEE0
FEC1FE23
EBE2D961
D841E022
E002E002
E002E002
E002E002
D821D081
DA41F4E2
FEA3FEE1
FF01FF01
F6E1F583
D100E022
E002E002
E001E002
E002E002
E002E002
E002E002
E002E002
E002E002
E002E002
E002E002
E002E002
E002E002
E002E002
E002E002
E002E002
E002E002
E002E002
E002E002
E002E002
E002E061
E182E201
E201DA21
DA41E3E1
FEA3FEE1
F602E321
DA01D9C1
D9C1D981
E122E041
E001E002
E002E002
E002E002
E002E002
E002E002
E002E002
E002E002
E002E002
E002E002
E002E002
E002E002
E002E002
E002E002
E002E002
E002E002
E002E002
E002E002
E002E002
E002E002
E002E001
E002E002
E022E002
D881EC02
FEC1FEE0
FF01FE83
FD43DA81
D8C0E022
E002E002
E002E002
E002E002
E002E002
E002E022
D841D940
EBA2FE03
FEE1FEE0
FF00FE62
DA41D821
E002E001
E002E002
E002E002
E002E002
E002E002
E002E002
E002E002
E002E002
E002E002
E002E002
E002E002
E002E002
E002E002
E002E002
E002E002
E002E002
E002E002
E002E002
E002D881
EA84FD05
FDE3FE03
FE22F681
FEE1FEE1
FF01FE41
FE02FE02
FDA3FCA5
E223D841
E022E002
E002E002
E002E002
E002E002
E002E002
E002E002
E002E002
E002E002
E002E002
E002E002
E002E002
E002E002
E002E002
E002E002
E002E002
E002E002
E002E002
E002E002
E002E002
E002E002
E003E002
E002E002
D140FD83
FEE1FEC1
FE22EC22
D180D861
E002E002
E022E002
E001E002
E002E002
E002E002
E002E001
E001D821
D8A1DA81
F523FEA2
FF01FEA1
EC02D860
E002E002
E002E002
E002E002
E002E002
E002E002
E002E002
E002E002
E002E002
E002E002
E002E002
E002E002
E002E002
E002E002
E002E002
E002E002
E002E002
E002E002
E002E002
E002E022
D8A1E2C2
FD84FEC2
FEE1FF00
FF00FEE0
FF00FF01
FEE2FE83
F524E242
D882E022
E802E002
E002E002
E002E002
E002E002
E002E002
E002E002
E002E002
E002E002
E002E002
E002E002
E002E002
E002E002
E002E002
E002E002
E002E002
E002E002
E002E002
E002E002
E002E002
E002E002
E022E002
E022D821
DA81FE23
FEC2FD83
E301D8E1
E042E001
E022E002
E002E802
E002E002
E002E002
E002E002
E002E002
E002E021
D801D841
D981EC02
FE43FEC2
F524D8E1
E022E001
E002E002
E002E002
E002E002
E002E002
E002E002
E002E002
E002E002
E002E002
E002E002
E002E002
E002E002
E002E002
E002E002
E002E002
E002E002
E002E002
E002E002
E002E002
E041D081
DA21F4E2
FEA2FF00
FF00FEE0
FF01FF00
FE82EC23
D9A1D841
E022E002
E803E002
E002E002
E002E002
E002E002
E002E002
E002E002
E002E002
E002E002
E002E002
E002E002
E002E002
E002E002
E002E002
E002E002
E002E002
E002E002
E002E002
E002E002
E002E002
E002E002
E001E001
E022D861
EBC3FE04
F482D9C1
D881E021
E002E002
E002E802
E002E002
E002E002
E002E002
E002E002
E002E002
E002E002
E802E802
E041D8E1
DAC1FD83
FDA4E202
E021E001
E002E002
E002E002
E002E002
E002E002
E002E002
E002E002
E002E002
E002E002
E002E002
E002E002
E002E002
E002E002
E002E002
E002E002
E002E002
E002E002
E002E002
E002E002
D821E022
D841D1E0
F5A2FEE1
FF00FF00
FEE0FEC2
E461D120
E041E002
E002E002
E022E002
E002E002
E002E002
E002E002
E002E002
E002E002
E002E002
E002E002
E002E002
E002E002
E002E002
E002E002
E002E002
E002E002
E002E002
E002E002
E002E002
E002E002
E002E002
E002E002
E001E001
E822D8E1
F3C5EB23
D100E042
E802E001
E002E002
E002E002
E002E002
E002E002
E002E002
E002E002
E002E002
E002E002
E002E002
E022E021
D861D9C0
F3E4EAA3
E061E002
E002E002
E002E002
E002E002
E002E002
E002E002
E002E002
E002E002
E002E002
E002E002
E002E002
E002E002
E002E002
E002E002
E002E002
E002E002
E002E002
E002E002
E002E802
E002E002
D821D9E0
FDE2FEE1
FEE0FEE0
FF01FF02
ECA2D0E0
E001E802
E002E022
E002E002
E002E002
E002E002
E002E002
E002E002
E002E002
E002E002
E002E002
E002E002
E002E002
E002E002
E002E002
E002E002
E002E002
E002E002
E002E002
E002E002
E002E002
E002E002
E002E002
E001E001
E022E0A2
E162D880
D821E823
E002E022
E002E002
E002E002
E002E002
E002E002
E002E002
E002E002
E002E002
E002E002
E002E002
E002E002
E022D841
D8E2E123
D821E002
E002E002
E002E002
E002E002
E002E002
E002E002
E002E002
E002E002
E002E002
E002E002
E002E002
E002E002
E002E002
E002E002
E002E002
E002E002
E002E002
E002E002
E002E001
E002E022
D861E302
FE63FEE2
FE42F5A1
FE82FEE2
FDC3D980
E022E002
E802E002
E001E002
E002E002
E002E002
E002E002
E002E002
E002E002
E002E002
E002E002
E002E002
E002E002
E002E002
E002E002
E002E002
E002E002
E002E002
E002E002
E002E002
E002E002
E002E002
E002E002
E002E002
E002E022
E022E002
E002E002
E002E002
E002E002
E002E002
E002E002
E002E002
E002E002
E002E002
E002E002
E002E002
E002E002
E002E002
E001E022
E022E022
E001E002
E002E002
E002E002
E002E002
E002E002
E002E002
E002E002
E002E002
E002E002
E002E002
E002E002
E002E002
E002E002
E002E002
E002E002
E002E002
E002E002
E002E002
E002E002
E003E001
D8C0EC42
FE84F543
DAA1C9A0
E3C3FE04
FE23E2A1
D841E002
E822E802
E002E002
E002E002
E002E002
E002E002
E002E002
E002E002
E002E002
E002E002
E002E002
E002E002
E002E002
E002E002
E002E002
E002E002
E002E002
E002E002
E002E002
E002E002
E002E002
E002E002
E002E002
E802E001
E002E002
E002E802
E802E002
E002E002
E002E002
E002E002
E002E002
E002E002
E002E002
E002E002
E002E002
E002E002
E002E002
E802E001
E001E001
E802E002
E002E002
E002E002
E002E002
E002E002
E002E002
E002E002
E002E002
E002E002
E002E002
E002E002
E002E002
E002E002
E002E002
E002E002
E002E002
E002E002
E002E002
E002E002
E002E021
E161FCC5
EC03D181
D861D821
D0A1E281
FCE4F3E4
D8A1E002
E002E002
E002E002
E002E002
E002E002
E002E002
E002E002
E002E002
E002E002
E002E002
E002E002
E002E002
E002E002
E002E002
E002E002
E002E002
E002E002
E002E002
E002E002
E002E002
E002E002
E002E002
E002E002
E802E802
E001E002
E022E002
E002E002
E002E002
E002E002
E002E002
E002E002
E002E002
E002E002
E002E002
E002E002
E002E002
E002E002
E002E002
E002E002
E002E002
E002E002
E002E002
E002E002
E002E002
E002E002
E002E002
E002E002
E002E002
E002E002
E002E002
E002E002
E002E002
E002E002
E002E002
E002E002
E002E002
E002E002
E002E001
E001E021
E122EA43
E0E1D821
E002E002
E022D861
D961EA83
D881E022
E002E002
E001E002
E002E002
E002E002
E002E002
E002E002
E002E002
E002E002
E002E002
E002E002
E002E002
E002E002
E002E002
E002E002
E002E002
E002E002
E002E002
E002E002
E002E002
E002E002
E002E002
E001E001
E002E002
E002E002
E002E002
E002E002
E802E002
E002E002
E002E002
E002E002
E002E002
E002E002
E002E002
E002E002
E002E002
E002E002
E801E001
E822E002
E002E002
E002E002
E002E002
E002E002
E002E002
E002E002
E002E002
E002E002
E002E002
E002E002
E002E002
E002E002
E002E002
E002E002
E002E002
E002E002
E002E002
E002E002
E002E002
E002E002
E041E042
E021E001
E002E002
E002E001
D821E061
E022E001
E802E002
E002E002
E002E002
E002E002
E002E002
E002E002
E002E002
E002E002
E002E002
E002E002
E002E002
E002E002
E002E002
E002E002
E002E002
E002E002
E002E002
E002E002
E002E002
E002E002
E002E002
E002E002
E002E002
E002E002
E002E002
E002E002
E002E002
E002E002
E002E002
E002E002
E002E002
E002E002
E002E002
E002E002
E002E002
E002E002
E002E002
E002E002
E002E002
E002E002
E002E002
E002E002
E002E002
E002E002
E002E002
E002E002
E002E002
E002E802
E002E002
E802E001
E002E001
E001E802
E002E001
E002E002
E803E001
E802E002
E002E002
E002E002
E002E002
E002E002
E002E002
E002E002
E002E002
E002E002
E002E002
E002E002
E002E002
E002E002
E002E002
E002E002
E002E002
E002E002
E002E002
E002E002
E002E002
E002E002
E002E002
E002E002
E002E002
E002E002
E002E002
E002E002
E002E002
E002E002
E002E002
E002E002
E002E002
E002E002
E002E002
E002E002
E002E002
E002E002
E002E002
E002E002
E002E002
E002E002
E002E002
E002E002
E002E002
E002E002
E002E002
E002E002
E002E002
E002E002
E002E002
E002E002
E002E002
E002E002
E002E002
E002E002
E002E002
E002E802
E002E002
E021E001
E022E002
E002E002
E022E002
E022D822
E003E002
E002E022
E001E002
E002E002
E002E002
E002E002
E002E002
E002E002
E002E002
E002E002
E002E002
E002E002
E002E002
E002E002
E002E002
E002E002
E002E002
E002E002
E002E002
E002E002
E002E002
E002E002
E002E002
E002E002
E002E002
E002E002
E002E002
E002E002
E002E002
E002E002
E002E002
E002E002
E002E002
E002E002
E002E002
E002E002
E002E002
E002E002
E002E002
E002E002
E002E002
E002E002
E002E002
E002E002
E002E002
E002E002
E002E002
E002E002
E002E002
E002E002
E002E002
E002E002
E002E002
E002E002
E002E002
E002E002
E002E002
E002E022
E002E002
E022E022
E002E001
E022E021
E001D841
D962E163
D822E002
E802E002
E001E002
E002E002
E002E002
E002E002
E002E002
E002E002
E002E002
E002E002
E002E002
E002E002
E002E002
E002E002
E002E002
E002E002
E002E002
E002E002
E002E002
E002E002
E002E002
E002E002
E002E002
E002E002
E002E002
E002E002
E002E002
E002E002
E002E002
E002E002
E002E002
E002E002
E002E002
E002E002
E002E002
E002E002
E002E002
E002E002
E002E002
E002E002
E002E002
E002E002
E002E002
E002E002
E002E002
E002E002
E002E002
E002E002
E002E002
E002E002
E002E002
E002E002
E002E002
E002E002
E002E002
E002E002
E002E002
E002E002
E021D821
E082D861
D821E022
E022E022
D861D9A0
F444EA43
D821E001
E822E002
E002E002
E002E002
E002E002
E002E002
E002E002
E002E002
E002E002
E002E002
E002E002
E002E002
E002E002
E002E002
E002E002
E002E002
E002E002
E002E002
E002E002
E002E002
E002E002
E002E002
E002E002
E002E002
E002E002
E002E002
E002E002
E002E002
E002E002
E002E002
E002E002
E002E002
E002E002
E002E002
E002E002
E002E002
E002E002
E002E002
E002E002
E002E002
E002E002
E002E002
E002E002
E002E002
E002E002
E002E002
E002E002
E002E002
E002E002
E002E002
E002E002
E002E002
E002E002
E002E002
E002E002
E002E002
E002E002
E002E002
E022E062
EA23EB03
D980D8A0
D822D842
D980F4C3
FE05DA00
E021E022
E002E002
E002E002
E002E002
E002E002
E002E002
E002E002
E002E002
E002E002
E002E002
E002E002
E002E002
E002E002
E002E002
E002E002
E002E002
E002E002
E002E002
E002E002
E002E002
E002E002
E002E002
E002E002
E002E002
E002E002
E002E002
E002E002
E002E002
E002E002
E002E002
E002E002
E002E002
E002E002
E002E002
E002E002
E002E002
E002E002
E002E002
E002E002
E002E002
E002E002
E002E002
E002E002
E002E002
E002E002
E002E002
E002E002
E002E002
E002E002
E002E002
E002E002
E002E002
E002E002
E002E002
E002E002
E002E002
E002E002
E002E002
E021E022
D9C2FD65
FD63EBE2
D201C9E0
F4C3FEA2
FE03D1A0
E022E822
E002E002
E002E002
E002E002
E002E002
E002E002
E002E002
E002E002
E002E002
E002E002
E002E002
E002E002
E002E002
E002E002
E002E002
E002E002
E002E002
E002E002
E002E002
E002E002
E002E002
E002E002
E002E002
E002E002
E002E002
E002E002
E002E002
E002E002
E002E002
E002E002
E002E002
E002E002
E002E002
E002E002
E002E002
E002E002
E002E002
E002E002
E002E002
E002E002
E002E002
E002E002
E002E002
E002E002
E002E002
E002E002
E002E002
E002E002
E002E002
E002E002
E002E002
E002E002
E002E002
E002E002
E002E002
E002E002
E002E002
E002E002
E002E021
D8A1EBC2
FE82FEA2
FDE3F5C2
FEC1FEE1
FDA2D140
D821E802
E002E002
E002E002
E002E002
E002E002
E002E002
E002E002
E002E002
E002E002
E002E002
E002E002
E002E002
E002E002
E002E002
E002E002
E002E002
E002E002
E002E002
E002E002
E002E002
E002E002
E002E002
E002E002
E002E002
E002E002
E002E002
E002E002
E002E002
E002E002
E002E002
E002E002
E002E002
E002E002
E002E002
E002E002
E002E002
E002E002
E002E002
E002E002
E002E002
E002E002
E002E002
E002E002
E002E002
E002E002
E002E002
E002E002
E002E002
E002E002
E002E002
E002E002
E002E002
E002E002
E002E002
E002E002
E002E002
E002E002
E002E002
E002E001
E042D9C0
FDA3FEE1
FEE1FEE1
FEE0FEE1
FDA2D1A0
D060E022
E001E022
E002E002
E002E002
E002E002
E002E002
E002E002
E002E002
E002E002
E002E002
E002E002
E002E002
E002E002
E002E002
E002E002
E002E002
E002E002
E002E002
E002E002
E002E002
E002E002
E002E002
E002E002
E002E002
E002E002
E002E002
E002E002
E002E002
E002E002
E002E002
E002E002
E002E002
E002E002
E002E002
E002E002
E002E002
E002E002
E002E002
E002E002
E002E002
E002E002
E002E002
E002E002
E002E002
E002E002
E002E002
E002E002
E002E002
E002E002
E002E002
E002E002
E002E002
E002E002
E002E002
E002E002
E002E002
E002E002
E002E002
E802E001
D821D0A0
E401FEA1
FF00FF00
FF00FEE1
FE82F4E2
DAC1D901
D861E021
E002E002
E002E002
E002E002
E002E002
E002E002
E002E002
E002E002
E002E002
E002E002
E002E002
E002E002
E002E002
E002E002
E002E002
E002E002
E002E002
E002E002
E002E002
E002E002
E002E002
E002E002
E002E002
E002E002
E002E002
E002E002
E002E002
E002E002
E002E002
E002E002
E002E002
E002E002
E002E002
E002E002
E002E002
E002E002
E002E002
E002E002
E002E002
E002E002
E002E002
E002E002
E002E002
E002E002
E002E002
E002E002
E002E002
E002E002
E002E002
E002E002
E002E002
E002E002
E002E002
E002E002
E002E002
E002E002
E002E002
E802E002
D842D0E0
EC41FEA2
FF01F6E0
FF20FEE0
FF00FEC1
FE43FCE3
E282D8E1
E041E002
E002E002
E002E002
E002E002
E002E002
E002E002
E002E002
E002E002
E002E002
E002E002
E002E002
E002E002
E002E002
E002E002
E002E002
E002E002
E002E002
E002E002
E002E002
E002E002
E002E002
E002E002
E002E002
E002E002
E002E002
E002E002
E002E002
E002E002
E002E002
E002E002
E002E002
E002E002
E002E002
E002E002
E002E002
E002E002
E002E002
E002E002
E002E002
E002E002
E002E002
E002E002
E002E002
E002E002
E002E002
E002E002
E002E002
E002E002
E002E002
E002E002
E002E002
E002E002
E002E002
E002E002
E002E002
E002E001
E022E021
D8C1EB61
FE42FEE1
FEE1FEE0
FF20FF01
FEE1FEC2
FE43FD84
F425EA03
E061E002
E002E002
E002E002
E002E002
E002E002
E002E002
E002E002
E002E002
E002E002
E002E002
E002E002
E002E002
E002E002
E002E002
E002E002
E002E002
E002E002
E002E002
E002E002
E002E002
E002E002
E002E002
E002E002
E002E002
E002E002
E002E002
E002E002
E002E002
E002E002
E002E002
E002E002
E002E002
E002E002
E002E002
E002E002
E002E002
E002E002
E002E002
E002E002
E002E002
E002E002
E002E002
E002E002
E002E002
E002E002
E002E002
E002E002
E002E002
E002E002
E002E002
E002E002
E002E002
E002E002
E002E002
E002E002
E002E002
E002D8A1
E2E1FE23
FEC2FEC2
FEA1FEE0
FF00FEC1
ED01E321
DA21D961
D8E1D861
E022E002
E002E002
E002E002
E002E002
E002E002
E002E002
E002E002
E002E002
E002E002
E002E002
E002E002
E002E002
E002E002
E002E002
E002E002
E002E002
E002E002
E002E002
E002E002
E002E002
E002E002
E002E002
E002E002
E002E002
E002E002
E002E002
E002E002
E002E002
E002E002
E002E002
E002E002
E002E002
E002E002
E002E002
E002E002
E002E002
E002E002
E002E002
E002E002
E002E002
E002E002
E002E002
E002E002
E002E002
E002E002
E002E002
E002E002
E002E002
E002E002
E002E002
E002E002
E002E002
E002E002
E002E002
E002E002
E002E022
D841E222
FCC5F583
F502EC42
EC81FE42
FF01FE82
DAA0D881
D821E021
E021E002
E002E002
E002E002
E002E002
E002E002
E002E002
E002E002
E002E002
E002E002
E002E002
E002E002
E002E002
E002E002
E002E002
E002E002
E002E002
E002E002
E002E002
E002E002
E002E002
E002E002
E002E002
E002E002
E002E002
E002E002
E002E002
E002E002
E002E002
E002E002
E002E002
E002E002
E002E002
E002E002
E002E002
E002E002
E002E002
E002E002
E002E002
E002E002
E002E002
E002E002
E002E002
E002E002
E002E002
E002E002
E002E002
E002E002
E002E002
E002E002
E002E002
E002E002
E002E002
E002E002
E002E002
E002E002
E002E002
E002E022
D861E182
E1E2D960
D8C1D081
C900EC82
FEA2FE43
D9E1E021
E002E002
E002E002
E002E002
E002E002
E002E002
E002E002
E002E002
E002E002
E002E002
E002E002
E002E002
E002E002
E002E002
E002E002
E002E002
E002E002
E002E002
E002E002
E002E002
E002E002
E002E002
E002E002
E002E002
E002E002
E002E002
E002E002
E002E002
E002E002
E002E002
E002E002
E002E002
E002E002
E002E002
E002E002
E002E002
E002E002
E002E002
E002E002
E002E002
E002E002
E002E002
E002E002
E002E002
E002E002
E002E002
E002E002
E002E002
E002E002
E002E002
E002E002
E002E002
E002E002
E002E002
E002E002
E002E002
E002E002
E002E002
E002E001
E021E022
D822E022
E021E001
D020DA00
FDA3FD83
D981E022
E002E002
E002E002
E002E002
E002E002
E002E002
E002E002
E002E002
E002E002
E002E002
E002E002
E002E002
E002E002
E002E002
E002E002
E002E002
E002E002
E002E002
E002E002
E002E002
E002E002
E002E002
E002E002
E002E002
E002E002
E002E002
E002E002
E002E002
E002E002
E002E002
E002E002
E002E002
E002E002
E002E002
E002E002
E002E002
E002E002
E002E002
E002E002
E002E002
E002E002
E002E002
E002E002
E002E002
E002E002
E002E002
E002E002
E002E002
E002E002
E002E002
E002E002
E002E002
E002E002
E002E002
E002E002
E002E002
E002E002
E002E002
E002E002
E001E021
E022E802
E002E002
E022D881
F3A3F4A4
D921E022
E002E002
E002E002
E002E002
E002E002
E002E002
E002E002
E002E002
E002E002
E002E002
E002E002
E002E002
E002E002
E002E002
E002E002
E002E002
E002E002
E002E002
E002E002
E002E002
E002E002
E002E002
E002E002
E002E002
E002E002
E002E002
E002E002
E002E002
E002E002
E002E002
E002E002
E002E002
E002E002
E002E002
E002E002
E002E002
E002E002
E002E002
E002E002
E002E002
E002E002
E002E002
E002E002
E002E002
E002E002
E002E002
E002E002
E002E002
E002E002
E002E002
E002E002
E002E002
E002E002
E002E002
E002E002
E002E002
E002E002
E002E002
E002E002
E002E001
E002E002
E002E002
E001D842
D982EAE4
D8C2E002
E002E002
E002E002
E002E002
E002E002
E002E002
E002E002
E002E002
E002E002
E002E002
E002E002
E002E002
E002E002
E002E002
E002E002
E002E002
E002E002
E002E002
E002E002
E002E002
E002E002
E002E002
E002E002
E002E002
E002E002
E002E002
E002E002
E002E002
E002E002
E002E002
E002E002
E002E002
E002E002
E002E002
E002E002
E002E002
E002E002
E002E002
E002E002
E002E002
E002E002
E002E002
E002E002
E002E002
E002E002
E002E002
E002E002
E002E002
E002E002
E002E002
E002E002
E002E002
E002E002
E002E002
E002E002
E002E002
E002E002
E002E002
E002E001
E001E802
E002E002
E002E002
E802E021
D842E0A2
E021E002
E002E002
E002E002
E002E002
E002E002
E002E002
E002E002
E002E002
E002E002
E002E002
E002E002
E002E002
E002E002
E002E002
E002E002
E002E002
E002E002
E002E002
E002E002
E002E002
E002E002
E002E002
E002E002
E002E002
E002E002
E002E002
E002E002
E002E002
E002E002
E002E002
E002E002
E002E002
E002E002
E002E002
E002E002
E002E002
E002E002
E002E002
E002E002
E002E002
E002E002
E002E002
E002E002
E002E002
E002E002
E002E002
E002E002
E002E002
E002E002
E002E002
E002E002
E002E002
E002E002
E002E002
E002E002
E002E002
E002E002
E002E002
E002E002
E002E002
E002E002
E002E002
E002E002
E002E002
E002E002
E002E002
E002E002
E002E002
E002E002
E002E002
E002E002
E002E002
E002E002
E002E002
E002E002
E002E002
E002E002
E002E002
E002E002
E002E002
E002E002
E002E002
E002E002
E002E002
E002E002
E002E002
E002E002
E002E002
E002E002
E002E002
E002E002
E002E002
E002E002
E002E002
E002E002
E002E002
E002E002
E002E002
E002E002
E002E002
E002E002
E002E002
E002E002
E002E002
E002E002
E002E002
E002E002
E002E002
E002E002
E002E002
E002E002
E002E002
E002E002
E002E002
E002E002
E002E002
E002E002
E002E002
E002E002
E002E002
E002E002
E002E002
E002E002
E002E002
E002E002
E002E002
E002E002
E002E002
E002E002
E002E002
E002E002
E002E002
E002E002
E002E002
E002E002
E002E002
E002E002
E002E002
E002E002
E002E002
E002E002
E002E002
E002E002
E002E002
E002E002
E002E002
E002E002
E002E002
E002E002
E002E002
E002E002
E002E002
E002E002
E002E002
E002E002
E002E002
E002E002
E002E002
E002E002
E002E002
E002E002
E002E002
E002E002
E002E002
E002E002
E002E002
E002E002
E002E002
E002E002
E002E002
E002E002
E002E002
E002E002
E002E002
E002E002
E002E002
E002E002
E002E002
E002E002
E002E002
E002E002
E002E002
E002E002
E002E002
E002E002
E002E002
E002E002
E002E002
E002E002
E002E002
E002E002
E002E002
E002E002
E002E002
E002E002
E002E002
E002E002
E002E002
E002E002
E002E002
E002E002
E002E002
E002E002
E002E002
E002E002
E002E002
E002E002
E002E002
E002E002
E002E002
E002E002
E002E002
E002E002
E002E002
E002E002
E002E002
E002E002
E002E002
E002E002
E002E002
E002E002
E002E002
E002E002
E002E002
E002E002
E002E002
E002E002
E002E002
E002E002
E002E002
E002E002
E002E002
E002E002
E002E002
E002E002
E002E002
E002E002
E002E002
E002E002
E002E002
E002E002
E002E002
E002E002
E002E002
E002E002
E002E002
E002E002
E002E002
E002E002
E002E002
E002E002
E002E002
E002E002
E002E002
E002E002
E002E002
E002E002
E002E002
E002E002
E002E002
E002E002
E002E002
E002E002
E002E002
E002E002
E002E002
E002E002
E002E002
E002E002
E002E002
E002E002
E002E002
E002E002
E002E002
E002E002
E002E002
E002E002
E002E002
E002E002
E002E002
E002E002
E002E002
E002E002
E002E002
E002E002
E002E002
E002E002
E002E002
E002E002
E002E002
E002E002
E002E002
E002E002
E002E002
E002E002
E002E002
E002E002
E002E002
E002E002
E002E002
E002E002
E002E002
E002E002
E002E002
E002E002
E002E002
E002E002
E002E002
E002E002
E002E002
E002E002
E002E002
E002E002
E002E002
E002E002
E002E002
E002E002
E002E002
E002E002
E002E002
E002E002
E002E002
E002E002
E002E002
E002E002
E002E002
E002E002
E002E002
E002E002
E002E002
E002E002
E002E002
E002E002
E002E002
E002E002
E002E002
E002E002
E002E002
E002E002
E002E002
E002E002
E002E002
E002E002
E002E002
E002E002
E002E002
E002E002
E002E002
E002E002
E002E002
E002E002
E002E002
E002E002
E002E002
E002E002
E002E002
E002E002
E002E002
E002E002
E002E002
E002E002
E002E002
E002E002
E002E002
E002E002
E002E002
E002E002
E002E002
E002E002
E002E002
E002E002
E002E002
E002E002
E002E002
E002E002
E002E002
E002E002
E002E002
E002E002
E002E002
E002E002
E002E002
E002E002
E002E002
E002E002
E002E002
E002E002
E002E002
E002E002
E002E002
E002E002
E002E002
E002E002
E002E002
E002E002
E002E002
E002E002
E002E002
E002E002
E002E002
E002E002
E002E002
E002E002
E002E002
E002E002
E002E002
E002E002
E002E002
E002E002
E002E002
E002E002
E002E002
E002E002
E002E002
E002E002
E002E002
E002E002
E002E002
E002E002
E002E002
E002E002
E002E002
E002E002
E002E002
E002E002
E002E002
E002E002
E002E002
E002E002
E002E002
E002E002
E002E002
E002E002
E002E002
E002E002
E002E002
E002E002
E002E002
E002E002
E002E002
E002E002
E002E002
E002E002
E002E002
E002E002
E002E002
E002E002
E002E002
E002E002
E002E002
E002E002
E002E002
E002E002
E002E002
E002E002
E002E002
E002E002
E002E002
E002E002
E002E002
E002E002
E002E002
E002E002
E002E002
E002E002
E002E002
E002E002
E002E002
E002E002
E002E002
E002E002
E002E002
E002E002
E002E002
E002E002
E002E002
E002E002
E002E002
E002E002
E002E002
E002E002
E002E002
E002E002
E002E002
E002E002
E002E002
E002E002
E002E002
E002E002
E002E002
E002E002
E002E002
E002E002
E002E002
E002E002
E002E002
E002E002
E002E002
E002E002
E002E002
E002E002
E002E002
E002E002
E002E002
E002E002
E002E002
E002E002
E002E002
E002E002
E002E002
E002E002
E002E002
E002E002
E002E002
E002E002
E002E002
E002E002
E002E002
E002E002
E002E002
E002E002
E002E002
E002E002
E002E002
E002E002
E002E002
E002E002
E002E002
E002E002
E002E002
E002E002
E002E002
E002E002
E002E002
E002E002
E002E002
E002E002
E002E002
E002E002
E002E002
E002E002
E002E002
E002E002
E002E002
E002E002
E002E002
E002E002
E002E002
E002E002
E002E002
E002E002
E002E002
E002E002
E002E002
E002E002
E002E002
E002E002
E002E002
E002E002
E002E002
E002E002
E002E002
E002E002
E002E002
E002E002
E002E002
E002E002
E002E002
E002E002
E002E002
E002E002
E002E002
E002E002
E002E002
E002E002
E002E002
E002E002
E002E002
E002E002
E002E002
E002E002
E002E002
E002E002
E002E002
E002E002
E002E002
E002E002
E002E002
E002E002
E002E002
E002E002
E002E002
E002E002
E002E002
E002E002
E002E002
E002E002
E002E002
E002E002
E002E002
E002E002
E002E002
E002E002
E002E002
E002E002
E002E002
E002E002
E002E002
E002E002
E002E002
E002E002
E002E002
E002E002
E002E002
E002E002
E002E002
E002E002
E002E002
E002E002
E002E002
E002E002
E002E002
E002E002
E002E002
E002E002
E002E002
E002E002
E002E002
E002E002
E002E002
E002E002
E002E002
E002E002
E002E002
E002E002
E002E002
E002E002
E002E002
E002E002
E002E002
E002E002
E002E002
E002E002
E002E002
E002E002
E002E002
E002E002
E002E002
E002E002
E002E002
E002E002
E002E002
E002E002
E002E002
E002E002
E002E002
E002E002
E002E002
E002E002
E002E002
E002E002
E002E002
E002E002
E002E002
E002E002
E002E002
E002E002
E002E002
E002E002
E002E002
E002E002
E002E002
E002E002
E002E002
E002E002
E002E002
E002E002
E002E002
E002E002
E002E002
E002E002
E002E002
E002E002
E002E002
E002E002
E002E002
E002E002
E002E002
E002E002
E002E002
E002E002
E002E002
E002E002
E002E002
E002E002
E002E002
E002E002
E002E002
E002E002
E002E002
E002E002
E002E002
E002E002
E002E002
E002E002
E002E002
E002E002
E002E002
E002E002
E002E002
E002E002
E002E002
E002E002
E002E002
E002E002
E002E002
E002E002
E002E002
E002E002
E002E002
E002E002
E002E002
E002E002
E002E002
E002E002
E002E002
E002E002
E002E002
E002E002
E002E002
E002E002
E002E002
E002E002
E002E002
E002E002
E002E002
E002E002
E002E002
E002E002
E002E002
E002E002
E002E002
E002E002
E002E002
E002E002
E002E002
E002E002
E002E002
E002E002
E002E002
E002E002
E002E002
E002E002
E002E002
E002E002
E002E002
E002E002
E002E002
E002E002
E002E002
E002E002
E002E002
E002E002
E002E002
E002E002
E002E002
E002E002
E002E002
E002E002
E002E002
E002E002
E002E002
E002E002
E002E002
E002E002
E002E002
E002E002
E002E002
E002E002
E002E002
E002E002
E002E002
E002E002
E002E002
E002E002
E002E002
E002E002
E002E002
E002E002
E002E002
E002E002
E002E002
E002E002
E002E002
E002E002
E002E002
E002E002
E002E002
E002E002
E002E002
E002E002
E002E002
E002E002
E002E002
E002E002
E002E002
E002E002
E002E002
E002E002
E002E002
E002E002
E002E002
E002E002
E002E002
E002E002
E002E002
E002E002
E002E002
E002E002
E002E002
E002E002
E002E002
E002E002
E002E002
E002E002
E002E002
E002E002
E002E002
E002E002
E002E002
E002E002
E002E002
E002E002
E002E002
E002E002
E002E002
E002E002
E002E002
E002E002
E002E002
E002E002
E002E002
E002E002
E002E002
E002E002
E002E002
E002E002
E002E002
E002E002
E002E002
E002E002
E002E002
E002E002
E002E002
E002E002
E002E002
E002E002
E002E002
E002E002
E002E002
E002E002
E002E002
E002E002
E002E002
E002E002
E002E002
E002E002
E002E002
E002E002
E002E002
E002E002
E002E002
E002E002
E002E002
E002E002
E002E002
E002E002
E002E002
E002E002
E002E002
E002E002
E002E002
E002E002
E002E002
E002E002
E002E002
E002E002
E002E002
E002E002
E002E002
E002E002
E002E002
E002E002
E002E002
E002E002
E002E002
E002E002
E002E002
E002E002
E002E002
E002E002
E002E002
E002E002
E002E002
E002E002
E002E002
E002E002
E002E002
E002E002
E002E002
E002E002
E002E002
E002E002
E002E002
E002E002
E002E002
E002E002
E002E002
E002E002
E002E002
E002E002
E002E002
E002E002
E002E002
E002E002
E002E002
E002E002
E002E002
E002E002
E002E002
E002E002
E002E002
E002E002
E002E002
E002E002
E002E002
E002E002
E002E002
E002E002
E002E002
E002E002
E002E002
E002E002
E002E002
E002E002
E002E002
E002E002
E002E002
E002E002
E002E002
E002E002
E002E002
E002E002
E002E002
E002E002
E002E002
E002E002
E002E002
E002E002
E002E002
E002E002
E002E002
E002E002
E002E002
E002E002
E002E002
E002E002
E002E002
E002E002
E002E002
E002E002
E002E002
E002E002
E002E002
E002E002
E002E002
E002E002
E002E002
E002E002
E002E002
E002E002
E002E002
E002E002
E002E002
E002E002
E002E002
E002E002
E002E002
E002E002
E002E002
E002E002
E002E002
E002E002
E002E002
E002E002
E002E002
E002E002
E002E002
E002E002
E002E002
E002E002
E002E002
E002E002
E002E002
E002E002
E002E002
E002E002
E002E002
E002E002
E002E002
E002E002
E002E002
E002E002
E002E002
E002E002
E002E002
E002E002
E002E002
E002E002
E002E002
E002E002
E002E002
E002E002
E002E002
E002E002
E002E002
E002E002
E002E002
E002E002
E002E002
E002E002
E002E002
E002E002
E002E002
E002E002
E002E002
E002E002
E002E002
E002E002
E002E002
E002E002
E002E002
E002E002
E002E002
E002E002
E002E002
E002E002
E002E002
E002E002
E002E002
E002E002
E002E002
E002E002
E002E002
E002E002
E002E002
E002E002
E002E002
E002E002
E002E002
E002E002
E002E002
E002E002
E002E002
E002E002
E002E002
E002E002
E002E002
E002E002
E002E002
E002E002
E002E002
E002E002
E002E002
E002E002
E002E002
E002E002
E002E002
E002E002
E002E002
E002E002
E002E002
E002E002
E002E002
E002E002
E002E002
E002E002
E002E002
E002E002
E002E002
E002E002
E002E002
E002E002
E002E002
E002E002
E002E002
E002E002
E002E002
E002E002
E002E002
E002E002
E002E002
E002E002
E002E002
E002E002
E002E002
E002E002
E002E002
E002E002
E002E002
E002E002
E002E002
E002E002
E002E002
E002E002
E002E002
E002E002
E002E002
E002E002
E002E002
E002E002
E002E002
E002E002
E002E002
E002E002
E002E002
E002E002
E002E002
E002E002
E002E002
E002E002
E002E002
E002E002
E002E002
E002E002
E002E002
E002E002
E002E002
E002E002
E002E002
E002E002
E002E002
E002E002
E002E002
E002E002
E002E002
E002E002
E002E002
E002E002
E002E002
E002E002
E002E002
E002E002
E002E002
E002E002
E002E002
E002E002
E002E002
E002E002
E002E002
E002E002
E002E002
E002E002
E002E002
E002E002
E002E002
E002E002
E002E002
E002E002
E002E002
E002E002
E002E002
E002E002
E002E002
E002E002
E002E002
E002E002
E002E002
E002E002
E002E002
E002E002
E002E002
E002E002
E002E002
E002E002
E002E002
E002E002
E002E002
E002E002
E002E002
E002E002
E002E002
E002E002
E002E002
E002E002
E002E002
E002E002
E002E002
E002E002
E002E002
E002E002
E002E002
E002E002
E002E002
E002E002
E002E002
E002E002
E002E002
E002E002
E002E002
E002E002
E002E002
E002E002
E002E002
E002E002
E002E002
E002E002
E002E002
E002E002
E002E002
E002E002
E002E002
E002E002
E002E002
E002E002
E002E002
E002E002
E002E002
E002E002
E002E002
E002E002
E002E002
E002E002
E002E002
E002E002
E002E002
E002E002
E002E002
E002E002
E002E002
E002E002
E002E002
E002E002
E002E002
E002E002
E002E002
E002E002
E002E002
E002E002
E002E002
E002E002
E002E002
E002E002
E002E002
E002E002
E002E002
E002E002
E002E002
E002E002
E002E002
E002E002
E002E002
E002E002
E002E002
E002E002
E002E002
E002E002
E002E002
E002E002
E002E002
E002E002
E002E002
E002E002
E002E002
E002E002
E002E002
E002E002
E002E002
E002E002
E002E002
E002E002
E002E002
E002E002
E002E002
E002E002
E002E002
E002E002
E002E002
E002E002
E002E002
E002E002
E002E002
E002E002
E002E002
E002E002
E002E002
E002E002
E002E002
E002E002
E002E002
E002E002
E002E002
E002E002
E002E002
E002E002
E002E002
E002E002
E002E002
E002E002
E002E002
E002E002
E002E002
E002E002
E002E002
E002E002
E002E002
E002E002
E002E002
E002E002
E002E002
E002E002
E002E002
E002E002
E002E002
E002E002
E002E002
E002E002
E002E002
E002E002
E002E002
E002E002
E002E002
E002E002
E002E002
E002E002
E002E002
E002E002
E002E002
E002E002
E002E002
E002E002
E002E002
E002E002
E002E002
E002E002
E002E002
E002E002
E002E002
E002E002
E002E002
E002E002
E002E002
E002E002
E002E002
E002E002
E002E002
E002E002
E002E002
E002E002
E002E002
E002E002
E002E002
E002E002
E002E002
E002E002
E002E002
E002E002
E002E002
E002E002
E002E002
E002E002
E002E002
E002E002
E002E002
E002E002
E002E002
E002E002
E002E002
E002E002
E002E002
E002E002
E002E002
E002E002
E002E002
E002E002
E002E002
E002E002
E002E002
E002E002
E002E002
E002E002
E002E002
E002E002
E002E002
E002E002
E002E002
E002E002
E002E002
E002E002
E002E002
E002E002
E002E002
E002E002
E002E002
E002E002
E002E002
E002E002
E002E002
E002E002
E002E002
E002E002
E002E002
E002E002
E002E002
E002E002
E002E002
E002E002
E002E002
E002E002
E002E002
E002E002
E002E002
E002E002
E002E002
E002E002
E002E002
E002E002
E002E002
E002E002
E002E002
E002E002
E002E002
E002E002
E002E002
E002E002
E002E002
E002E002
E002E002
E002E002
E002E002
E002E002
E002E002
E002E002
E002E002
E002E002
E002E002
E002E002
E002E002
E002E002
E002E002
E002E002
E002E002
E002E002
E002E002
E002E002
E002E002
E002E002
E002E002
E002E002
E002E002
E002E002
E002E002
E002E002
E002E002
E002E002
E002E002
E002E002
E002E002
E002E002
E002E002
E002E002
E002E002
E002E002
E002E002
E002E002
E002E002
E002E002
E002E002
E002E002
E002E002
E002E002
E002E002
E002E002
E002E002
E002E002
E002E002
E002E002
E002E002
E002E002
E002E002
E002E002
E002E002
E002E002
E002E002
E002E002
E002E002
E002E002
E002E002
E002E002
E002E002
E002E002
E002E002
E002E002
E002E002
E002E002
E002E002
E002E002
E002E002
E002E002
E002E002
E002E002
E002E002
E002E002
E002E002
E002E002
E002E002
E002E002
E002E002
E002E002
E002E002
E002E002
E002E002
E002E002
E002E002
E002E002
E002E002
E002E002
E002E002
E002E002
E002E002
E002E002
E002E002
E002E002
E002E002
E002E002
E002E002
E002E002
E002E002
E002E002
E002E002
E002E002
E002E002
E002E002
E002E002
E002E002
E002E002
E002E002
E002E002
E002E002
E002E002
E002E002
E002E002
E002E002
E002E002
E002E002
E002E002
E002E002
E002E002
E002E002
E002E002
E002E002
E002E002
E002E002
E002E002
E002E002
E002E002
E002E002
E002E002
E002E002
E002E002
E002E002
E002E002
E002E002
E002E002
E002E002
E002E002
E002E002
E002E002
E002E002
E002E002
E002E002
E002E002
E002E002
E002E002
E002E002
E002E002
E002E002
E002E002
E002E002
E002E002
E002E002
E002E002
E002E002
E002E002
E002E002
E002E002
E002E002
E002E002
E002E002
E002E002
E002E002
E002E002
E002E002
E002E002
E002E002
E002E002
E002E002
E002E002
E002E002
E002E002
E002E002
E002E002
E002E002
E002E002
E002E002
E002E002
E002E002
E002E002
E002E002
E002E002
E002E002
E002E002
E002E002
E002E002
E002E002
E002E002
E002E002
E002E002
E002E002
E002E002
E002E002
E002E002
E002E002
E002E002
E002E002
E002E002
E002E002
E002E002
E002E002
E002E002
E002E002
E002E002
E002E002
E002E002
E002E002
E002E002
E002E002
E002E002
E002E002
E002E002
E002E002
E002E002
E002E002
E002E002
E002E002
E002E002
E002E002
E002E002
E002E002
E002E002
E002E002
E002E002
E002E002
E002E002
E002E002
E002E002
E002E002
E002E002
E002E002
E002E002
E002E002
E002E002
E002E002
E002E002
E002E002
E002E002
E002E002
E002E002
E002E002
E002E002
E002E002
E002E002
E002E002
E002E002
E002E002
E002E002
E002E002
E002E002
E002E002
E002E002
E002E002
E002E002
E002E002
E002E002
E002E002
E002E002
E002E002
E002E002
E002E002
E002E002
E002E002
E002E002
E002E002
E002E002
E002E002
E002E002
E002E002
E002E002
E002E002
E002E002
E002E002
E002E002
E002E002
E002E002
E002E002
E002E002
E002E002
E002E002
E002E002
E002E002
E002E002
E002E002
E002E002
E002E002
E002E002
E002E002
E002E002
E002E002
E002E002
E002E002
E002E002
E002E002
E002E002
E002E002
E002E002
E002E002
E002E002
E002E002
E002E002
E002E002
E002E002
E002E002
E002E002
E002E002
E002E002
E002E002
E002E002
E002E002
E002E002
E002E002
E002E002
E002E002
E002E002
E002E002
E002E002
E002E002
E002E002
E002E002
E002E002
E002E002
E002E002
E002E002
E002E002
E002E002
E002E002
E002E002
E002E002
E002E002
E002E002
E002E002
E002E002
E002E002
E002E002
E002E002
E002E002
E002E002
E002E002
E002E002
E002E002
E002E002
E002E002
E002E002
E002E002
E002E002
E002E002
E002E002
E002E002
E002E002
E002E002
E002E002
E002E002
E002E002
E002E002
E002E002
E002E002
E002E002
E002E002
E002E002
E002E002
E002E002
E002E002
E002E002
E002E002
E002E002
E002E002
E002E002
E002E002
E002E002
E002E002
E002E002
E002E002
E002E002
E002E002
E002E002
E002E002
E002E002
E002E002
E002E002
E002E002
E002E002
E002E002
E002E002
E002E002
E002E002
E002E002
E002E002
E002E002
E002E002
E002E002
E002E002
E002E002
E002E002
E002E002
E002E002
E002E002
E002E002
E002E002
E002E002
E002E002
E002E002
E002E002
E002E002
E002E002
E002E002
E002E002
E002E002
E002E002
E002E002
E002E002
E002E002
E002E002
E002E002
E002E002
E002E002
E002E002
E002E002
E002E002
E002E002
E002E002
E002E002
E002E002
E002E002
E002E002
E002E002
E002E002
E002E002
E002E002
E002E002
E002E002
E002E002
E002E002
E002E002
E002E002
E002E002
E002E002
E002E002
E002E002
E002E002
E002E002
E002E002
E002E002
E002E002
E002E002
E002E002
E002E002
E002E002
E002E002
E002E002
E002E002
E002E002
E002E002
E002E002
E002E002
E002E002
E002E002
E002E002
E002E002
E002E002
E002E002
E002E002
E002E002
E002E002
E002E002
E002E002
E002E002
E002E002
E002E002
E002E002
E002E002
E002E002
E002E002
E002E002
E002E002
E002E002
E002E002
E002E002
E002E002
E002E002
E002E002
E002E002
E002E002
E002E002
E002E002
E002E002
E002E002
E002E002
E002E002
E002E002
E002E002
E002E002
E002E002
E002E002
E002E002
E002E002
E002E002
E002E002
E002E002
E002E002
E002E002
E002E002
E002E002
E002E002
E002E002
E002E002
E002E002
E002E002
E002E002
E002E002
E002E002
E002E002
E002E002
E002E002
E002E002
E002E002
E002E002
E002E002
E002E002
E002E002
E002E002
E002E002
E002E002
E002E002
E002E002
E002E002
E002E002
E002E002
E002E002
E002E002
E002E002
E002E002
E002E002
E002E002
E002E002
E002E002
E002E002
E002E002
E002E002
E002E002
E002E002
E002E002
E002E002
E002E002
E002E002
E002E002
E002E002
E002E002
E002E002
E002E002
E002E002
E002E002
E002E002
E002E002
E002E002
E002E002
E002E002
E002E002
E002E002
E002E002
E002E002
E002E002
E002E002
E002E002
E002E002
E002E002
E002E002
E002E002
E002E002
E002E002
E002E002
E002E002
E002E002
E002E002
E002E002
E002E002
E002E002
E002E002
E002E002
E002E002
E002E002
E002E002
E002E002
E002E002
E002E002
E002E002
E002E002
E002E002
E002E002
E002E002
E002E002
E002E002
E002E002
E002E002
E002E002
E002E002
E002E002
E002E002
E002E002
E002E002
E002E002
E002E002
E002E002
E002E002
E002E002
E002E002
E002E002
E002E002
E002E002
E002E002
E002E002
E002E002
E002E002
E002E002
E002E002
E002E002
E002E002
E002E002
E002E002
E002E002
E002E002
E002E002
E002E002
E002E002
E002E002
E002E002
E002E002
E002E002
E002E002
E002E002
E002E002
E002E002
E002E002
E002E002
E002E002
E002E002
E002E002
E002E002
E002E002
E002E002
E002E002
E002E002
E002E002
E002E002
E002E002
E002E002
E002E002
E002E002
E002E002
E002E002
E002E002
E002E002
E002E002
E002E002
E002E002
E002E002
E002E002
E002E002
E002E002
E002E002
E002E002
E002E002
E002E002
E002E002
E002E002
E002E002
E002E002
E002E002
E002E002
E002E002
E002E002
E002E002
E002E002
E002E002
E002E002
E002E002
E002E002
E002E002
E002E002
E002E002
E002E002
E002E002
E002E002
E002E002
E002E002
E002E002
E002E002
E002E002
E002E002
E002E002
E002E002
E002E002
E002E002
E002E002
E002E002
E002E002
E002E002
E002E002
E002E002
E002E002
E002E002
E002E002
E002E002
E002E002
E002E002
E002E002
E002E002
E002E002
E002E002
E002E002
E002E002
E002E002
E002E002
E002E002
E002E002
E002E002
E002E002
E002E002
E002E002
E002E002
E002E002
E002E002
E002E002
E002E002
E002E002
E002E002
E002E002
E002E002
E002E002
E002E002
E002E002
E002E002
E002E002
E002E002
E002E002
E002E002
E002E002
E002E002
E002E002
E002E002
E002E002
E002E002
E002E002
E002E002
E002E002
E002E002
E002E002
E002E002
E002E002
E002E002
E002E002
E002E002
E002E002
E002E002
E002E002
E002E002
E002E002
E002E002
E002E002
E002E002
E002E002
E002E002
E002E002
E002E002
E002E002
E002E002
E002E002
E002E002
E002E002
E002E002
E002E002
E002E002
E002E002
E002E002
E002E002
E002E002
E002E002
E002E002
E002E002
E002E002
E002E002
E002E002
E002E002
E002E002
E002E002
E002E002
E002E002
E002E002
E002E002
E002E002
E002E002
E002E002
E002E002
E002E002
E002E002
E002E002
E002E002
E002E002
E002E002
E002E002
E002E002
E002E002
E002E002
E002E002
E002E002
E002E002
E002E002
E002E002
E002E002
E002E002
E002E002
E002E002
E002E002
E002E002
E002E002
E002E002
E002E002
E002E002
E002E002
E002E002
E002E002
E002E002
E002E002
E002E002
E002E002
E002E002
E002E002
E002E002
E002E002
E002E002
E002E002
E002E002
E002E002
E002E002
E002E002
E002E002
E002E002
E002E002
E002E002
E002E002
E002E002
E002E002
E002E002
E002E002
E002E002
E002E002
E002E002
E002E002
E002E002
E002E002
E002E002
E002E002
E002E002
E002E002
E002E002
E002E002
E002E002
E002E002
E002E002
E002E002
E002E002
E002E002
E002E002
E002E002
E002E002
E002E002
E002E002
E002E002
E002E002
E002E002
E002E002
E002E002
E002E002
E002E002
E002E002
E002E002
E002E002
E002E002
E002E002
E002E002
E002E002
E002E002
E002E002
E002E002
E002E002
E002E002
E002E002
E002E002
E002E002
E002E002
E002E002
E002E002
E002E002
E002E002
E002E002
E002E002
E002E002
E002E002
E002E002
E002E002
E002E002
E002E002
E002E002
E002E002
E002E002
E002E002
E002E002
E002E002
E002E002
E002E002
E002E002
E002E002
E002E002
E002E002
E002E002
E002E002
E002E002
E002E002
E002E002
E002E002
E002E002
E002E002
E002E002
E002E002
E002E002
E002E002
E002E002
E002E002
E002E002
E002E002
E002E002
E002E002
E002E002
E002E002
E002E002
E002E002
E002E002
E002E002
E002E002
E002E002
E002E002
E002E002
E002E002
E002E002
E002E002
E002E002
E002E002
E002E002
E002E002
E002E002
E002E002
E002E002
E002E002
E002E002
E002E002
E002E002
E002E002
E002E002
E002E002
E002E002
E002E002
E002E002
E002E002
E002E002
E002E002
E002E002
E002E002
E002E002
E002E002
E002E002
E002E002
E002E002
E002E002
E002E002
E002E002
E002E002
E002E002
E002E002
E002E002
E002E002
E002E002
E002E002
E002E002
E002E002
E002E002
E002E002
E002E002
E002E002
E002E002
E002E002
E002E002
E002E002
E002E002
E002E002
E002E002
E002E002
E002E002
E002E002
E002E002
E002E002
E002E002
E002E002
E002E002
E002E002
E002E002
E002E002
E002E002
E002E002
E002E002
E002E002
E002E002
E002E002
E002E002
E002E002
E002E002
E002E002
E002E002
E002E002
E002E002
E002E002
E002E002
E002E002
E002E002
E002E002
E002E002
E002E002
E002E002
E002E002
E002E002
E002E002
E002E002
E002E002
E002E002
E002E002
E002E002
E002E002
E002E002
E002E002
E002E002
E002E002
E002E002
E002E002
E002E002
E002E002
E002E002
E002E002
E002E002
E002E002
E002E002
E002E002
E002E002
E002E002
E002E002
E002E002
E002E002
E002E002
E002E002
E002E002
E002E002
E002E002
E002E002
E002E002
E002E002
E002E002
E002E002
E002E002
E002E002
E002E002
E002E002
E002E002
E002E002
E002E002
E002E002
E002E002
E002E002
E002E002
E002E002
E002E002
E002E002
E002E002
E002E002
E002E002
E002E002
E002E002
E002E002
E002E002
E002E002
E002E002
E002E002
E002E002
E002E002
E002E002
E002E002
E002E002
E002E002
E002E002
E002E002
E002E002
E002E002
E002E002
E002E002
E002E002
E002E002
E002E002
E002E002
E002E002
E002E002
E002E002
E002E002
E002E002
E002E002
E002E002
E002E002
E002E002
E002E002
E002E002
E002E002
E002E002
E002E002
E002E002
E002E002
E002E002
E002E002
E002E002
E002E002
E002E002
E002E002
E002E002
E002E002
E002E002
E002E002
E002E002
E002E002
E002E002
E002E002
E002E002
E002E002
E002E002
E002E002
E002E002
E002E002
E002E002
E002E002
E002E002
E002E002
E002E002
E002E002
E002E002
E002E002
E002E002
E002E002
E002E002
E002E002
E002E002
E002E002
E002E002
E002E002
E002E002
E002E002
E002E002
E002E002
E002E002
E002E002
E002E002
E002E002
E002E002
E002E002
E002E002
E002E002
E002E002
E002E002
E002E002
E002E002
E002E002
E002E002
E002E002
E002E002
E002E002
E002E002
E002E002
E002E002
E002E002
E002E002
E002E002
E002E002
E002E002
E002E002
E002E002
E002E002
E002E002
E002E002
E002E002
E002E002
E002E002
E002E002
E002E002
E002E002
E002E002
E002E002
E002E002
E002E002
E002E002
E002E002
E002E002
E002E002
E002E002
E002E002
E002E002
E002E002
E002E002
E002E002
E002E002
E002E002
E002E002
E002E002
E002E002
E002E002
E002E002
E002E002
E002E002
E002E002
E002E002
E002E002
E002E002
E002E002
E002E002
E002E002
E002E002
E002E002
E002E002
E002E002
E002E002
E002E002
E002E002
E002E002
E002E002
E002E002
E002E002
E002E002
E002E002
E002E002
E002E002
E002E002
E002E002
E002E002
E002E002
E002E002
E002E002
E002E002
E002E002
E002E002
E002E002
E002E002
E002E002
E002E002
E002E002
E002E002
E002E002
E002E002
E002E002
E002E002
E002E002
E002E002
E002E002
E002E002
E002E002
E002E002
E002E002
E002E002
E002E002
E002E002
E002E002
E002E002
E002E002
E002E002
E002E002
E002E002
E002E002
E002E002
E002E002
E002E002
E002E002
E002E002
E002E002
E002E002
E002E002
E002E002
E002E002
E002E002
E002E002
E002E002
E002E002
E002E002
E002E002
E002E002
E002E002
E002E002
E002E002
E002E002
E002E002
E002E002
E002E002
E002E002
E002E002
E002E002
E002E002
E002E002
E002E002
E002E002
E002E002
E002E002
E002E002
E002E002
E002E002
E002E002
E002E002
E002E002
E002E002
E002E002
E002E002
E002E002
E002E002
E002E002
E002E002
E002E002
E002E002
E002E002
E002E002
E002E002
E002E002
E002E002
E002E002
E002E002
E002E002
E002E002
E002E002
E002E002
E002E002
E002E002
E002E002
E002E002
E002E002
E002E002
E002E002
E002E002
E002E002
E002E002
E002E002
E002E002
E002E002
E002E002
E002E002
E002E002
E002E002
E002E002
E002E002
E002E002
E002E002
E002E002
E002E002
E002E002
E002E002
E002E002
E002E002
E002E002
E002E002
E002E002
E002E002
E002E002
E002E002
E002E002
E002E002
E002E002
E002E002
E002E002
E002E002
E002E002
E002E002
E002E002
E002E002
E002E002
E002E002
E002E002
E002E002
E002E002
E002E002
E002E002
E002E002
E002E002
E002E002
E002E002
E002E002
E002E002
E002E002
E002E002
E002E002
E002E002
E002E002
E002E002
E002E002
E002E002
E002E002
E002E002
E002E002
E002E002
E002E002
E002E002
E002E002
E002E002
E002E002
E002E002
E002E002
E002E002
E002E002
E002E002
E002E002
E002E002
E002E002
E002E002
E002E002
E002E002
E002E002
E002E002
E002E002
E002E002
E002E002
E002E002
E002E002
E002E002
E002E002
E002E002
E002E002
E002E002
E002E002
E002E002
E002E002
E002E002
E002E002
E002E002
E002E002
E002E002
E002E002
E002E002
E002E002
E002E002
E002E002
E002E002
E002E002
E002E002
E002E002
E002E002
E002E002
E002E002
E002E002
E002E002
E002E002
E002E002
E002E002
E002E002
E002E002
E002E002
E002E002
E002E002
E002E002
E002E002
E002E002
E002E002
E002E002
E002E002
E002E002
E002E002
E002E002
E002E002
E002E002
E002E002
E002E002
E002E002
E002E002
E002E002
E002E002
E002E002
E002E002
E002E002
E002E002
E002E002
E002E002
E002E002
E002E002
E002E002
E002E002
E002E002
E002E002
E002E002
E002E002
E002E002
E002E002
E002E002
E002E002
E002E002
E002E002
E002E002
E002E002
E002E002
E002E002
E002E002
E002E002
E002E002
E002E002
E002E002
E002E002
E002E002
E002E002
E002E002
E002E002
E002E002
E002E002
E002E002
E002E002
E002E002
E002E002
E002E002
E002E002
E002E002
E002E002
E002E002
E002E002
E002E002
E002E002
E002E002
E002E002
E002E002
E002E002
E002E002
E002E002
E002E002
E002E002
E002E002
E002E002
E002E002
E002E002
E002E002
E002E002
E002E002
E002E002
E002E002
E002E002
E002E002
E002E002
E002E002
E002E002
E002E002
E002E002
E002E002
E002E002
E002E002
E002E002
E002E002
E002E002
E002E002
E002E002
E002E002
E002E002
E002E002
E002E002
E002E002
E002E002
E002E002
E002E002
E002E002
E002E002
E002E002
E002E002
E002E002
E002E002
E002E002
E002E002
E002E002
E002E002
E002E002
E002E002
E002E002
E002E002
E002E002
E002E002
E002E002
E002E002
E002E002
E002E002
E002E002
E002E002
E002E002
E002E002
E002E002
E002E002
E002E002
E002E002
E002E002
E002E002
E002E002
E002E002
E002E002
E002E002
E002E002
E002E002
E002E002
E002E002
E002E002
E002E002
E002E002
E002E002
E002E002
E002E002
E002E002
E002E002
E002E002
E002E002
E002E002
E002E002
E002E002
E002E002
E002E002
E002E002
E002E002
E002E002
E002E002
E002E002
E002E002
E002E002
E002E002
E002E002
E002E002
E002E002
E002E002
E002E002
E002E002
E002E002
E002E002
E002E002
E002E002
E002E002
E002E002
E002E002
E002E002
E002E002
E002E002
E002E002
E002E002
E002E002
E002E002
E002E002
E002E002
E002E002
E002E002
E002E002
E002E002
E002E002
E002E002
E002E002
E002E002
E002E002
E002E002
E002E002
00000000
00000000
00000000
00000000
00000000
00000000
00000000
00000000
00000000
00000000
00000000
00000000
00000000
00000000
00000000
00000000
00000000
00000000
00000000
00000000
00000000
00000000
00000000
00000000
00000000
00000000
00000000
00000000
00000000
00000000
00000000
00000000
00000000
00000000
00000000
00000000
00000000
00000000
00000000
00000000
00000000
00000000
00000000
00000000
00000000
00000000
00000000
00000000
00000000
00000000
00000000
00000000
00000000
00000000
00000000
00000000
00000000
00000000
00000000
00000000
00000000
00000000
00000000
00000000
00000000
00000000
00000000
00000000
00000000
00000000
60080000
80108008
2042A010
689DE473
6BBEEAAD
AAA54BB6
445BE88C
A008A029
80088008
00000000
00000000
00000000
00000000
00000000
00000000
00000000
00000000
00000000
00000000
00000000
00000000
00000000
00000000
00000000
00000000
00000000
00000000
00000000
00000000
00000000
00000000
00000000
00000000
00000000
00000000
00000000
00000000
00000000
00000000
00000000
00000000
00000000
00000000
00000000
00000000
00000000
00000000
00000000
60080000
458CE018
A3EFC3D6
A3E7A3EF
83DF83E7
64D763DF
45CF44CF
25C725C7
06BF06BF
E7AEE7B6
A9AEC8AE
488589A6
8008054B
00006008
00000000
00000000
00000000
00000000
00000000
00000000
00000000
00000000
00000000
00000000
00000000
00000000
00000000
00000000
00000000
00000000
00000000
00000000
00000000
00000000
00000000
00000000
00000000
00000000
00000000
00000000
00000000
00000000
00000000
00000000
00000000
00000000
00000000
00000000
00000000
E2628010
C2FFA5FF
E0FFE0FF
C1F7C1F7
A2EFA1EF
83DF82E7
63D763DF
44CF44D7
25C725CF
06BF06BF
E7B6E6B6
C8AEC7AE
A89EA8A6
8996A99E
AB856B96
0000C221
00000000
00000000
00000000
00000000
00000000
00000000
00000000
00000000
00000000
00000000
00000000
00000000
00000000
00000000
00000000
00000000
00000000
00000000
00000000
00000000
00000000
00000000
00000000
00000000
00000000
00000000
00000000
00000000
00000000
00000000
00000000
00000000
60080000
24EF4052
A0FFA1FF
E0FFC0FF
E0FFE0FF
C1F7C0F7
A2EFC1EF
84E7A2E7
29D766DF
0BCF0AD7
EAC6EBCE
E8BEEAC6
E6B6E7BE
C7AEE7AE
A8A6C8A6
899EA99E
6A8E8A96
0C864B86
E0086C7D
00000000
00000000
00000000
00000000
00000000
00000000
00000000
00000000
00000000
00000000
00000000
00000000
00000000
00000000
00000000
00000000
00000000
00000000
00000000
00000000
00000000
00000000
00000000
00000000
00000000
00000000
00000000
00000000
00000000
00000000
60100000
41FFC3A4
80FF60FF
A0FFA0FF
E0FFC0FF
C4FFE0FF
A37325C6
80108029
00006008
00000000
00000000
00000000
00000000
60080000
C1298008
CA95A55B
899E8A9E
8A968996
2B864A8E
EC750C7E
C732AE75
00008108
00000000
00000000
00000000
00000000
00000000
00000000
00000000
00000000
00000000
00000000
00000000
00000000
00000000
00000000
00000000
00000000
00000000
00000000
00000000
00000000
00000000
00000000
00000000
00000000
00000000
00000000
00000000
80180000
20FF44BD
40FF40FF
80FF60FF
82FF80FF
A05AE5E6
00008010
00000000
00000000
00000000
00000000
00000000
00000000
00000000
00000000
00000000
00000000
80080000
0B96654B
4B864A8E
0C762B86
AD6DCD75
C8328E65
00008100
00000000
00000000
00000000
00000000
00000000
00000000
00000000
00000000
00000000
00000000
00000000
00000000
00000000
00000000
00000000
00000000
00000000
00000000
00000000
00000000
00000000
00000000
00000000
00000000
00000000
60100000
E0FEA6CD
20FF00FF
40FF40FF
45F761FF
0000A139
00000000
00000000
00000000
00000000
00000000
00000000
00000000
00000000
00000000
00000000
00000000
00000000
00000000
00000000
632A8108
0C7E0C8E
CD6DEC75
8E65AE6D
C8324F5D
00000000
00000000
00000000
00000000
00000000
00000000
00000000
00000000
00000000
00000000
00000000
00000000
00000000
00000000
00000000
00000000
00000000
00000000
00000000
00000000
00000000
00000000
00000000
00000000
00000000
C2FE4252
E0FEE0FE
00FF00FF
43B521FF
00008010
00000000
00000000
00000000
00000000
00000000
00000000
00000000
00000000
00000000
00000000
00000000
00000000
00000000
00000000
00000000
00000000
C1080000
CD752C6D
8E65AD6D
4F556F5D
03091055
00000000
00000000
00000000
00000000
00000000
00000000
00000000
00000000
00000000
00000000
00000000
00000000
00000000
00000000
00000000
00000000
00000000
00000000
00000000
00000000
00000000
00000000
00000000
84F68018
C0FEA0FE
E0FEE0FE
45BD00FF
00006010
00000000
00000000
00000000
00000000
00000000
00000000
00000000
00000000
00000000
00000000
00000000
00000000
00000000
00000000
00000000
00000000
00000000
00000000
80000000
8E6D2E75
4F5D8E5D
104D3055
81086F4C
00000000
00000000
00000000
00000000
00000000
00000000
00000000
00000000
00000000
00000000
00000000
00000000
00000000
00000000
00000000
00000000
00000000
00000000
00000000
00000000
00000000
405A0000
80FE81FE
C0FEA0FE
64C5C0FE
00006010
00000000
00000000
00000000
00000000
00000000
00000000
00000000
00000000
00000000
00000000
00000000
00000000
00000000
00000000
00000000
00000000
00000000
00000000
00000000
00000000
C1080000
6F5D2E6D
304D4F55
B14C114D
0000E300
00000000
00000000
00000000
00000000
00000000
00000000
00000000
00000000
00000000
00000000
00000000
00000000
00000000
00000000
00000000
00000000
00000000
00000000
00000000
60100000
60FEE3BC
80FE80FE
64EEA0FE
0000A020
00000000
00000000
00000000
00000000
00000000
00000000
00000000
00000000
00000000
00000000
00000000
00000000
00000000
00000000
00000000
00000000
00000000
00000000
00000000
00000000
00000000
00000000
E5190000
30552F5D
F144114D
691AD23C
00000000
00000000
00000000
00000000
00000000
00000000
00000000
00000000
00000000
00000000
00000000
00000000
00000000
00000000
00000000
00000000
00000000
00000000
00000000
23FE6010
60FE40FE
80FE60FE
0000217B
00000000
00000000
00000000
00000000
00000000
00000000
00000000
00000000
00000000
00000000
00000000
00000000
00000000
00000000
00000000
00000000
00000000
00000000
00000000
00000000
00000000
00000000
00000000
00000000
2D4C0000
F144304D
B23CD144
82083144
00000000
00000000
00000000
00000000
00000000
00000000
00000000
00000000
00000000
00000000
00000000
00000000
00000000
00000000
00000000
00000000
00000000
A0200000
20FE01FE
40FE20FE
002962FE
00000000
00000000
00000000
00000000
00000000
00000000
00000000
00000000
00000000
00000000
00000000
00000000
00000000
00000000
00000000
00000000
00000000
00000000
00000000
00000000
00000000
00000000
00000000
00000000
00000000
00000000
F04CA519
D23CF144
523C9234
00006200
00000000
00000000
00000000
00000000
00000000
00000000
00000000
00000000
00000000
00000000
00000000
00000000
00000000
00000000
00000000
00000000
E1FDE030
20FE00FE
84D520FE
00006010
00000000
00000000
00000000
00000000
00000000
00000000
00000000
00000000
00000000
00000000
00000000
00000000
00000000
00000000
00000000
00000000
00000000
00000000
00000000
00000000
00000000
00000000
00000000
00000000
00000000
00000000
81000000
D13CD04C
9334B23C
A3005234
00000000
00000000
00000000
00000000
00000000
00000000
00000000
00000000
00000000
00000000
00000000
00000000
00000000
00000000
00000000
20410000
C0FDA1FD
00FE00FE
600844A4
00000000
00000000
00000000
00000000
00000000
00000000
00000000
00000000
00000000
00000000
00000000
00000000
00000000
00000000
00000000
00000000
00000000
00000000
00000000
00000000
00000000
00000000
00000000
00000000
00000000
00000000
00000000
00000000
70540000
9334D23C
532C732C
00008300
00000000
00000000
00000000
00000000
00000000
00000000
00000000
00000000
00000000
00000000
00000000
00000000
00000000
00000000
40FDC030
C0FD80FD
0183E0FD
00000000
00000000
00000000
00000000
00000000
00000000
00000000
00000000
00000000
00000000
00000000
00000000
00000000
00000000
00000000
00000000
00000000
00000000
00000000
00000000
00000000
00000000
00000000
00000000
00000000
00000000
00000000
00000000
00000000
00000000
B23CCE3B
532C9334
8200332C
00000000
00000000
00000000
00000000
00000000
00000000
00000000
00000000
00000000
00000000
00000000
00000000
00000000
80280000
20FD01FD
A1FD60FD
0000E059
00000000
00000000
00000000
00000000
00000000
00000000
00000000
00000000
00000000
00000000
00000000
00000000
00000000
00000000
00000000
00000000
00000000
00000000
00000000
00000000
00000000
00000000
00000000
00000000
00000000
00000000
00000000
00000000
00000000
00000000
2C330000
732C9234
132C5424
00008200
00000000
00000000
00000000
00000000
00000000
00000000
00000000
00000000
00000000
00000000
00000000
00000000
A1FC4018
00FDE0FC
E05940FD
00000000
00000000
00000000
00000000
00000000
00000000
00000000
00000000
00000000
00000000
00000000
00000000
00000000
00000000
00000000
00000000
00000000
00000000
00000000
00000000
00000000
00000000
00000000
00000000
00000000
00000000
00000000
00000000
00000000
00000000
00000000
00000000
93344D33
3424732C
6208D32B
00000000
00000000
00000000
00000000
00000000
00000000
00000000
00000000
00000000
00000000
00000000
60100000
80FC62F4
00FDC0FC
0000A182
00000000
00000000
00000000
00000000
00000000
00000000
00000000
00000000
00000000
00000000
00000000
00000000
00000000
00000000
00000000
00000000
00000000
00000000
00000000
00000000
00000000
00000000
00000000
00000000
00000000
00000000
00000000
00000000
00000000
00000000
00000000
00000000
AF330000
5424732C
712B3524
00000000
00000000
00000000
00000000
00000000
00000000
00000000
00000000
00000000
00000000
00000000
43BB0000
60FC20FC
64A3A0FC
00000000
00000000
00000000
00000000
00000000
00000000
00000000
00000000
00000000
00000000
00000000
00000000
00000000
00000000
00000000
00000000
00000000
00000000
00000000
00000000
00000000
00000000
00000000
00000000
00000000
00000000
00000000
00000000
00000000
00000000
00000000
00000000
00000000
62080000
542C313C
351C3424
0000A909
00000000
00000000
00000000
00000000
00000000
00000000
00000000
00000000
00000000
00000000
E0FB6061
40FC20FC
611023D4
00000000
00000000
00000000
00000000
00000000
00000000
00000000
00000000
00000000
00000000
00000000
00000000
00000000
00000000
00000000
00000000
00000000
00000000
00000000
00000000
00000000
00000000
00000000
00000000
00000000
00000000
00000000
00000000
00000000
00000000
00000000
00000000
00000000
00000000
53348208
35245424
8300F51B
00000000
00000000
00000000
00000000
00000000
00000000
00000000
00000000
00000000
40200000
C0FBA1FB
42F400FC
00006010
00000000
00000000
00000000
00000000
00000000
00000000
00000000
00000000
00000000
00000000
00000000
00000000
00000000
00000000
00000000
00000000
00000000
00000000
00000000
00000000
00000000
00000000
00000000
00000000
00000000
00000000
00000000
00000000
00000000
00000000
00000000
00000000
00000000
00000000
A2000000
3424542C
D423151C
00006208
00000000
00000000
00000000
00000000
00000000
00000000
00000000
00000000
63EB6110
A0FB60FB
8028E0FB
00000000
00000000
00000000
00000000
00000000
00000000
00000000
00000000
00000000
00000000
00000000
00000000
00000000
00000000
00000000
00000000
00000000
00000000
00000000
00000000
00000000
00000000
00000000
00000000
00000000
00000000
00000000
00000000
00000000
00000000
00000000
00000000
00000000
00000000
00000000
00000000
3424C811
151C351C
0000CF12
00000000
00000000
00000000
00000000
00000000
00000000
00000000
00000000
20FB0161
80FB60FB
0000C181
00000000
00000000
00000000
00000000
00000000
00000000
00000000
00000000
00000000
00000000
00000000
00000000
00000000
00000000
00000000
00000000
00000000
00000000
00000000
00000000
00000000
00000000
00000000
00000000
00000000
00000000
00000000
00000000
00000000
00000000
00000000
00000000
00000000
00000000
00000000
00000000
D1330000
151C3424
A400F513
00000000
00000000
00000000
00000000
00000000
00000000
00000000
40180000
00FBE1F2
83E340FB
00000000
00000000
00000000
00000000
00000000
00000000
00000000
00000000
00000000
00000000
00000000
00000000
00000000
00000000
00000000
00000000
00000000
00000000
00000000
00000000
00000000
00000000
00000000
00000000
00000000
00000000
00000000
00000000
00000000
00000000
00000000
00000000
00000000
00000000
00000000
00000000
00000000
62000000
351C342C
931B151C
00006208
00000000
00000000
00000000
00000000
00000000
00000000
63BA0000
E0FAA0FA
202820FB
00000000
00000000
00000000
00000000
00000000
00000000
00000000
00000000
00000000
00000000
00000000
00000000
00000000
00000000
00000000
00000000
00000000
00000000
00000000
00000000
00000000
00000000
00000000
00000000
00000000
00000000
00000000
00000000
00000000
00000000
00000000
00000000
00000000
00000000
00000000
00000000
00000000
00000000
54242A1A
F613151C
00008809
00000000
00000000
00000000
00000000
00000000
00000000
60FA4020
C0FAA0FA
0000A3B2
00000000
00000000
00000000
00000000
00000000
00000000
00000000
00000000
00000000
00000000
00000000
00000000
00000000
00000000
00000000
00000000
00000000
00000000
00000000
00000000
00000000
00000000
00000000
00000000
00000000
00000000
00000000
00000000
00000000
00000000
00000000
00000000
00000000
00000000
00000000
00000000
00000000
00000000
33340000
1514351C
6208D51B
00000000
00000000
00000000
00000000
00000000
00000000
40FAE2A9
C0FA80FA
00004018
00000000
00000000
00000000
00000000
00000000
00000000
00000000
00000000
00000000
00000000
00000000
00000000
00000000
00000000
00000000
00000000
00000000
00000000
00000000
00000000
00000000
00000000
00000000
00000000
00000000
00000000
00000000
00000000
00000000
00000000
00000000
00000000
00000000
00000000
00000000
00000000
00000000
00000000
E4000000
151C3424
4701F613
00000000
00000000
00000000
00000000
00000000
20200000
20FAE0F9
23A260FA
00000000
00000000
00000000
00000000
00000000
00000000
00000000
00000000
00000000
00000000
00000000
00000000
00000000
00000000
00000000
00000000
00000000
00000000
00000000
00000000
00000000
00000000
00000000
00000000
00000000
00000000
00000000
00000000
00000000
00000000
00000000
00000000
00000000
00000000
00000000
00000000
00000000
00000000
00000000
00000000
151C132C
D51BF513
00006208
00000000
00000000
00000000
00000000
61A10000
00FAC0F9
401860FA
00000000
00000000
00000000
00000000
00000000
00000000
00000000
00000000
00000000
00000000
00000000
00000000
00000000
00000000
00000000
00000000
00000000
00000000
00000000
00000000
00000000
00000000
00000000
00000000
00000000
00000000
00000000
00000000
00000000
00000000
00000000
00000000
00000000
00000000
00000000
00000000
00000000
00000000
00000000
00000000
3424C400
F613151C
00006801
00000000
00000000
00000000
00000000
A0F14110
E0F9C0F9
0000C2A9
00000000
00000000
00000000
00000000
00000000
00000000
00000000
00000000
00000000
00000000
00000000
00000000
00000000
00000000
00000000
00000000
00000000
00000000
00000000
00000000
00000000
00000000
00000000
00000000
00000000
00000000
00000000
00000000
00000000
00000000
00000000
00000000
00000000
00000000
00000000
00000000
00000000
00000000
00000000
00000000
132C0000
F513341C
0000B423
00000000
00000000
00000000
00000000
60F96068
E0F9A0F9
00002020
00000000
00000000
00000000
00000000
00000000
00000000
00000000
00000000
00000000
00000000
00000000
00000000
00000000
00000000
00000000
00000000
00000000
00000000
00000000
00000000
00000000
00000000
00000000
00000000
00000000
00000000
00000000
00000000
00000000
00000000
00000000
00000000
00000000
00000000
00000000
00000000
00000000
00000000
00000000
00000000
46090000
151C3424
8300F613
00000000
00000000
00000000
61100000
40F962D9
02DA80F9
00006110
00000000
00000000
00000000
00000000
00000000
00000000
00000000
00000000
00000000
00000000
00000000
00000000
00000000
00000000
00000000
00000000
00000000
00000000
00000000
00000000
00000000
00000000
00000000
00000000
00000000
00000000
00000000
00000000
00000000
00000000
00000000
00000000
00000000
00000000
00000000
00000000
00000000
00000000
00000000
00000000
62080000
151C342C
F01AF513
00000000
00000000
00000000
41180000
20F900F9
405060F9
00000000
00000000
00000000
00000000
00000000
00000000
00000000
00000000
00000000
00000000
00000000
00000000
00000000
00000000
00000000
00000000
00000000
00000000
00000000
00000000
00000000
00000000
00000000
00000000
00000000
00000000
00000000
00000000
00000000
00000000
00000000
00000000
00000000
00000000
00000000
00000000
00000000
00000000
00000000
00000000
00000000
00000000
3424ED1A
D41B151C
00006208
00000000
00000000
40780000
20F9E0F8
411061F1
00000000
00000000
00000000
00000000
00000000
00000000
00000000
00000000
00000000
00000000
00000000
00000000
00000000
00000000
00000000
00000000
00000000
00000000
00000000
00000000
00000000
00000000
00000000
00000000
00000000
00000000
00000000
00000000
00000000
00000000
00000000
00000000
00000000
00000000
00000000
00000000
00000000
00000000
00000000
00000000
00000000
00000000
3424C300
F513151C
0000C400
00000000
00000000
E2E06110
00F9C0F8
000062C9
00000000
00000000
00000000
00000000
00000000
00000000
00000000
00000000
00000000
00000000
00000000
00000000
00000000
00000000
00000000
00000000
00000000
00000000
00000000
00000000
00000000
00000000
00000000
00000000
00000000
00000000
00000000
00000000
00000000
00000000
00000000
00000000
00000000
00000000
00000000
00000000
00000000
00000000
00000000
00000000
00000000
00000000
33340000
151C351C
00006D0A
00000000
00000000
A0F02018
E0F8A0F8
00002060
00000000
00000000
00000000
00000000
00000000
00000000
00000000
00000000
00000000
00000000
00000000
00000000
00000000
00000000
00000000
00000000
00000000
00000000
00000000
00000000
00000000
00000000
00000000
00000000
00000000
00000000
00000000
00000000
00000000
00000000
00000000
00000000
00000000
00000000
00000000
00000000
00000000
00000000
00000000
00000000
00000000
00000000
B0330000
151C3424
0000D423
00000000
00000000
60F82030
C0F880F8
00002018
00000000
00000000
00000000
00000000
00000000
00000000
00000000
00000000
00000000
00000000
00000000
00000000
00000000
00000000
00000000
00000000
00000000
00000000
00000000
00000000
00000000
00000000
00000000
00000000
00000000
00000000
00000000
00000000
00000000
00000000
00000000
00000000
00000000
00000000
00000000
00000000
00000000
00000000
00000000
00000000
00000000
00000000
E4000000
35245424
6200F51B
00000000
00000000
40F88188
01E180F8
00000000
00000000
00000000
00000000
00000000
00000000
00000000
00000000
00000000
00000000
00000000
00000000
00000000
00000000
00000000
00000000
00000000
00000000
00000000
00000000
00000000
00000000
00000000
00000000
00000000
00000000
00000000
00000000
00000000
00000000
00000000
00000000
00000000
00000000
00000000
00000000
00000000
00000000
00000000
00000000
00000000
00000000
00000000
62080000
3424542C
E400151C
00000000
00000000
20F841D0
C2B060F8
00000000
00000000
00000000
00000000
00000000
00000000
00000000
00000000
00000000
00000000
00000000
00000000
00000000
00000000
00000000
00000000
00000000
00000000
00000000
00000000
00000000
00000000
00000000
00000000
00000000
00000000
00000000
00000000
00000000
00000000
00000000
00000000
00000000
00000000
00000000
00000000
00000000
00000000
00000000
00000000
00000000
00000000
00000000
00000000
5424523C
6C1A351C
00000000
41100000
00F841E8
607040F8
00000000
00000000
00000000
00000000
00000000
00000000
00000000
00000000
00000000
00000000
00000000
00000000
00000000
00000000
00000000
00000000
00000000
00000000
00000000
00000000
00000000
00000000
00000000
00000000
00000000
00000000
00000000
00000000
00000000
00000000
00000000
00000000
00000000
00000000
00000000
00000000
00000000
00000000
00000000
00000000
00000000
00000000
00000000
00000000
542C8F33
71233524
00000000
20200000
00F841E8
004020F8
00000000
00000000
00000000
00000000
00000000
00000000
00000000
00000000
00000000
00000000
00000000
00000000
00000000
00000000
00000000
00000000
00000000
00000000
00000000
00000000
00000000
00000000
00000000
00000000
00000000
00000000
00000000
00000000
00000000
00000000
00000000
00000000
00000000
00000000
00000000
00000000
00000000
00000000
00000000
00000000
00000000
00000000
00000000
00000000
732C4A1A
14245424
00000000
00280000
00F841F0
202800F8
00000000
00000000
00000000
00000000
00000000
00000000
00000000
00000000
00000000
00000000
00000000
00000000
00000000
00000000
00000000
00000000
00000000
00000000
00000000
00000000
00000000
00000000
00000000
00000000
00000000
00000000
00000000
00000000
00000000
00000000
00000000
00000000
00000000
00000000
00000000
00000000
00000000
00000000
00000000
00000000
00000000
00000000
00000000
00000000
93344509
3424542C
00006200
00300000
20F841F0
411000F8
00000000
00000000
00000000
00000000
00000000
00000000
00000000
00000000
00000000
00000000
00000000
00000000
00000000
00000000
00000000
00000000
00000000
00000000
00000000
00000000
00000000
00000000
00000000
00000000
00000000
00000000
00000000
00000000
00000000
00000000
00000000
00000000
00000000
00000000
00000000
00000000
00000000
00000000
00000000
00000000
00000000
00000000
00000000
00000000
9334A200
3424732C
00008200
41580000
21F042E8
000041E8
00000000
00000000
00000000
00000000
00000000
00000000
00000000
00000000
00000000
00000000
00000000
00000000
00000000
00000000
00000000
00000000
00000000
00000000
00000000
00000000
00000000
00000000
00000000
00000000
00000000
00000000
00000000
00000000
00000000
00000000
00000000
00000000
00000000
00000000
00000000
00000000
00000000
00000000
00000000
00000000
00000000
00000000
00000000
00000000
B2348200
542C732C
00008300
A3780000
41F062E8
000082D8
00000000
00000000
00000000
00000000
00000000
00000000
00000000
00000000
00000000
00000000
00000000
00000000
00000000
00000000
00000000
00000000
00000000
00000000
00000000
00000000
00000000
00000000
00000000
00000000
00000000
00000000
00000000
00000000
00000000
00000000
00000000
00000000
00000000
00000000
00000000
00000000
00000000
00000000
00000000
00000000
00000000
00000000
00000000
00000000
B23C0000
532C9334
00008300
05910000
42E863E8
0000C3C0
00000000
00000000
00000000
00000000
00000000
00000000
00000000
00000000
00000000
00000000
00000000
00000000
00000000
00000000
00000000
00000000
00000000
00000000
00000000
00000000
00000000
00000000
00000000
00000000
00000000
00000000
00000000
00000000
00000000
00000000
00000000
00000000
00000000
00000000
00000000
00000000
00000000
00000000
00000000
00000000
00000000
00000000
00000000
00000000
B23C0000
732C9334
0000E400
26A10000
62E883E0
0000E4B8
00000000
00000000
00000000
00000000
00000000
00000000
00000000
00000000
00000000
00000000
00000000
00000000
00000000
00000000
00000000
00000000
00000000
00000000
00000000
00000000
00000000
00000000
00000000
00000000
00000000
00000000
00000000
00000000
00000000
00000000
00000000
00000000
00000000
00000000
00000000
00000000
00000000
00000000
00000000
00000000
00000000
00000000
00000000
00000000
D2440000
9334B23C
00002509
46A10000
63E884E0
000004B1
00000000
00000000
00000000
00000000
00000000
00000000
00000000
00000000
00000000
00000000
00000000
00000000
00000000
00000000
00000000
00000000
00000000
00000000
00000000
00000000
00000000
00000000
00000000
00000000
00000000
00000000
00000000
00000000
00000000
00000000
00000000
00000000
00000000
00000000
00000000
00000000
00000000
00000000
00000000
00000000
00000000
00000000
00000000
00000000
D1440000
9334B23C
00008611
66A10000
83E0A4E0
000005B1
00000000
00000000
00000000
00000000
00000000
00000000
00000000
00000000
00000000
00000000
00000000
00000000
00000000
00000000
00000000
00000000
00000000
00000000
00000000
00000000
00000000
00000000
00000000
00000000
00000000
00000000
00000000
00000000
00000000
00000000
00000000
00000000
00000000
00000000
00000000
00000000
00000000
00000000
00000000
00000000
00000000
00000000
00000000
00000000
D14C0000
B23CD23C
00006609
46990000
84E0A4D8
000005B9
00000000
00000000
00000000
00000000
00000000
00000000
00000000
00000000
00000000
00000000
00000000
00000000
00000000
00000000
00000000
00000000
00000000
00000000
00000000
00000000
00000000
00000000
00000000
00000000
00000000
00000000
00000000
00000000
00000000
00000000
00000000
00000000
00000000
00000000
00000000
00000000
00000000
00000000
00000000
00000000
00000000
00000000
00000000
00000000
114D0000
B23CF144
00002509
26890000
A4E0C5D8
000005B9
00000000
00000000
00000000
00000000
00000000
00000000
00000000
00000000
00000000
00000000
00000000
00000000
00000000
00000000
00000000
00000000
00000000
00000000
00000000
00000000
00000000
00000000
00000000
00000000
00000000
00000000
00000000
00000000
00000000
00000000
00000000
00000000
00000000
00000000
00000000
00000000
00000000
00000000
00000000
00000000
00000000
00000000
00000000
00000000
104D0000
D23CF144
0000C200
C4680000
A4D8C5D0
0000E5C8
00000000
00000000
00000000
00000000
00000000
00000000
00000000
00000000
00000000
00000000
00000000
00000000
00000000
00000000
00000000
00000000
00000000
00000000
00000000
00000000
00000000
00000000
00000000
00000000
00000000
00000000
00000000
00000000
00000000
00000000
00000000
00000000
00000000
00000000
00000000
00000000
00000000
00000000
00000000
00000000
00000000
00000000
00000000
00000000
304D0000
D144F144
00008200
62480000
C5D8E6D0
0000C4D0
00000000
00000000
00000000
00000000
00000000
00000000
00000000
00000000
00000000
00000000
00000000
00000000
00000000
00000000
00000000
00000000
00000000
00000000
00000000
00000000
00000000
00000000
00000000
00000000
00000000
00000000
00000000
00000000
00000000
00000000
00000000
00000000
00000000
00000000
00000000
00000000
00000000
00000000
00000000
00000000
00000000
00000000
00000000
00000000
30558100
F144104D
00008200
00280000
C5D0E6D0
4110A4D8
00000000
00000000
00000000
00000000
00000000
00000000
00000000
00000000
00000000
00000000
00000000
00000000
00000000
00000000
00000000
00000000
00000000
00000000
00000000
00000000
00000000
00000000
00000000
00000000
00000000
00000000
00000000
00000000
00000000
00000000
00000000
00000000
00000000
00000000
00000000
00000000
00000000
00000000
00000000
00000000
00000000
00000000
00000000
00000000
5055A100
F14C304D
00008100
21200000
E6D007C9
2020A5D8
00000000
00000000
00000000
00000000
00000000
00000000
00000000
00000000
00000000
00000000
00000000
00000000
00000000
00000000
00000000
00000000
00000000
00000000
00000000
00000000
00000000
00000000
00000000
00000000
00000000
00000000
00000000
00000000
00000000
00000000
00000000
00000000
00000000
00000000
00000000
00000000
00000000
00000000
00000000
00000000
00000000
00000000
00000000
00000000
4F5DA419
F04C3055
00000000
21180000
E6D027C1
2140C5D0
00000000
00000000
00000000
00000000
00000000
00000000
00000000
00000000
00000000
00000000
00000000
00000000
00000000
00000000
00000000
00000000
00000000
00000000
00000000
00000000
00000000
00000000
00000000
00000000
00000000
00000000
00000000
00000000
00000000
00000000
00000000
00000000
00000000
00000000
00000000
00000000
00000000
00000000
00000000
00000000
00000000
00000000
00000000
00000000
6F5D083B
10554F55
00000000
61100000
E6C848B9
8368E6D0
00000000
00000000
00000000
00000000
00000000
00000000
00000000
00000000
00000000
00000000
00000000
00000000
00000000
00000000
00000000
00000000
00000000
00000000
00000000
00000000
00000000
00000000
00000000
00000000
00000000
00000000
00000000
00000000
00000000
00000000
00000000
00000000
00000000
00000000
00000000
00000000
00000000
00000000
00000000
00000000
00000000
00000000
00000000
00000000
6E5DAD64
2D4C4F5D
00000000
00000000
07C92799
0599E6D0
00000000
00000000
00000000
00000000
00000000
00000000
00000000
00000000
00000000
00000000
00000000
00000000
00000000
00000000
00000000
00000000
00000000
00000000
00000000
00000000
00000000
00000000
00000000
00000000
00000000
00000000
00000000
00000000
00000000
00000000
00000000
00000000
00000000
00000000
00000000
00000000
00000000
00000000
00000000
00000000
00000000
00000000
00000000
00000000
8E658E6D
C8326F5D
00000000
00000000
27C1C560
06C1E6C8
00000000
00000000
00000000
00000000
00000000
00000000
00000000
00000000
00000000
00000000
00000000
00000000
00000000
00000000
00000000
00000000
00000000
00000000
00000000
00000000
00000000
00000000
00000000
00000000
00000000
00000000
00000000
00000000
00000000
00000000
00000000
00000000
00000000
00000000
00000000
00000000
00000000
00000000
00000000
00000000
00000000
00000000
00000000
80080000
8E65AD6D
A1086F5D
00000000
00000000
28C12120
E6D007C9
00002020
00000000
00000000
00000000
00000000
00000000
00000000
00000000
00000000
00000000
00000000
00000000
00000000
00000000
00000000
00000000
00000000
00000000
00000000
00000000
00000000
00000000
00000000
00000000
00000000
00000000
00000000
00000000
00000000
00000000
00000000
00000000
00000000
00000000
00000000
00000000
00000000
00000000
00000000
00000000
00000000
00000000
00000000
A2110000
AD6DCD75
81086F65
00000000
00000000
48B94110
E6C807C9
00006368
00000000
00000000
00000000
00000000
00000000
00000000
00000000
00000000
00000000
00000000
00000000
00000000
00000000
00000000
00000000
00000000
00000000
00000000
00000000
00000000
00000000
00000000
00000000
00000000
00000000
00000000
00000000
00000000
00000000
00000000
00000000
00000000
00000000
00000000
00000000
00000000
00000000
00000000
00000000
00000000
00000000
00000000
2C750000
AD6DED75
00006E6D
00000000
00000000
68A10000
07C928C1
000026A9
00000000
00000000
00000000
00000000
00000000
00000000
00000000
00000000
00000000
00000000
00000000
00000000
00000000
00000000
00000000
00000000
00000000
00000000
00000000
00000000
00000000
00000000
00000000
00000000
00000000
00000000
00000000
00000000
00000000
00000000
00000000
00000000
00000000
00000000
00000000
00000000
00000000
00000000
00000000
00000000
00000000
00000000
EC850000
CD6DEC75
0000C62A
00000000
00000000
63480000
07C928C1
411007C9
00000000
00000000
00000000
00000000
00000000
00000000
00000000
00000000
00000000
00000000
00000000
00000000
00000000
00000000
00000000
00000000
00000000
00000000
00000000
00000000
00000000
00000000
00000000
00000000
00000000
00000000
00000000
00000000
00000000
00000000
00000000
00000000
00000000
00000000
00000000
00000000
00000000
00000000
00000000
00000000
00000000
00000000
2B862111
CD75EC7D
0000C108
00000000
00000000
41100000
28C149B9
425007C9
00000000
00000000
00000000
00000000
00000000
00000000
00000000
00000000
00000000
00000000
00000000
00000000
00000000
00000000
00000000
00000000
00000000
00000000
00000000
00000000
00000000
00000000
00000000
00000000
00000000
00000000
00000000
00000000
00000000
00000000
00000000
00000000
00000000
00000000
00000000
00000000
00000000
00000000
00000000
00000000
00000000
00000000
2B860A75
AD7D0C7E
00000000
00000000
00000000
00000000
28C189A1
47B907C9
00004110
00000000
00000000
00000000
00000000
00000000
00000000
00000000
00000000
00000000
00000000
00000000
00000000
00000000
00000000
00000000
00000000
00000000
00000000
00000000
00000000
00000000
00000000
00000000
00000000
00000000
00000000
00000000
00000000
00000000
00000000
00000000
00000000
00000000
00000000
00000000
00000000
00000000
00000000
00000000
00000000
80080000
4B864B8E
C8532B86
00000000
00000000
00000000
00000000
49B92238
07C928C1
00002120
00000000
00000000
00000000
00000000
00000000
00000000
00000000
00000000
00000000
00000000
00000000
00000000
00000000
00000000
00000000
00000000
00000000
00000000
00000000
00000000
00000000
00000000
00000000
00000000
00000000
00000000
00000000
00000000
00000000
00000000
00000000
00000000
00000000
00000000
00000000
00000000
00000000
00000000
00000000
00000000
A43A0000
4A8E6A96
80082B86
00000000
00000000
00000000
00000000
69B10000
07C928C1
000006A1
00000000
00000000
00000000
00000000
00000000
00000000
00000000
00000000
00000000
00000000
00000000
00000000
00000000
00000000
00000000
00000000
00000000
00000000
00000000
00000000
00000000
00000000
00000000
00000000
00000000
00000000
00000000
00000000
00000000
00000000
00000000
00000000
00000000
00000000
00000000
00000000
00000000
00000000
00000000
00000000
6A9E6008
6A8E8996
00008C85
00000000
00000000
00000000
00000000
E5600000
27C148C1
012007C9
00000000
00000000
00000000
00000000
00000000
00000000
00000000
00000000
00000000
00000000
00000000
00000000
00000000
00000000
00000000
00000000
00000000
00000000
00000000
00000000
00000000
00000000
00000000
00000000
00000000
00000000
00000000
00000000
00000000
00000000
00000000
00000000
00000000
00000000
00000000
00000000
00000000
00000000
00000000
00000000
899EA221
6A968996
00004111
00000000
00000000
00000000
00000000
41100000
28C169B9
67A107C9
00000000
00000000
00000000
00000000
00000000
00000000
00000000
00000000
00000000
00000000
00000000
00000000
00000000
00000000
00000000
00000000
00000000
00000000
00000000
00000000
00000000
00000000
00000000
00000000
00000000
00000000
00000000
00000000
00000000
00000000
00000000
00000000
00000000
00000000
00000000
00000000
00000000
00000000
00000000
00000000
A99E8AA6
4C9E8996
00000000
00000000
00000000
00000000
00000000
00000000
28C10661
07C928C1
00002120
00000000
00000000
00000000
00000000
00000000
00000000
00000000
00000000
00000000
00000000
00000000
00000000
00000000
00000000
00000000
00000000
00000000
00000000
00000000
00000000
00000000
00000000
00000000
00000000
00000000
00000000
00000000
00000000
00000000
00000000
00000000
00000000
00000000
00000000
00000000
00000000
00000000
00000000
A1210000
A89EA8A6
6119899E
00000000
00000000
00000000
00000000
00000000
00000000
69B94118
07C928C1
000027A9
00000000
00000000
00000000
00000000
00000000
00000000
00000000
00000000
00000000
00000000
00000000
00000000
00000000
00000000
00000000
00000000
00000000
00000000
00000000
00000000
00000000
00000000
00000000
00000000
00000000
00000000
00000000
00000000
00000000
00000000
00000000
00000000
00000000
00000000
00000000
00000000
00000000
00000000
A9AE6008
A8A6C8A6
00004A9E
00000000
00000000
00000000
00000000
00000000
00000000
06690000
27C948C1
4248E6C8
00000000
00000000
00000000
00000000
00000000
00000000
00000000
00000000
00000000
00000000
00000000
00000000
00000000
00000000
00000000
00000000
00000000
00000000
00000000
00000000
00000000
00000000
00000000
00000000
00000000
00000000
00000000
00000000
00000000
00000000
00000000
00000000
00000000
00000000
00000000
00000000
00000000
00000000
C7AEA77C
A8A6C8A6
0000E010
00000000
00000000
00000000
00000000
00000000
00000000
41100000
28C189B1
26C107C9
00004110
00000000
00000000
00000000
00000000
00000000
00000000
00000000
00000000
00000000
00000000
00000000
00000000
00000000
00000000
00000000
00000000
00000000
00000000
00000000
00000000
00000000
00000000
00000000
00000000
00000000
00000000
00000000
00000000
00000000
00000000
00000000
00000000
00000000
00000000
00000000
00000000
80080000
E7AEE7B6
888DC8AE
00000000
00000000
00000000
00000000
00000000
00000000
00000000
00000000
48B96230
E6C807C9
0000E590
00000000
00000000
00000000
00000000
00000000
00000000
00000000
00000000
00000000
00000000
00000000
00000000
00000000
00000000
00000000
00000000
00000000
00000000
00000000
00000000
00000000
00000000
00000000
00000000
00000000
00000000
00000000
00000000
00000000
00000000
00000000
00000000
00000000
00000000
00000000
00000000
C9BE0000
E7AEE6B6
8008C8AE
00000000
00000000
00000000
00000000
00000000
00000000
00000000
00000000
A9A10000
07C928C1
4148E6C8
00000000
00000000
00000000
00000000
00000000
00000000
00000000
00000000
00000000
00000000
00000000
00000000
00000000
00000000
00000000
00000000
00000000
00000000
00000000
00000000
00000000
00000000
00000000
00000000
00000000
00000000
00000000
00000000
00000000
00000000
00000000
00000000
00000000
00000000
00000000
00000000
06BF847C
E7B6E6B6
00004353
00000000
00000000
00000000
00000000
00000000
00000000
00000000
00000000
41100000
07C968B9
E6C8E6C8
00002020
00000000
00000000
00000000
00000000
00000000
00000000
00000000
00000000
00000000
00000000
00000000
00000000
00000000
00000000
00000000
00000000
00000000
00000000
00000000
00000000
00000000
00000000
00000000
00000000
00000000
00000000
00000000
00000000
00000000
00000000
00000000
00000000
00000000
00000000
C1290000
06BF26C7
69AEE6BE
00000000
00000000
00000000
00000000
00000000
00000000
00000000
00000000
00000000
00000000
28C12130
E6D007C9
411005B9
00000000
00000000
00000000
00000000
00000000
00000000
00000000
00000000
00000000
00000000
00000000
00000000
00000000
00000000
00000000
00000000
00000000
00000000
00000000
00000000
00000000
00000000
00000000
00000000
00000000
00000000
00000000
00000000
00000000
00000000
00000000
00000000
00000000
00000000
26CF8008
05C725C7
8008E7BE
00000000
00000000
00000000
00000000
00000000
00000000
00000000
00000000
00000000
00000000
E5680000
E6C807C9
26A9C5D0
00004110
00000000
00000000
00000000
00000000
00000000
00000000
00000000
00000000
00000000
00000000
00000000
00000000
00000000
00000000
00000000
00000000
00000000
00000000
00000000
00000000
00000000
00000000
00000000
00000000
00000000
00000000
00000000
00000000
00000000
00000000
00000000
00000000
80080000
45CF27CF
26C725C7
0000C029
00000000
00000000
00000000
00000000
00000000
00000000
00000000
00000000
00000000
00000000
61100000
07C988A9
C5D8E6D0
6110C490
00000000
00000000
00000000
00000000
00000000
00000000
00000000
00000000
00000000
00000000
00000000
00000000
00000000
00000000
00000000
00000000
00000000
00000000
00000000
00000000
00000000
00000000
00000000
00000000
00000000
00000000
00000000
00000000
00000000
00000000
00000000
00000000
C7CE6008
44CF44D7
E78C25C7
00000000
00000000
00000000
00000000
00000000
00000000
00000000
00000000
00000000
00000000
00000000
00000000
47B14110
C5D0E6D0
A380A4D8
00000000
00000000
00000000
00000000
00000000
00000000
00000000
00000000
00000000
00000000
00000000
00000000
00000000
00000000
00000000
00000000
00000000
00000000
00000000
00000000
00000000
00000000
00000000
00000000
00000000
00000000
00000000
00000000
00000000
00000000
00000000
00000000
63D7A7CE
44CF64D7
0000E7AD
00000000
00000000
00000000
00000000
00000000
00000000
00000000
00000000
00000000
00000000
00000000
00000000
21180000
E6D027C1
A4D8C5D8
6110A388
00000000
00000000
00000000
00000000
00000000
00000000
00000000
00000000
00000000
00000000
00000000
00000000
00000000
00000000
00000000
00000000
00000000
00000000
00000000
00000000
00000000
00000000
00000000
00000000
00000000
00000000
00000000
00000000
00000000
00000000
C7CE6008
63DF83DF
E8CE63D7
00006008
00000000
00000000
00000000
00000000
00000000
00000000
00000000
00000000
00000000
00000000
00000000
00000000
00000000
06C12120
A4D8C5D0
A3A083E0
00004110
00000000
00000000
00000000
00000000
00000000
00000000
00000000
00000000
00000000
00000000
00000000
00000000
00000000
00000000
00000000
00000000
00000000
00000000
00000000
00000000
00000000
00000000
00000000
00000000
00000000
00000000
00000000
00000000
80080000
82E706DF
83DF83E7
600827D7
00000000
00000000
00000000
00000000
00000000
00000000
00000000
00000000
00000000
00000000
00000000
00000000
00000000
00000000
00280000
A5D806C9
83E0A4E0
4118E4B8
00000000
00000000
00000000
00000000
00000000
00000000
00000000
00000000
00000000
00000000
00000000
00000000
00000000
00000000
00000000
00000000
00000000
00000000
00000000
00000000
00000000
00000000
00000000
00000000
00000000
00000000
00000000
00000000
A4EF8010
A2E7A1EF
27DF82E7
00008008
00000000
00000000
00000000
00000000
00000000
00000000
00000000
00000000
00000000
00000000
00000000
00000000
00000000
00000000
00000000
06C12120
83E0A4D8
83D863E8
00000028
00000000
00000000
00000000
00000000
00000000
00000000
00000000
00000000
00000000
00000000
00000000
00000000
00000000
00000000
00000000
00000000
00000000
00000000
00000000
00000000
00000000
00000000
00000000
00000000
00000000
00000000
E0390000
C1F7C2F7
A2EFA1EF
600847DF
00000000
00000000
00000000
00000000
00000000
00000000
00000000
00000000
00000000
00000000
00000000
00000000
00000000
00000000
00000000
00000000
21180000
A4E0E5C0
42E863E0
206041E8
00000000
00000000
00000000
00000000
00000000
00000000
00000000
00000000
00000000
00000000
00000000
00000000
00000000
00000000
00000000
00000000
00000000
00000000
00000000
00000000
00000000
00000000
00000000
00000000
00000000
60080000
E1FF02A5
C1F7E0FF
46C6C1EF
00006008
00000000
00000000
00000000
00000000
00000000
00000000
00000000
00000000
00000000
00000000
00000000
00000000
00000000
00000000
00000000
00000000
00000000
05B14118
62E883E0
21F042F0
411862B8
00000000
00000000
00000000
00000000
00000000
00000000
00000000
00000000
00000000
00000000
00000000
00000000
00000000
00000000
00000000
00000000
00000000
00000000
00000000
00000000
00000000
00000000
00000000
00000000
A5FF8010
E0FFE0FF
C1F7E0FF
600865AD
00000000
00000000
00000000
00000000
00000000
00000000
00000000
00000000
00000000
00000000
00000000
00000000
00000000
00000000
00000000
00000000
00000000
00000000
61100000
83E06268
21F042E8
40F000F8
41102070
00000000
00000000
00000000
00000000
00000000
00000000
00000000
00000000
00000000
00000000
00000000
00000000
00000000
00000000
00000000
00000000
00000000
00000000
00000000
00000000
00000000
00000000
24AD6008
C0FFA0FF
E0FFE0FF
003AE2FF
00000000
00000000
00000000
00000000
00000000
00000000
00000000
00000000
00000000
00000000
00000000
00000000
00000000
00000000
00000000
00000000
00000000
00000000
00000000
00000000
00380000
41F0A3D0
00F821F8
C2D820F8
00000038
00000000
00000000
00000000
00000000
00000000
00000000
00000000
00000000
00000000
00000000
00000000
00000000
00000000
00000000
00000000
00000000
00000000
00000000
00000000
00000000
C0396008
80FF63FF
C0FFA0FF
44EFC0FF
00008010
00000000
00000000
00000000
00000000
00000000
00000000
00000000
00000000
00000000
00000000
00000000
00000000
00000000
00000000
00000000
00000000
00000000
00000000
00000000
00000000
00000000
A3A84110
00F841F0
40F820F8
22D980F8
61100030
00000000
00000000
00000000
00000000
00000000
00000000
00000000
00000000
00000000
00000000
00000000
00000000
00000000
00000000
00000000
00000000
00000000
00000000
A0396008
60FF23F7
80FF80FF
A1FFA0FF
0000C07B
00000000
00000000
00000000
00000000
00000000
00000000
00000000
00000000
00000000
00000000
00000000
00000000
00000000
00000000
00000000
00000000
00000000
00000000
00000000
00000000
00000000
00000000
00000000
82D82030
20F800F8
A0F860F8
62E1E0F8
40106048
00000000
00000000
00000000
00000000
00000000
00000000
00000000
00000000
00000000
00000000
00000000
00000000
00000000
00000000
00000000
00000000
C2626010
20FF02FF
60FF40FF
80FF60FF
801063D6
00000000
00000000
00000000
00000000
00000000
00000000
00000000
00000000
00000000
00000000
00000000
00000000
00000000
00000000
00000000
00000000
00000000
00000000
00000000
00000000
00000000
00000000
00000000
00000000
41100000
40F04168
80F840F8
00F9C0F8
A1E920F9
40280099
00006110
00000000
00000000
00000000
00000000
00000000
00000000
00000000
00000000
00000000
00000000
00000000
00000000
00000000
62C50029
00FFE2FE
20FF00FF
40FF40FF
002923F7
00000000
00000000
00000000
00000000
00000000
00000000
00000000
00000000
00000000
00000000
00000000
00000000
00000000
00000000
00000000
00000000
00000000
00000000
00000000
00000000
00000000
00000000
00000000
00000000
00000000
00000000
21180000
A1E82060
E0F8A0F8
40F920F9
C0F980F9
03BA22EA
40102038
00000000
00000000
00000000
00000000
00000000
00000000
00000000
00000000
00000000
00000000
60396010
A3FEC5D5
C0FEC0FE
E0FEE0FE
20FF00FF
603124F7
00006008
00000000
00000000
00000000
00000000
00000000
00000000
00000000
00000000
00000000
00000000
00000000
00000000
00000000
00000000
00000000
00000000
00000000
00000000
00000000
00000000
00000000
00000000
00000000
00000000
00000000
00000000
00000000
41100000
22D94068
20F900F9
A0F960F9
20FAE0F9
80FA40FA
82B203E3
A0408171
40182020
00006010
00000000
00000000
60100000
60186010
42838049
43F644CD
80FE60FE
A0FE80FE
C0FEA0FE
E0FEE0FE
603165E6
00000000
00000000
00000000
00000000
00000000
00000000
00000000
00000000
00000000
00000000
00000000
00000000
00000000
00000000
00000000
00000000
00000000
00000000
00000000
00000000
00000000
00000000
00000000
00000000
00000000
00000000
00000000
00000000
00000000
00000000
00000000
42B90030
80F981E9
00FAC0F9
60FA20FA
E0FAA0FA
40FB00FB
C0FB80FB
20FC00FC
C2F481FC
21FDE2FC
80FD40FD
E0FDC0FD
20FE00FE
40FE20FE
60FE60FE
A0FE80FE
A4F6A0FE
601082A4
00000000
00000000
00000000
00000000
00000000
00000000
00000000
00000000
00000000
00000000
00000000
00000000
00000000
00000000
00000000
00000000
00000000
00000000
00000000
00000000
00000000
00000000
00000000
00000000
00000000
00000000
00000000
00000000
00000000
00000000
00000000
00000000
00000000
40384110
01EA21A1
40FA20F2
C0FA80FA
40FB00FB
A0FB60FB
20FCE0FB
80FC40FC
E0FCC0FC
60FD20FD
E0FDA0FD
20FE00FE
40FE20FE
61FE40FE
418364F6
0000C018
00000000
00000000
00000000
00000000
00000000
00000000
00000000
00000000
00000000
00000000
00000000
00000000
00000000
00000000
00000000
00000000
00000000
00000000
00000000
00000000
00000000
00000000
00000000
00000000
00000000
00000000
00000000
00000000
00000000
00000000
00000000
00000000
00000000
00000000
00000000
41100000
80404018
81D2C391
21FB01F3
80FB60FB
00FCC0FB
60FC20FC
E0FCA0FC
40FD20FD
C1FD80FD
02FEE1FD
848B22CD
6010C020
00000000
00000000
00000000
00000000
00000000
00000000
00000000
00000000
00000000
00000000
00000000
00000000
00000000
00000000
00000000
00000000
00000000
00000000
00000000
00000000
00000000
00000000
00000000
00000000
00000000
00000000
00000000
00000000
00000000
00000000
00000000
00000000
00000000
00000000
00000000
00000000
00000000
00000000
00000000
00000000
40186110
20204018
C0382020
A0612049
4049A059
6018C030
60106018
00006010
00000000
00000000
00000000
00000000
00000000
00000000
00000000
00000000
00000000
00000000
00000000
00000000
00000000
00000000
00000000
00000000
00000000
00000000
00000000
00000000
00000000
00000000
00000000
00000000
00000000
00000000
00000000
00000000
00000000
00000000
00000000
00000000
00000000
00000000
00000000
00000000
00000000
00000000
00000000
00000000
00000000
00000000
00000000
00000000
00000000
00000000
00000000
00000000
00000000
00000000
00000000
00000000
00000000
00000000
00000000
00000000
00000000
00000000
00000000
00000000
00000000
00000000
00000000
00000000
00000000
00000000
00000000
00000000
00000000
00000000
00000000
808E7885
00000000
00000000
00000000
00000000
00000000
00000000
00000000
00000000
00000000
00000000
00000000
0001B67C
0001C124
0001C504
00000000
10010000
0000F176
00000062
0000168D
00001647
00000010
00000000
20000030
00000000
00020050
00000000
00000000
00000000
00000000
00000000
00000000
00000002
00000000
00000000
00000000
00000000
00000000
00000000
00000000
00000000
00000000
4801B403
BD019001
000022E9
6841480E
60411C49
B5104770
2001490B
F0007048
BD10F815
20000102
E0064907
2B01784B
BF00D006
BF00BF00
42901C40
4770D3F6
70482000
00004770
20000008
2007B508
490C0400
61489000
B570BD08
4605460C
21012203
F7FF2000
4808FFCB
60414906
4A04B672
60906055
200760D4
B6626010
0000BD70
40006000
00010F9B
4001B000
47706800
47706001
20000101
BF00E003
BF00BF00
42881C40
4770D3F9
